EVENT_ID,EVENT_LAT,EVENT_LON,EVENT_TIME,wrfout_path,time_start,time_end,lat_min,lat_max,lon_min,lon_max,simulation_time_start,n_timesteps,SKELET,WALL_TIME
DN101223_01,-31.77224,128.77586,2010-12-23T13:35:54,/mnt/L2_plus/events_trello/DN101223_01/WRF/wrfout_d04_2010-12-22_12:00:00,2010-12-22_12:00:00,2010-12-23_14:00:00,-33.225887298583984,-30.77144432067871,127.03384399414062,129.96270751953125,2010-12-22_12:00:00,79,,
DN101223_01,-31.77224,128.77586,2010-12-23T13:35:54,/mnt/L2_plus/events_trello/DN101223_01/WRF/wrfout_d04_2010-12-22_18:00:00,2010-12-22_18:00:00,2010-12-23_14:00:00,-33.225887298583984,-30.77144432067871,127.03384399414062,129.96270751953125,2010-12-22_18:00:00,61,,
DN101223_01,-31.77224,128.77586,2010-12-23T13:35:54,/mnt/L2_plus/events_trello/DN101223_01/WRF/wrfout_d04_2010-12-23_00:00:00,2010-12-23_00:00:00,2010-12-23_14:00:00,-33.225887298583984,-30.77144432067871,127.03384399414062,129.96270751953125,2010-12-23_00:00:00,43,,
DN101223_01,-31.77224,128.77586,2010-12-23T13:35:54,/mnt/L2_plus/events_trello/DN101223_01/WRF/wrfout_d04_2010-12-23_06:00:00,2010-12-23_06:00:00,2010-12-23_14:00:00,-33.225887298583984,-30.77144432067871,127.03384399414062,129.96270751953125,2010-12-23_06:00:00,25,,
DN101223_01,-31.77224,128.77586,2010-12-23T13:35:54,/mnt/L2_plus/events_trello/DN101223_01/WRF/wrfout_d04_2010-12-23_12:00:00,2010-12-23_12:00:00,2010-12-23_14:00:00,-33.225887298583984,-30.77144432067871,127.03384399414062,129.96270751953125,2010-12-23_12:00:00,7,,
DN130505_01,-30.12050,127.99997,2013-05-05T12:26:50,/mnt/L2_plus/events_trello/DN130505_01/WRF/wrfout_d04_2013-05-04_18:00:00,2013-05-04_18:00:00,2013-05-05_13:00:00,-31.564777374267578,-29.019548416137695,126.30020141601562,129.28549194335938,2013-05-04_18:00:00,39,,
DN130505_01,-30.12050,127.99997,2013-05-05T12:26:50,/mnt/L2_plus/events_trello/DN130505_01/WRF/wrfout_d04_2013-05-05_00:00:00,2013-05-05_00:00:00,2013-05-05_13:00:00,-31.564777374267578,-29.019548416137695,126.30020141601562,129.28549194335938,2013-05-05_00:00:00,27,,
DN130505_01,-30.12050,127.99997,2013-05-05T12:26:50,/mnt/L2_plus/events_trello/DN130505_01/WRF/wrfout_d04_2013-05-05_06:00:00,2013-05-05_06:00:00,2013-05-05_13:00:00,-31.564777374267578,-29.019548416137695,126.30020141601562,129.28549194335938,2013-05-05_06:00:00,15,,
DN130505_01,-30.12050,127.99997,2013-05-05T12:26:50,/mnt/L2_plus/events_trello/DN130505_01/WRF/wrfout_d04_2013-05-05_12:00:00,2013-05-05_12:00:00,2013-05-05_13:00:00,-31.564777374267578,-29.019548416137695,126.30020141601562,129.28549194335938,2013-05-05_12:00:00,3,,
DN140921_01,-31.112900255233725,135.65643291708355,2014-09-21T13:11:42,/mnt/L2_plus/events_trello/DN140921_01/WRF/wrfout_d04_2014-09-21_00:00:00,2014-09-21_00:00:00,2014-09-22_00:00:00,-32.554019927978516,-30.106121063232422,133.93435668945312,136.8341064453125,2014-09-21_00:00:00,49,,
DN141125_01,-31.010576023115004,134.54164594692654,2014-11-25T15:21:15,/mnt/L2_plus/events_trello/DN141125_01/WRF/wrfout_d04_2014-11-25_00:00:00,2014-11-25_00:00:00,2014-11-25_16:00:00,-32.460025787353516,-30.013080596923828,132.81939697265625,135.71511840820312,2014-11-25_00:00:00,97,,
DN141125_01,-31.010576023115004,134.54164594692654,2014-11-25T15:21:15,/mnt/L2_plus/events_trello/DN141125_01/WRF/wrfout_d04_2014-11-25_06:00:00,2014-11-25_06:00:00,2014-11-25_16:00:00,-32.460025787353516,-30.013080596923828,132.81939697265625,135.71511840820312,2014-11-25_06:00:00,61,,
DN141125_01,-31.010576023115004,134.54164594692654,2014-11-25T15:21:15,/mnt/L2_plus/events_trello/DN141125_01/WRF/wrfout_d04_2014-11-25_12:00:00,2014-11-25_12:00:00,2014-11-25_16:00:00,-32.460025787353516,-30.013080596923828,132.81939697265625,135.71511840820312,2014-11-25_12:00:00,25,,
DN141129_01,-29.274569800261958,116.72387967431142,2014-11-29T14:31:33,/mnt/L2_plus/events_trello/DN141129_01/WRF/wrfout_d04_2014-11-29_00:00:00,2014-11-29_00:00:00,2014-11-30_00:00:00,-30.71880340576172,-28.2901611328125,115.03347778320312,117.85623168945312,2014-11-29_00:00:00,49,,
DN150102_01,-31.464563449173056,140.00361609333874,2015-01-02T13:39:11,/mnt/L2_plus/events_trello/DN150102_01/WRF/wrfout_d03_2015-01-01_12:00:00,2015-01-01_12:00:00,2015-01-02_18:00:00,-33.11793518066406,-30.191436767578125,138.10345458984375,141.59271240234375,2015-01-01_12:00:00,91,/software/projects/pawsey0851/mcu/WRF/run/skelet_4.4.2_setonix_large_27_levels,
DN150102_01,-31.464563449173056,140.00361609333874,2015-01-02T13:39:11,/mnt/L2_plus/events_trello/DN150102_01/WRF/wrfout_d03_2015-01-01_18:00:00,2015-01-01_18:00:00,2015-01-02_18:00:00,-33.11793518066406,-30.191436767578125,138.10345458984375,141.59271240234375,2015-01-01_18:00:00,73,/software/projects/pawsey0851/mcu/WRF/run/skelet_4.4.2_setonix_large_27_levels,
DN150102_01,-31.464563449173056,140.00361609333874,2015-01-02T13:39:11,/mnt/L2_plus/events_trello/DN150102_01/WRF/wrfout_d03_2015-01-02_00:00:00,2015-01-02_00:00:00,2015-01-02_18:00:00,-33.11793518066406,-30.191436767578125,138.10345458984375,141.59271240234375,2015-01-02_00:00:00,55,/software/projects/pawsey0851/mcu/WRF/run/skelet_4.4.2_setonix_large_27_levels,
DN150102_01,-31.464563449173056,140.00361609333874,2015-01-02T13:39:11,/mnt/L2_plus/events_trello/DN150102_01/WRF/wrfout_d03_2015-01-02_06:00:00,2015-01-02_06:00:00,2015-01-02_18:00:00,-33.11793518066406,-30.191436767578125,138.10345458984375,141.59271240234375,2015-01-02_06:00:00,37,/software/projects/pawsey0851/mcu/WRF/run/skelet_4.4.2_setonix_large_27_levels,
DN150102_01,-31.464563449173056,140.00361609333874,2015-01-02T13:39:11,/mnt/L2_plus/events_trello/DN150102_01/WRF/wrfout_d03_2015-01-02_12:00:00,2015-01-02_12:00:00,2015-01-02_18:00:00,-33.11793518066406,-30.191436767578125,138.10345458984375,141.59271240234375,2015-01-02_12:00:00,19,/software/projects/pawsey0851/mcu/WRF/run/skelet_4.4.2_setonix_large_27_levels,
DN150102_01,-31.464563449173056,140.00361609333874,2015-01-02T13:39:11,/mnt/L2_plus/events_trello/DN150102_01/WRF/wrfout_d04_2015-01-02_12:00:00,2015-01-02_12:00:00,2015-01-02_18:00:00,-32.908592224121094,-30.45722198486328,138.3587646484375,141.27386474609375,2015-01-02_12:00:00,19,/software/projects/pawsey0851/mcu/WRF/run/skelet_4.4.2_setonix_large_27_levels,
DN150123_03,-29.0093065,134.729782,2015-01-23T11:48:13,/mnt/L2_plus/events_trello/DN150123_03/WRF/wrfout_d04_2015-01-22_12:00:00,2015-01-22_12:00:00,2015-01-23_12:15:00,-30.71709632873535,-27.643735885620117,132.74395751953125,136.30145263671875,2015-01-22_12:00:00,98,/software/projects/pawsey0851/mcu/WRF/run/skelet_4.4.2_setonix_large_27_levels,
DN150123_03,-29.0093065,134.729782,2015-01-23T11:48:13,/mnt/L2_plus/events_trello/DN150123_03/WRF/wrfout_d04_2015-01-22_18:00:00,2015-01-22_18:00:00,2015-01-23_12:15:00,-30.71709632873535,-27.643735885620117,132.74395751953125,136.30145263671875,2015-01-22_18:00:00,74,/software/projects/pawsey0851/mcu/WRF/run/skelet_4.4.2_setonix_large_27_levels,
DN150123_03,-29.0093065,134.729782,2015-01-23T11:48:13,/mnt/L2_plus/events_trello/DN150123_03/WRF/wrfout_d04_2015-01-23_00:00:00,2015-01-23_00:00:00,2015-01-23_12:15:00,-30.71709632873535,-27.643735885620117,132.74395751953125,136.30145263671875,2015-01-23_00:00:00,50,/software/projects/pawsey0851/mcu/WRF/run/skelet_4.4.2_setonix_large_27_levels,
DN150123_03,-29.0093065,134.729782,2015-01-23T11:48:13,/mnt/L2_plus/events_trello/DN150123_03/WRF/wrfout_d04_2015-01-23_06:00:00,2015-01-23_06:00:00,2015-01-23_12:15:00,-30.71709632873535,-27.643735885620117,132.74395751953125,136.30145263671875,2015-01-23_06:00:00,26,/software/projects/pawsey0851/mcu/WRF/run/skelet_4.4.2_setonix_large_27_levels,
DN150314_03,-29.84828179649426,134.87398092173532,2015-03-14T15:09:32,/mnt/L2_plus/events_trello/DN150314_03/WRF/wrfout_d04_2015-03-14_06:00:00,2015-03-14_06:00:00,2015-03-14_10:50:00,-31.29078483581543,-28.855937957763672,133.18060302734375,136.0269775390625,2015-03-14_06:00:00,30,,
DN150314_03,-29.84828179649426,134.87398092173532,2015-03-14T15:09:32,/mnt/L2_plus/events_trello/DN150314_03/WRF/wrfout_d04_2015-03-14_12:00:00,2015-03-14_12:00:00,2015-03-14_16:00:00,-31.29078483581543,-28.855937957763672,133.18060302734375,136.0269775390625,2015-03-14_12:00:00,25,,
DN150331_01,-30.449476389012233,136.35459386433314,2015-03-31T18:01:09,/mnt/L2_plus/events_trello/DN150331_01/WRF/wrfout_d03_2015-03-31_00:00:00,2015-03-31_00:00:00,2015-04-01_00:00:00,-32.10655975341797,-29.19220733642578,134.39190673828125,137.82928466796875,2015-03-31_00:00:00,49,,
DN150331_01,-30.449476389012233,136.35459386433314,2015-03-31T18:01:09,/mnt/L2_plus/events_trello/DN150331_01/WRF/wrfout_d03_2015-03-31_06:00:00,2015-03-31_06:00:00,2015-04-01_00:00:00,-32.10655975341797,-29.19220733642578,134.39190673828125,137.82928466796875,2015-03-31_06:00:00,37,,
DN150331_01,-30.449476389012233,136.35459386433314,2015-03-31T18:01:09,/mnt/L2_plus/events_trello/DN150331_01/WRF/wrfout_d03_2015-03-31_12:00:00,2015-03-31_12:00:00,2015-04-01_00:00:00,-32.10655975341797,-29.19220733642578,134.39190673828125,137.82928466796875,2015-03-31_12:00:00,25,,
DN150331_01,-30.449476389012233,136.35459386433314,2015-03-31T18:01:09,/mnt/L2_plus/events_trello/DN150331_01/WRF/wrfout_d03_2015-03-31_18:00:00,2015-03-31_18:00:00,2015-03-31_21:00:00,-32.10655975341797,-29.19220733642578,134.39190673828125,137.82928466796875,2015-03-31_18:00:00,7,,
DN150331_01,-30.449476389012233,136.35459386433314,2015-03-31T18:01:09,/mnt/L2_plus/events_trello/DN150331_01/WRF/wrfout_d04_2015-03-31_00:00:00,2015-03-31_00:00:00,2015-04-01_00:00:00,-31.897987365722656,-29.456756591796875,134.64337158203125,137.51519775390625,2015-03-31_00:00:00,49,,
DN150413_01,-30.63572140454081,128.25048726068576,2015-04-13T10:40:29,/mnt/L2_plus/events_trello/DN150413_01/WRF/wrfout_d03_2015-04-12_12:00:00,2015-04-12_12:00:00,2015-04-13_12:00:00,-32.27290344238281,-29.356494903564453,126.32070922851562,129.76651000976562,2015-04-12_12:00:00,49,/software/projects/pawsey0851/mcu/WRF/run/skelet_4.4.2_setonix_large_27_levels,
DN150413_01,-30.63572140454081,128.25048726068576,2015-04-13T10:40:29,/mnt/L2_plus/events_trello/DN150413_01/WRF/wrfout_d03_2015-04-12_18:00:00,2015-04-12_18:00:00,2015-04-13_12:00:00,-32.27290344238281,-29.356494903564453,126.32070922851562,129.76651000976562,2015-04-12_18:00:00,73,/software/projects/pawsey0851/mcu/WRF/run/skelet_4.4.2_setonix_large_27_levels,
DN150413_01,-30.63572140454081,128.25048726068576,2015-04-13T10:40:29,/mnt/L2_plus/events_trello/DN150413_01/WRF/wrfout_d03_2015-04-13_00:00:00,2015-04-13_00:00:00,2015-04-13_12:00:00,-32.27290344238281,-29.356494903564453,126.32070922851562,129.76651000976562,2015-04-13_00:00:00,25,/software/projects/pawsey0851/mcu/WRF/run/skelet_4.4.2_setonix_large_27_levels,
DN150413_01,-30.63572140454081,128.25048726068576,2015-04-13T10:40:29,/mnt/L2_plus/events_trello/DN150413_01/WRF/wrfout_d03_2015-04-13_06:00:00,2015-04-13_06:00:00,2015-04-13_12:00:00,-32.27290344238281,-29.356494903564453,126.32070922851562,129.76651000976562,2015-04-13_06:00:00,25,/software/projects/pawsey0851/mcu/WRF/run/skelet_4.4.2_setonix_large_27_levels,
DN150413_01,-30.63572140454081,128.25048726068576,2015-04-13T10:40:29,/mnt/L2_plus/events_trello/DN150413_01/WRF/wrfout_d04_2015-04-12_12:00:00,2015-04-12_12:00:00,2015-04-13_11:00:00,-32.3434944152832,-29.26919174194336,126.22982788085938,129.8497314453125,2015-04-12_12:00:00,93,/software/projects/pawsey0851/mcu/WRF/run/skelet_4.4.2_setonix_large_27_levels,
DN150413_01,-30.63572140454081,128.25048726068576,2015-04-13T10:40:29,/mnt/L2_plus/events_trello/DN150413_01/WRF/wrfout_d04_2015-04-12_18:00:00,2015-04-12_18:00:00,2015-04-13_11:00:00,-32.3434944152832,-29.26919174194336,126.22982788085938,129.8497314453125,2015-04-12_18:00:00,69,/software/projects/pawsey0851/mcu/WRF/run/skelet_4.4.2_setonix_large_27_levels,
DN150413_01,-30.63572140454081,128.25048726068576,2015-04-13T10:40:29,/mnt/L2_plus/events_trello/DN150413_01/WRF/wrfout_d04_2015-04-13_00:00:00,2015-04-13_00:00:00,2015-04-13_11:00:00,-32.3434944152832,-29.26919174194336,126.22982788085938,129.8497314453125,2015-04-13_00:00:00,45,/software/projects/pawsey0851/mcu/WRF/run/skelet_4.4.2_setonix_large_27_levels,
DN150413_01,-30.63572140454081,128.25048726068576,2015-04-13T10:40:29,/mnt/L2_plus/events_trello/DN150413_01/WRF/wrfout_d04_2015-04-13_06:00:00,2015-04-13_06:00:00,2015-04-13_11:00:00,-32.3434944152832,-29.26919174194336,126.22982788085938,129.8497314453125,2015-04-13_06:00:00,21,/software/projects/pawsey0851/mcu/WRF/run/skelet_4.4.2_setonix_large_27_levels,
DN150417_01,-30.577426247258,128.24189300227528,2015-04-17T20:04:04,/mnt/L2_plus/events_trello/DN150417_01/WRF/wrfout_d03_2015-04-17_00:00:00,2015-04-17_00:00:00,2015-04-18_00:00:00,-32.23328399658203,-29.317363739013672,126.27630615234375,129.7200927734375,2015-04-17_00:00:00,49,,
DN150418_07,-31.65681984600408,138.06355558367557,2015-04-18T09:48:01,/mnt/L2_plus/events_trello/DN150418_07/WRF/wrfout_d04_2015-04-17_12:00:00,2015-04-17_12:00:00,2015-04-18_10:15:00,-33.36464309692383,-30.289703369140625,136.01947021484375,139.681396484375,2015-04-17_12:00:00,90,/software/projects/pawsey0851/mcu/WRF/run/skelet_4.4.2_setonix_large_27_levels,
DN150418_07,-31.65681984600408,138.06355558367557,2015-04-18T09:48:01,/mnt/L2_plus/events_trello/DN150418_07/WRF/wrfout_d04_2015-04-17_18:00:00,2015-04-17_18:00:00,2015-04-18_10:15:00,-33.36464309692383,-30.289703369140625,136.01947021484375,139.681396484375,2015-04-17_18:00:00,66,/software/projects/pawsey0851/mcu/WRF/run/skelet_4.4.2_setonix_large_27_levels,
DN150418_07,-31.65681984600408,138.06355558367557,2015-04-18T09:48:01,/mnt/L2_plus/events_trello/DN150418_07/WRF/wrfout_d04_2015-04-18_00:00:00,2015-04-18_00:00:00,2015-04-18_10:15:00,-33.36464309692383,-30.289703369140625,136.01947021484375,139.681396484375,2015-04-18_00:00:00,42,/software/projects/pawsey0851/mcu/WRF/run/skelet_4.4.2_setonix_large_27_levels,
DN150418_07,-31.65681984600408,138.06355558367557,2015-04-18T09:48:01,/mnt/L2_plus/events_trello/DN150418_07/WRF/wrfout_d04_2015-04-18_06:00:00,2015-04-18_06:00:00,2015-04-18_10:15:00,-33.36464309692383,-30.289703369140625,136.01947021484375,139.681396484375,2015-04-18_06:00:00,18,/software/projects/pawsey0851/mcu/WRF/run/skelet_4.4.2_setonix_large_27_levels,
DN150503_01,-27.697363582024664,136.4526063514515,2015-05-03T15:04:43,/mnt/L2_plus/events_trello/DN150503_01/WRF/wrfout_d04_2015-05-02_18:00:00,2015-05-02_18:00:00,2015-05-03_15:30:00,-29.405174255371094,-26.332538604736328,134.49295043945312,138.00360107421875,2015-05-02_18:00:00,87,,
DN150503_01,-27.697363582024664,136.4526063514515,2015-05-03T15:04:43,/mnt/L2_plus/events_trello/DN150503_01/WRF/wrfout_d04_2015-05-03_00:00:00,2015-05-03_00:00:00,2015-05-03_15:30:00,-29.405174255371094,-26.332538604736328,134.49295043945312,138.00360107421875,2015-05-03_00:00:00,63,,
DN150503_01,-27.697363582024664,136.4526063514515,2015-05-03T15:04:43,/mnt/L2_plus/events_trello/DN150503_01/WRF/wrfout_d04_2015-05-03_06:00:00,2015-05-03_06:00:00,2015-05-03_15:30:00,-29.405174255371094,-26.332538604736328,134.49295043945312,138.00360107421875,2015-05-03_06:00:00,39,,
DN150503_01,-27.697363582024664,136.4526063514515,2015-05-03T15:04:43,/mnt/L2_plus/events_trello/DN150503_01/WRF/wrfout_d04_2015-05-03_12:00:00,2015-05-03_12:00:00,2015-05-03_15:30:00,-29.405174255371094,-26.332538604736328,134.49295043945312,138.00360107421875,2015-05-03_12:00:00,15,,
DN150621_03,-28.24001011421792,135.4509557437155,2015-06-21T13:05:34,/mnt/L2_plus/events_trello/DN150621_03/WRF/wrfout_d03_2015-06-20_18:00:00,2015-06-20_18:00:00,2015-06-21_18:00:00,-29.887378692626953,-27.00214385986328,133.53082275390625,136.85882568359375,2015-06-20_18:00:00,49,,
DN150621_03,-28.24001011421792,135.4509557437155,2015-06-21T13:05:34,/mnt/L2_plus/events_trello/DN150621_03/WRF/wrfout_d03_2015-06-21_00:00:00,2015-06-21_00:00:00,2015-06-21_18:00:00,-29.887378692626953,-27.00214385986328,133.53082275390625,136.85882568359375,2015-06-21_00:00:00,37,,
DN150621_03,-28.24001011421792,135.4509557437155,2015-06-21T13:05:34,/mnt/L2_plus/events_trello/DN150621_03/WRF/wrfout_d03_2015-06-21_06:00:00,2015-06-21_06:00:00,2015-06-21_18:00:00,-29.887378692626953,-27.00214385986328,133.53082275390625,136.85882568359375,2015-06-21_06:00:00,25,,
DN150621_03,-28.24001011421792,135.4509557437155,2015-06-21T13:05:34,/mnt/L2_plus/events_trello/DN150621_03/WRF/wrfout_d03_2015-06-21_12:00:00,2015-06-21_12:00:00,2015-06-21_15:00:00,-29.887378692626953,-27.00214385986328,133.53082275390625,136.85882568359375,2015-06-21_12:00:00,7,,
DN150704_03,-30.533557223166152,132.5663649876837,2015-07-04T09:27:07,/mnt/L2_plus/events_trello/DN150704_03/WRF/wrfout_d04_2015-07-04_00:00:00,2015-07-04_00:00:00,2015-07-04_12:00:00,-31.98043441772461,-29.53835678100586,130.85479736328125,133.7301025390625,2015-07-04_00:00:00,25,,
DN150705_01,-31.422830287221135,124.09005479536128,2015-07-05T14:01:49,/mnt/L2_plus/events_trello/DN150705_01/WRF/wrfout_d04_2015-07-04_18:00:00,2015-07-04_18:00:00,2015-07-05_14:30:00,-33.13062286376953,-30.055837631225586,122.051513671875,125.70355224609375,2015-07-04_18:00:00,83,/software/projects/pawsey0851/mcu/WRF/run/skelet_4.4.2_setonix_large_27_levels,
DN150705_01,-31.422830287221135,124.09005479536128,2015-07-05T14:01:49,/mnt/L2_plus/events_trello/DN150705_01/WRF/wrfout_d04_2015-07-05_00:00:00,2015-07-05_00:00:00,2015-07-05_14:30:00,-33.13062286376953,-30.055837631225586,122.051513671875,125.70355224609375,2015-07-05_00:00:00,59,/software/projects/pawsey0851/mcu/WRF/run/skelet_4.4.2_setonix_large_27_levels,
DN150705_01,-31.422830287221135,124.09005479536128,2015-07-05T14:01:49,/mnt/L2_plus/events_trello/DN150705_01/WRF/wrfout_d04_2015-07-05_06:00:00,2015-07-05_06:00:00,2015-07-05_14:30:00,-33.13062286376953,-30.055837631225586,122.051513671875,125.70355224609375,2015-07-05_06:00:00,35,/software/projects/pawsey0851/mcu/WRF/run/skelet_4.4.2_setonix_large_27_levels,
DN150705_01,-31.422830287221135,124.09005479536128,2015-07-05T14:01:49,/mnt/L2_plus/events_trello/DN150705_01/WRF/wrfout_d04_2015-07-05_12:00:00,2015-07-05_12:00:00,2015-07-05_14:30:00,-33.13062286376953,-30.055837631225586,122.051513671875,125.70355224609375,2015-07-05_12:00:00,11,/software/projects/pawsey0851/mcu/WRF/run/skelet_4.4.2_setonix_large_27_levels,
DN150714_02,-32.2547311034895,138.36948046414005,2015-07-14T13:23:10,/mnt/L2_plus/events_trello/DN150714_02/WRF/wrfout_d04_2015-07-13_18:00:00,2015-07-13_18:00:00,2015-07-14_13:45:00,-33.96257019042969,-30.887256622314453,136.31112670898438,139.99859619140625,2015-07-13_18:00:00,80,/software/projects/pawsey0851/mcu/WRF/run/skelet_4.4.2_setonix_large_27_levels,
DN150714_02,-32.2547311034895,138.36948046414005,2015-07-14T13:23:10,/mnt/L2_plus/events_trello/DN150714_02/WRF/wrfout_d04_2015-07-14_00:00:00,2015-07-14_00:00:00,2015-07-14_13:45:00,-33.96257019042969,-30.887256622314453,136.31112670898438,139.99859619140625,2015-07-14_00:00:00,56,/software/projects/pawsey0851/mcu/WRF/run/skelet_4.4.2_setonix_large_27_levels,
DN150714_02,-32.2547311034895,138.36948046414005,2015-07-14T13:23:10,/mnt/L2_plus/events_trello/DN150714_02/WRF/wrfout_d04_2015-07-14_06:00:00,2015-07-14_06:00:00,2015-07-14_13:45:00,-33.96257019042969,-30.887256622314453,136.31112670898438,139.99859619140625,2015-07-14_06:00:00,32,/software/projects/pawsey0851/mcu/WRF/run/skelet_4.4.2_setonix_large_27_levels,
DN150714_02,-32.2547311034895,138.36948046414005,2015-07-14T13:23:10,/mnt/L2_plus/events_trello/DN150714_02/WRF/wrfout_d04_2015-07-14_12:00:00,2015-07-14_12:00:00,2015-07-14_13:45:00,-33.96257019042969,-30.887256622314453,136.31112670898438,139.99859619140625,2015-07-14_12:00:00,8,/software/projects/pawsey0851/mcu/WRF/run/skelet_4.4.2_setonix_large_27_levels,
DN150905_01,-30.99187463935113,124.47094406330977,2015-09-05T14:10:18,/mnt/L2_plus/events_trello/DN150905_01/WRF/wrfout_d03_2015-09-04_18:00:00,2015-09-04_18:00:00,2015-09-05_18:00:00,-32.64981460571289,-29.728851318359375,122.50079345703125,125.96588134765625,2015-09-04_18:00:00,97,,
DN150905_01,-30.99187463935113,124.47094406330977,2015-09-05T14:10:18,/mnt/L2_plus/events_trello/DN150905_01/WRF/wrfout_d03_2015-09-05_00:00:00,2015-09-05_00:00:00,2015-09-05_18:00:00,-32.64981460571289,-29.728851318359375,122.50079345703125,125.96588134765625,2015-09-05_00:00:00,73,,
DN150905_01,-30.99187463935113,124.47094406330977,2015-09-05T14:10:18,/mnt/L2_plus/events_trello/DN150905_01/WRF/wrfout_d03_2015-09-05_06:00:00,2015-09-05_06:00:00,2015-09-05_18:00:00,-32.64981460571289,-29.728851318359375,122.50079345703125,125.96588134765625,2015-09-05_06:00:00,49,,
DN150905_01,-30.99187463935113,124.47094406330977,2015-09-05T14:10:18,/mnt/L2_plus/events_trello/DN150905_01/WRF/wrfout_d03_2015-09-05_12:00:00,2015-09-05_12:00:00,2015-09-05_18:00:00,-32.64981460571289,-29.728851318359375,122.50079345703125,125.96588134765625,2015-09-05_12:00:00,25,,
DN150915_02,-31.728016348960036,132.1357337185887,2015-09-15T17:58:31,/mnt/L2_plus/events_trello/DN150915_02/WRF/wrfout_d04_2015-09-14_12:00:00,2015-09-14_12:00:00,2015-09-15_18:00:00,-33.18141555786133,-30.72740936279297,130.39321899414062,133.32015991210938,2015-09-14_12:00:00,31,,
DN150915_02,-31.728016348960036,132.1357337185887,2015-09-15T17:58:31,/mnt/L2_plus/events_trello/DN150915_02/WRF/wrfout_d04_2015-09-14_18:00:00,2015-09-14_18:00:00,2015-09-15_18:00:00,-33.18141555786133,-30.72740936279297,130.39321899414062,133.32015991210938,2015-09-14_18:00:00,25,,
DN150915_02,-31.728016348960036,132.1357337185887,2015-09-15T17:58:31,/mnt/L2_plus/events_trello/DN150915_02/WRF/wrfout_d04_2015-09-15_00:00:00,2015-09-15_00:00:00,2015-09-15_18:00:00,-33.18141555786133,-30.72740936279297,130.39321899414062,133.32015991210938,2015-09-15_00:00:00,19,,
DN150915_02,-31.728016348960036,132.1357337185887,2015-09-15T17:58:31,/mnt/L2_plus/events_trello/DN150915_02/WRF/wrfout_d04_2015-09-15_06:00:00,2015-09-15_06:00:00,2015-09-15_18:00:00,-33.18141555786133,-30.72740936279297,130.39321899414062,133.32015991210938,2015-09-15_06:00:00,13,,
DN150915_02,-31.728016348960036,132.1357337185887,2015-09-15T17:58:31,/mnt/L2_plus/events_trello/DN150915_02/WRF/wrfout_d04_2015-09-15_12:00:00,2015-09-15_12:00:00,2015-09-15_19:00:00,-33.18141555786133,-30.72740936279297,130.39321899414062,133.32015991210938,2015-09-15_12:00:00,22,,
DN150915_02,-31.728016348960036,132.1357337185887,2015-09-15T17:58:31,/mnt/L2_plus/events_trello/DN150915_02/WRF/wrfout_d04_2015-09-15_18:00:00,2015-09-15_18:00:00,2015-09-15_19:00:00,-33.18141555786133,-30.72740936279297,130.39321899414062,133.32015991210938,2015-09-15_18:00:00,4,,
DN151010_02,-29.716016208334278,136.68583081850423,2015-10-10T12:52:08,/mnt/L2_plus/events_trello/DN151010_02/WRF/wrfout_d04_2015-10-09_12:00:00,2015-10-09_12:00:00,2015-10-10_18:00:00,-31.135581970214844,-28.702388763427734,134.9791259765625,137.819091796875,2015-10-09_12:00:00,31,,
DN151010_02,-29.716016208334278,136.68583081850423,2015-10-10T12:52:08,/mnt/L2_plus/events_trello/DN151010_02/WRF/wrfout_d04_2015-10-10_00:00:00,2015-10-10_00:00:00,2015-10-11_00:00:00,-31.135581970214844,-28.702388763427734,134.9791259765625,137.819091796875,2015-10-10_00:00:00,25,,
DN151010_02,-29.716016208334278,136.68583081850423,2015-10-10T12:52:08,/mnt/L2_plus/events_trello/DN151010_02/WRF/wrfout_d04_2015-10-10_12:00:00,2015-10-10_12:00:00,2015-10-10_18:00:00,-31.135581970214844,-28.702388763427734,134.9791259765625,137.819091796875,2015-10-10_12:00:00,7,,
DN151021_01,-27.84578785322288,134.07934206137588,2015-10-21T18:57:09,/mnt/L2_plus/events_trello/DN151021_01/WRF/wrfout_d04_2015-10-21_00:00:00,2015-10-21_00:00:00,2015-10-22_00:00:00,-29.270668029785156,-26.858551025390625,132.4219970703125,135.18646240234375,2015-10-21_00:00:00,49,,
DN151127_01,-29.265365808606468,137.47792883969495,2015-11-27T10:43:45,/mnt/L2_plus/events_trello/DN151127_01/WRF/wrfout_d03_2015-11-26_18:00:00,2015-11-26_18:00:00,2015-11-27_12:00:00,-30.911880493164062,-28.01279067993164,135.54727172851562,138.92501831054688,2015-11-26_18:00:00,73,,
DN151127_01,-29.265365808606468,137.47792883969495,2015-11-27T10:43:45,/mnt/L2_plus/events_trello/DN151127_01/WRF/wrfout_d03_2015-11-27_00:00:00,2015-11-27_00:00:00,2015-11-27_12:00:00,-30.911880493164062,-28.01279067993164,135.54727172851562,138.92501831054688,2015-11-27_00:00:00,49,,
DN151127_01,-29.265365808606468,137.47792883969495,2015-11-27T10:43:45,/mnt/L2_plus/events_trello/DN151127_01/WRF/wrfout_d03_2015-11-27_06:00:00,2015-11-27_06:00:00,2015-11-27_12:00:00,-30.911880493164062,-28.01279067993164,135.54727172851562,138.92501831054688,2015-11-27_06:00:00,25,,
DN151127_01,-29.265365808606468,137.47792883969495,2015-11-27T10:43:45,/mnt/L2_plus/events_trello/DN151127_01/WRF/wrfout_d04_2015-11-27_00:00:00,2015-11-27_00:00:00,2015-11-27_12:00:00,-30.704288482666016,-28.27581024169922,135.79425048828125,138.61642456054688,2015-11-27_00:00:00,49,,
DN151127_01,-29.265365808606468,137.47792883969495,2015-11-27T10:43:45,/mnt/L2_plus/events_trello/DN151127_01/WRF/wrfout_d04_2015-11-27_06:00:00,2015-11-27_06:00:00,2015-11-27_12:00:00,-30.704288482666016,-28.27581024169922,135.79425048828125,138.61642456054688,2015-11-27_06:00:00,25,,
DN151212_01,-30.366703593115673,136.83960520057286,2015-12-12T14:34:06,/mnt/L2_plus/events_trello/DN151212_01/WRF/wrfout_d03_2015-12-11_12:00:00,2015-12-11_12:00:00,2015-12-12_12:00:00,-30.65390396118164,-27.75823974609375,136.35650634765625,139.72161865234375,2015-12-11_12:00:00,49,,
DN151212_01,-30.366703593115673,136.83960520057286,2015-12-12T14:34:06,/mnt/L2_plus/events_trello/DN151212_01/WRF/wrfout_d03_2015-12-11_18:00:00,2015-12-11_18:00:00,2015-12-12_12:00:00,-30.65390396118164,-27.75823974609375,136.35650634765625,139.72161865234375,2015-12-11_18:00:00,37,,
DN151212_01,-30.366703593115673,136.83960520057286,2015-12-12T14:34:06,/mnt/L2_plus/events_trello/DN151212_01/WRF/wrfout_d03_2015-12-12_00:00:00,2015-12-12_00:00:00,2015-12-12_12:00:00,-30.65390396118164,-27.75823974609375,136.35650634765625,139.72161865234375,2015-12-12_00:00:00,25,,
DN151212_01,-30.366703593115673,136.83960520057286,2015-12-12T14:34:06,/mnt/L2_plus/events_trello/DN151212_01/WRF/wrfout_d03_2015-12-12_06:00:00,2015-12-12_06:00:00,2015-12-12_12:00:00,-30.65390396118164,-27.75823974609375,136.35650634765625,139.72161865234375,2015-12-12_06:00:00,13,,
DN151212_01,-30.366703593115673,136.83960520057286,2015-12-12T14:34:06,/mnt/L2_plus/events_trello/DN151212_01/WRF/wrfout_d03_2015-12-12_12:00:00,2015-12-12_12:00:00,2015-12-12_18:00:00,-30.65390396118164,-27.75823974609375,136.35650634765625,139.72161865234375,2015-12-12_12:00:00,13,,
DN151212_01,-30.366703593115673,136.83960520057286,2015-12-12T14:34:06,/mnt/L2_plus/events_trello/DN151212_01/WRF/wrfout_d04_2015-12-12_00:00:00,2015-12-12_00:00:00,2015-12-12_12:00:00,-30.44655990600586,-28.02092742919922,136.6025390625,139.4141845703125,2015-12-12_00:00:00,25,,
DN151212_03,-29.0129919620838,138.2674107312397,2015-12-12T11:36:23,/mnt/L2_plus/events_trello/DN151212_03/WRF/wrfout_d03_2015-12-11_12:00:00,2015-12-11_12:00:00,2015-12-12_12:00:00,-30.65390396118164,-27.75823974609375,136.35650634765625,139.72161865234375,2015-12-11_12:00:00,49,,
DN151212_03,-29.0129919620838,138.2674107312397,2015-12-12T11:36:23,/mnt/L2_plus/events_trello/DN151212_03/WRF/wrfout_d03_2015-12-11_18:00:00,2015-12-11_18:00:00,2015-12-12_12:00:00,-30.65390396118164,-27.75823974609375,136.35650634765625,139.72161865234375,2015-12-11_18:00:00,37,,
DN151212_03,-29.0129919620838,138.2674107312397,2015-12-12T11:36:23,/mnt/L2_plus/events_trello/DN151212_03/WRF/wrfout_d03_2015-12-12_06:00:00,2015-12-12_06:00:00,2015-12-12_12:00:00,-30.65390396118164,-27.75823974609375,136.35650634765625,139.72161865234375,2015-12-12_06:00:00,13,,
DN151212_03,-29.0129919620838,138.2674107312397,2015-12-12T11:36:23,/mnt/L2_plus/events_trello/DN151212_03/WRF/wrfout_d03_2015-12-12_12:00:00,2015-12-12_12:00:00,2015-12-12_18:00:00,-30.65390396118164,-27.75823974609375,136.35650634765625,139.72161865234375,2015-12-12_12:00:00,13,,
DN151212_03,-29.0129919620838,138.2674107312397,2015-12-12T11:36:23,/mnt/L2_plus/events_trello/DN151212_03/WRF/wrfout_d04_2015-12-12_00:00:00,2015-12-12_00:00:00,2015-12-12_12:00:00,-30.44655990600586,-28.02092742919922,136.6025390625,139.4141845703125,2015-12-12_00:00:00,25,,
DN160410_03,-28.912532951972217,135.39410557333045,2016-04-10T13:09:02,/mnt/L2_plus/events_trello/DN160410_03/WRF/wrfout_d03_2016-04-09_00:00:00,2016-04-09_00:00:00,2016-04-10_18:00:00,-30.548431396484375,-27.654178619384766,133.47238159179688,136.83233642578125,2016-04-09_00:00:00,253,,
DN160410_03,-28.912532951972217,135.39410557333045,2016-04-10T13:09:02,/mnt/L2_plus/events_trello/DN160410_03/WRF/wrfout_d03_2016-04-09_06:00:00,2016-04-09_06:00:00,2016-04-10_18:00:00,-30.548431396484375,-27.654178619384766,133.47238159179688,136.83233642578125,2016-04-09_06:00:00,217,,
DN160410_03,-28.912532951972217,135.39410557333045,2016-04-10T13:09:02,/mnt/L2_plus/events_trello/DN160410_03/WRF/wrfout_d03_2016-04-09_12:00:00,2016-04-09_12:00:00,2016-04-10_18:00:00,-30.548431396484375,-27.654178619384766,133.47238159179688,136.83233642578125,2016-04-09_12:00:00,181,,
DN160410_03,-28.912532951972217,135.39410557333045,2016-04-10T13:09:02,/mnt/L2_plus/events_trello/DN160410_03/WRF/wrfout_d03_2016-04-09_18:00:00,2016-04-09_18:00:00,2016-04-10_18:00:00,-30.548431396484375,-27.654178619384766,133.47238159179688,136.83233642578125,2016-04-09_18:00:00,145,,
DN160410_03,-28.912532951972217,135.39410557333045,2016-04-10T13:09:02,/mnt/L2_plus/events_trello/DN160410_03/WRF/wrfout_d03_2016-04-10_00:00:00,2016-04-10_00:00:00,2016-04-10_18:00:00,-30.548431396484375,-27.654178619384766,133.47238159179688,136.83233642578125,2016-04-10_00:00:00,109,,
DN160410_03,-28.912532951972217,135.39410557333045,2016-04-10T13:09:02,/mnt/L2_plus/events_trello/DN160410_03/WRF/wrfout_d03_2016-04-10_06:00:00,2016-04-10_06:00:00,2016-04-10_18:00:00,-30.548431396484375,-27.654178619384766,133.47238159179688,136.83233642578125,2016-04-10_06:00:00,73,,
DN160410_03,-28.912532951972217,135.39410557333045,2016-04-10T13:09:02,/mnt/L2_plus/events_trello/DN160410_03/WRF/wrfout_d03_2016-04-10_12:00:00,2016-04-10_12:00:00,2016-04-10_18:00:00,-30.548431396484375,-27.654178619384766,133.47238159179688,136.83233642578125,2016-04-10_12:00:00,37,,
DN160516_01,-31.413680920908842,134.49809953734524,2016-05-16T14:39:31,/mnt/L2_plus/events_trello/DN160516_01/WRF/wrfout_d04_2016-05-16_00:00:00,2016-05-16_00:00:00,2016-05-16_15:00:00,-32.8648796081543,-30.413925170898438,132.76492309570312,135.6781005859375,2016-05-16_00:00:00,46,,
DN160516_01,-31.413680920908842,134.49809953734524,2016-05-16T14:39:31,/mnt/L2_plus/events_trello/DN160516_01/WRF/wrfout_d04_2016-05-16_06:00:00,2016-05-16_06:00:00,2016-05-16_15:00:00,-32.8648796081543,-30.413925170898438,132.76492309570312,135.6781005859375,2016-05-16_06:00:00,28,,
DN160516_01,-31.413680920908842,134.49809953734524,2016-05-16T14:39:31,/mnt/L2_plus/events_trello/DN160516_01/WRF/wrfout_d04_2016-05-16_12:00:00,2016-05-16_12:00:00,2016-05-16_18:00:00,-32.8648796081543,-30.413925170898438,132.76492309570312,135.6781005859375,2016-05-16_12:00:00,19,,
DN160623_01,-32.642741617656576,136.53747753078014,2016-06-23T15:37:16,/mnt/L2_plus/events_trello/DN160623_01/WRF/wrfout_d04_2016-06-23_00:00:00,2016-06-23_00:00:00,2016-06-23_16:00:00,-34.10091018676758,-31.63834571838379,134.77239990234375,137.739990234375,2016-06-23_00:00:00,49,,
DN160623_01,-32.642741617656576,136.53747753078014,2016-06-23T15:37:16,/mnt/L2_plus/events_trello/DN160623_01/WRF/wrfout_d04_2016-06-23_06:00:00,2016-06-23_06:00:00,2016-06-23_16:00:00,-34.10091018676758,-31.63834571838379,134.77239990234375,137.739990234375,2016-06-23_06:00:00,31,,
DN160623_01,-32.642741617656576,136.53747753078014,2016-06-23T15:37:16,/mnt/L2_plus/events_trello/DN160623_01/WRF/wrfout_d04_2016-06-23_12:00:00,2016-06-23_12:00:00,2016-06-23_16:00:00,-34.10091018676758,-31.63834571838379,134.77239990234375,137.739990234375,2016-06-23_12:00:00,13,,
DN160705_01,-29.881020636113437,135.3994494022454,2016-07-05T19:31:31,/mnt/L2_plus/events_trello/DN160705_01/WRF/wrfout_d04_2016-07-05_00:00:00,2016-07-05_00:00:00,2016-07-05_20:00:00,-31.58884620666504,-28.51496124267578,133.39529418945312,136.98565673828125,2016-07-05_00:00:00,81,/software/projects/pawsey0851/mcu/WRF/run/skelet_4.4.2_setonix_large_32_levels,
DN160705_01,-29.881020636113437,135.3994494022454,2016-07-05T19:31:31,/mnt/L2_plus/events_trello/DN160705_01/WRF/wrfout_d04_2016-07-05_06:00:00,2016-07-05_06:00:00,2016-07-05_20:00:00,-31.58884620666504,-28.51496124267578,133.39529418945312,136.98565673828125,2016-07-05_06:00:00,57,/software/projects/pawsey0851/mcu/WRF/run/skelet_4.4.2_setonix_large_32_levels,
DN160705_01,-29.881020636113437,135.3994494022454,2016-07-05T19:31:31,/mnt/L2_plus/events_trello/DN160705_01/WRF/wrfout_d04_2016-07-05_12:00:00,2016-07-05_12:00:00,2016-07-05_20:00:00,-31.58884620666504,-28.51496124267578,133.39529418945312,136.98565673828125,2016-07-05_12:00:00,33,/software/projects/pawsey0851/mcu/WRF/run/skelet_4.4.2_setonix_large_32_levels,
DN160705_01,-29.881020636113437,135.3994494022454,2016-07-05T19:31:31,/mnt/L2_plus/events_trello/DN160705_01/WRF/wrfout_d04_2016-07-05_18:00:00,2016-07-05_18:00:00,2016-07-05_20:00:00,-31.58884620666504,-28.51496124267578,133.39529418945312,136.98565673828125,2016-07-05_18:00:00,9,/software/projects/pawsey0851/mcu/WRF/run/skelet_4.4.2_setonix_large_32_levels,
DN160802_03,-29.890055101726187,138.24255822975132,2016-08-02T13:24:51,/mnt/L2_plus/events_trello/DN160802_03/WRF/wrfout_d03_2016-08-01_18:00:00,2016-08-01_18:00:00,2016-08-02_18:00:00,-31.538646697998047,-28.631423950195312,136.29718017578125,139.70599365234375,2016-08-01_18:00:00,49,,
DN160802_03,-29.890055101726187,138.24255822975132,2016-08-02T13:24:51,/mnt/L2_plus/events_trello/DN160802_03/WRF/wrfout_d03_2016-08-02_06:00:00,2016-08-02_06:00:00,2016-08-02_18:00:00,-31.538646697998047,-28.631423950195312,136.29718017578125,139.70599365234375,2016-08-02_06:00:00,25,,
DN160802_03,-29.890055101726187,138.24255822975132,2016-08-02T13:24:51,/mnt/L2_plus/events_trello/DN160802_03/WRF/wrfout_d03_2016-08-02_12:00:00,2016-08-02_12:00:00,2016-08-02_18:00:00,-31.538646697998047,-28.631423950195312,136.29718017578125,139.70599365234375,2016-08-02_12:00:00,13,,
DN160802_03,-29.890055101726187,138.24255822975132,2016-08-02T13:24:51,/mnt/L2_plus/events_trello/DN160802_03/WRF/wrfout_d04_2016-08-01_12:00:00,2016-08-01_12:00:00,2016-08-02_18:00:00,-31.330543518066406,-28.895267486572266,136.5465087890625,139.39453125,2016-08-01_12:00:00,61,,
DN160802_03,-29.890055101726187,138.24255822975132,2016-08-02T13:24:51,/mnt/L2_plus/events_trello/DN160802_03/WRF/wrfout_d04_2016-08-02_00:00:00,2016-08-02_00:00:00,2016-08-02_18:00:00,-31.330543518066406,-28.895267486572266,136.5465087890625,139.39453125,2016-08-02_00:00:00,37,,
DN160809_01,-30.176587042905684,130.6880658247343,2016-08-09T18:49:39,/mnt/L2_plus/events_trello/DN160809_01/WRF/wrfout_d03_2016-08-09_00:00:00,2016-08-09_00:00:00,2016-08-10_00:00:00,-31.828243255615234,-28.917369842529297,128.7396240234375,132.16290283203125,2016-08-09_00:00:00,145,,
DN160809_01,-30.176587042905684,130.6880658247343,2016-08-09T18:49:39,/mnt/L2_plus/events_trello/DN160809_01/WRF/wrfout_d03_2016-08-09_06:00:00,2016-08-09_06:00:00,2016-08-10_00:00:00,-31.828243255615234,-28.917369842529297,128.7396240234375,132.16290283203125,2016-08-09_06:00:00,109,,
DN160809_01,-30.176587042905684,130.6880658247343,2016-08-09T18:49:39,/mnt/L2_plus/events_trello/DN160809_01/WRF/wrfout_d03_2016-08-09_12:00:00,2016-08-09_12:00:00,2016-08-10_00:00:00,-31.828243255615234,-28.917369842529297,128.7396240234375,132.16290283203125,2016-08-09_12:00:00,73,,
DN160809_01,-30.176587042905684,130.6880658247343,2016-08-09T18:49:39,/mnt/L2_plus/events_trello/DN160809_01/WRF/wrfout_d03_2016-08-09_18:00:00,2016-08-09_18:00:00,2016-08-09_20:30:00,-31.828243255615234,-28.917369842529297,128.7396240234375,132.16290283203125,2016-08-09_18:00:00,16,,
DN160809_01,-30.176587042905684,130.6880658247343,2016-08-09T18:49:39,/mnt/L2_plus/events_trello/DN160809_01/WRF/wrfout_d04_2016-08-09_18:00:00,2016-08-09_18:00:00,2016-08-09_19:00:00,-31.621139526367188,-29.182790756225586,128.98681640625,131.84698486328125,2016-08-09_18:00:00,7,,
DN160816_02,-28.980411098837887,131.55676319356226,2016-08-16T12:41:02,/mnt/L2_plus/events_trello/DN160816_02/WRF/wrfout_d04_2016-08-15_18:00:00,2016-08-15_18:00:00,2016-08-16_18:00:00,-30.422393798828125,-27.997020721435547,129.871826171875,132.6824951171875,2016-08-15_18:00:00,145,,
DN160816_02,-28.980411098837887,131.55676319356226,2016-08-16T12:41:02,/mnt/L2_plus/events_trello/DN160816_02/WRF/wrfout_d04_2016-08-16_00:00:00,2016-08-16_00:00:00,2016-08-16_18:00:00,-30.422393798828125,-27.997020721435547,129.871826171875,132.6824951171875,2016-08-16_00:00:00,109,,
DN160816_02,-28.980411098837887,131.55676319356226,2016-08-16T12:41:02,/mnt/L2_plus/events_trello/DN160816_02/WRF/wrfout_d04_2016-08-16_06:00:00,2016-08-16_06:00:00,2016-08-16_18:00:00,-30.422393798828125,-27.997020721435547,129.871826171875,132.6824951171875,2016-08-16_06:00:00,73,,
DN160816_02,-28.980411098837887,131.55676319356226,2016-08-16T12:41:02,/mnt/L2_plus/events_trello/DN160816_02/WRF/wrfout_d04_2016-08-16_12:00:00,2016-08-16_12:00:00,2016-08-16_18:00:00,-30.422393798828125,-27.997020721435547,129.871826171875,132.6824951171875,2016-08-16_12:00:00,37,,
DN160919_02,-32.27813492591212,143.48373764425344,2016-09-19T10:18:16,/mnt/L2_plus/events_trello/DN160919_02/WRF/wrfout_d04_2016-09-18_12:00:00,2016-09-18_12:00:00,2016-09-19_12:00:00,-33.735076904296875,-31.275859832763672,141.72885131835938,144.68014526367188,2016-09-18_12:00:00,73,,
DN160919_02,-32.27813492591212,143.48373764425344,2016-09-19T10:18:16,/mnt/L2_plus/events_trello/DN160919_02/WRF/wrfout_d04_2016-09-18_18:00:00,2016-09-18_18:00:00,2016-09-19_12:00:00,-33.735076904296875,-31.275859832763672,141.72885131835938,144.68014526367188,2016-09-18_18:00:00,55,,
DN160919_02,-32.27813492591212,143.48373764425344,2016-09-19T10:18:16,/mnt/L2_plus/events_trello/DN160919_02/WRF/wrfout_d04_2016-09-19_00:00:00,2016-09-19_00:00:00,2016-09-19_12:00:00,-33.735076904296875,-31.275859832763672,141.72885131835938,144.68014526367188,2016-09-19_00:00:00,37,,
DN160919_02,-32.27813492591212,143.48373764425344,2016-09-19T10:18:16,/mnt/L2_plus/events_trello/DN160919_02/WRF/wrfout_d04_2016-09-19_06:00:00,2016-09-19_06:00:00,2016-09-19_12:00:00,-33.735076904296875,-31.275859832763672,141.72885131835938,144.68014526367188,2016-09-19_06:00:00,19,,
DN161017_01,-32.62461291986947,116.84037583365006,2016-10-17T13:10:13,/mnt/L2_plus/events_trello/DN161017_01/WRF/wrfout_d04_2016-10-16_18:00:00,2016-10-16_18:00:00,2016-10-17_14:30:00,-34.08191680908203,-31.619529724121094,115.075927734375,118.04266357421875,2016-10-16_18:00:00,124,,
DN161017_01,-32.62461291986947,116.84037583365006,2016-10-17T13:10:13,/mnt/L2_plus/events_trello/DN161017_01/WRF/wrfout_d04_2016-10-17_00:00:00,2016-10-17_00:00:00,2016-10-17_18:00:00,-34.08191680908203,-31.619529724121094,115.075927734375,118.04266357421875,2016-10-17_00:00:00,109,,
DN161017_01,-32.62461291986947,116.84037583365006,2016-10-17T13:10:13,/mnt/L2_plus/events_trello/DN161017_01/WRF/wrfout_d04_2016-10-17_06:00:00,2016-10-17_06:00:00,2016-10-17_17:20:00,-34.08191680908203,-31.619529724121094,115.075927734375,118.04266357421875,2016-10-17_06:00:00,69,,
DN161017_01,-32.62461291986947,116.84037583365006,2016-10-17T13:10:13,/mnt/L2_plus/events_trello/DN161017_01/WRF/wrfout_d04_2016-10-17_12:00:00,2016-10-17_12:00:00,2016-10-17_13:10:00,-34.08191680908203,-31.619529724121094,115.075927734375,118.04266357421875,2016-10-17_12:00:00,8,,
DN161031_01,-29.17090295615873,116.19623910506951,2016-10-31T12:03:47,/mnt/L2_plus/events_trello/DN161031_01/WRF/wrfout_d03_2016-10-31_06:00:00,2016-10-31_06:00:00,2016-10-31_12:00:00,-30.815349578857422,-27.917530059814453,114.2742919921875,117.64730834960938,2016-10-31_06:00:00,13,,
DN161031_01,-29.17090295615873,116.19623910506951,2016-10-31T12:03:47,/mnt/L2_plus/events_trello/DN161031_01/WRF/wrfout_d03_2016-10-31_12:00:00,2016-10-31_12:00:00,2016-10-31_12:30:00,-30.815349578857422,-27.917530059814453,114.2742919921875,117.64730834960938,2016-10-31_12:00:00,2,,
DN161115_03,-27.264549320251618,136.69896219213072,2016-11-15T17:46:23,/mnt/L2_plus/events_trello/DN161115_03/WRF/wrfout_d04_2016-11-15_00:00:00,2016-11-15_00:00:00,2016-11-15_18:00:00,-28.69045639038086,-26.285280227661133,135.06951904296875,137.8111572265625,2016-11-15_00:00:00,109,,
DN161115_03,-27.264549320251618,136.69896219213072,2016-11-15T17:46:23,/mnt/L2_plus/events_trello/DN161115_03/WRF/wrfout_d04_2016-11-15_06:00:00,2016-11-15_06:00:00,2016-11-15_18:00:00,-28.69045639038086,-26.285280227661133,135.06951904296875,137.8111572265625,2016-11-15_06:00:00,73,,
DN161115_03,-27.264549320251618,136.69896219213072,2016-11-15T17:46:23,/mnt/L2_plus/events_trello/DN161115_03/WRF/wrfout_d04_2016-11-15_12:00:00,2016-11-15_12:00:00,2016-11-15_18:00:00,-28.69045639038086,-26.285280227661133,135.06951904296875,137.8111572265625,2016-11-15_12:00:00,37,,
DN170113_01,-34.713031338956995,142.53166484795997,2017-01-13T12:14:07,/mnt/L2_plus/events_trello/DN170113_01/WRF/wrfout_d04_2017-01-12_12:00:00,2017-01-12_12:00:00,2017-01-13_13:00:00,-35.987815856933594,-33.509300231933594,140.886962890625,143.941162109375,2017-01-12_12:00:00,101,,
DN170113_01,-34.713031338956995,142.53166484795997,2017-01-13T12:14:07,/mnt/L2_plus/events_trello/DN170113_01/WRF/wrfout_d04_2017-01-12_18:00:00,2017-01-12_18:00:00,2017-01-13_13:00:00,-35.987815856933594,-33.509300231933594,140.886962890625,143.941162109375,2017-01-12_18:00:00,77,,
DN170113_01,-34.713031338956995,142.53166484795997,2017-01-13T12:14:07,/mnt/L2_plus/events_trello/DN170113_01/WRF/wrfout_d04_2017-01-13_00:00:00,2017-01-13_00:00:00,2017-01-13_13:00:00,-35.987815856933594,-33.509300231933594,140.886962890625,143.941162109375,2017-01-13_00:00:00,53,,
DN170113_01,-34.713031338956995,142.53166484795997,2017-01-13T12:14:07,/mnt/L2_plus/events_trello/DN170113_01/WRF/wrfout_d04_2017-01-13_06:00:00,2017-01-13_06:00:00,2017-01-13_13:00:00,-35.987815856933594,-33.509300231933594,140.886962890625,143.941162109375,2017-01-13_06:00:00,29,,
DN170113_01,-34.713031338956995,142.53166484795997,2017-01-13T12:14:07,/mnt/L2_plus/events_trello/DN170113_01/WRF/wrfout_d04_2017-01-13_12:00:00,2017-01-13_12:00:00,2017-01-13_13:00:00,-35.987815856933594,-33.509300231933594,140.886962890625,143.941162109375,2017-01-13_12:00:00,5,,
DN170121_01,-32.70055179851281,141.44043368698016,2017-01-21T14:08:32,/mnt/L2_plus/events_trello/DN170121_01/WRF/wrfout_d04_2017-01-21_00:00:00,2017-01-21_00:00:00,2017-01-21_16:00:00,-34.126468658447266,-31.663673400878906,139.64996337890625,142.61871337890625,2017-01-21_00:00:00,97,,
DN170121_01,-32.70055179851281,141.44043368698016,2017-01-21T14:08:32,/mnt/L2_plus/events_trello/DN170121_01/WRF/wrfout_d04_2017-01-21_06:00:00,2017-01-21_06:00:00,2017-01-21_18:00:00,-34.126468658447266,-31.663673400878906,139.64996337890625,142.61871337890625,2017-01-21_06:00:00,73,,
DN170121_01,-32.70055179851281,141.44043368698016,2017-01-21T14:08:32,/mnt/L2_plus/events_trello/DN170121_01/WRF/wrfout_d04_2017-01-21_12:00:00,2017-01-21_12:00:00,2017-01-21_16:00:00,-34.126468658447266,-31.663673400878906,139.64996337890625,142.61871337890625,2017-01-21_12:00:00,25,,
DN170126_03,-26.993871495430618,134.7482919995064,2017-01-26T12:52:02,/mnt/L2_plus/events_trello/DN170126_03/WRF/wrfout_d04_2017-01-25_18:00:00,2017-01-25_18:00:00,2017-01-26_13:15:00,-28.701637268066406,-25.629398345947266,132.80194091796875,136.28875732421875,2017-01-25_18:00:00,78,,
DN170126_03,-26.993871495430618,134.7482919995064,2017-01-26T12:52:02,/mnt/L2_plus/events_trello/DN170126_03/WRF/wrfout_d04_2017-01-26_00:00:00,2017-01-26_00:00:00,2017-01-26_13:15:00,-28.701637268066406,-25.629398345947266,132.80194091796875,136.28875732421875,2017-01-26_00:00:00,54,,
DN170126_03,-26.993871495430618,134.7482919995064,2017-01-26T12:52:02,/mnt/L2_plus/events_trello/DN170126_03/WRF/wrfout_d04_2017-01-26_06:00:00,2017-01-26_06:00:00,2017-01-26_13:15:00,-28.701637268066406,-25.629398345947266,132.80194091796875,136.28875732421875,2017-01-26_06:00:00,30,,
DN170126_03,-26.993871495430618,134.7482919995064,2017-01-26T12:52:02,/mnt/L2_plus/events_trello/DN170126_03/WRF/wrfout_d04_2017-01-26_12:00:00,2017-01-26_12:00:00,2017-01-26_13:15:00,-28.701637268066406,-25.629398345947266,132.80194091796875,136.28875732421875,2017-01-26_12:00:00,6,,
DN170205_02,-31.411682710459857,142.89259063540237,2017-02-05T12:54:01,/mnt/L2_plus/events_trello/DN170205_02/WRF/wrfout_d04_2017-02-05_00:00:00,2017-02-05_00:00:00,2017-02-05_18:00:00,-32.86149215698242,-30.410579681396484,141.1661376953125,144.07916259765625,2017-02-05_00:00:00,37,,
DN170205_02,-31.411682710459857,142.89259063540237,2017-02-05T12:54:01,/mnt/L2_plus/events_trello/DN170205_02/WRF/wrfout_d04_2017-02-05_06:00:00,2017-02-05_06:00:00,2017-02-05_18:00:00,-32.86149215698242,-30.410579681396484,141.1661376953125,144.07916259765625,2017-02-05_06:00:00,25,,
DN170205_02,-31.411682710459857,142.89259063540237,2017-02-05T12:54:01,/mnt/L2_plus/events_trello/DN170205_02/WRF/wrfout_d04_2017-02-05_12:00:00,2017-02-05_12:00:00,2017-02-05_13:00:00,-32.86149215698242,-30.410579681396484,141.1661376953125,144.07916259765625,2017-02-05_12:00:00,3,,
DN170406_02,-32.468362556674485,134.34737068964324,2017-04-06T12:59:10,/mnt/L2_plus/events_trello/DN170406_02/WRF/wrfout_d04_2017-04-06_00:00:00,2017-04-06_00:00:00,2017-04-06_11:30:00,-33.925662994384766,-31.356142044067383,132.58697509765625,135.67874145507812,2017-04-06_00:00:00,24,,
DN170406_02,-32.468362556674485,134.34737068964324,2017-04-06T12:59:10,/mnt/L2_plus/events_trello/DN170406_02/WRF/wrfout_d04_2017-04-06_06:00:00,2017-04-06_06:00:00,2017-04-06_13:30:00,-33.925662994384766,-31.356142044067383,132.58697509765625,135.67874145507812,2017-04-06_06:00:00,16,,
DN170406_02,-32.468362556674485,134.34737068964324,2017-04-06T12:59:10,/mnt/L2_plus/events_trello/DN170406_02/WRF/wrfout_d04_2017-04-06_12:00:00,2017-04-06_12:00:00,2017-04-06_13:30:00,-33.925662994384766,-31.356142044067383,132.58697509765625,135.67874145507812,2017-04-06_12:00:00,4,,
DN170507_03,-31.18593537479159,117.2857594111206,2017-05-07T16:37:18,/mnt/L2_plus/events_trello/DN170507_03/WRF/wrfout_d04_2017-05-06_18:00:00,2017-05-06_18:00:00,2017-05-07_17:00:00,-32.89374923706055,-29.8190975189209,115.25262451171875,118.89495849609375,2017-05-06_18:00:00,93,,
DN170507_03,-31.18593537479159,117.2857594111206,2017-05-07T16:37:18,/mnt/L2_plus/events_trello/DN170507_03/WRF/wrfout_d04_2017-05-07_00:00:00,2017-05-07_00:00:00,2017-05-07_17:00:00,-32.89374923706055,-29.8190975189209,115.25262451171875,118.89495849609375,2017-05-07_00:00:00,69,,
DN170507_03,-31.18593537479159,117.2857594111206,2017-05-07T16:37:18,/mnt/L2_plus/events_trello/DN170507_03/WRF/wrfout_d04_2017-05-07_06:00:00,2017-05-07_06:00:00,2017-05-07_17:00:00,-32.89374923706055,-29.8190975189209,115.25262451171875,118.89495849609375,2017-05-07_06:00:00,45,,
DN170507_03,-31.18593537479159,117.2857594111206,2017-05-07T16:37:18,/mnt/L2_plus/events_trello/DN170507_03/WRF/wrfout_d04_2017-05-07_12:00:00,2017-05-07_12:00:00,2017-05-07_17:00:00,-32.89374923706055,-29.8190975189209,115.25262451171875,118.89495849609375,2017-05-07_12:00:00,21,,
DN170522_02,-29.88211695964841,128.52064395712577,2017-05-22T10:15:49,/mnt/L2_plus/events_trello/DN170522_02/WRF/wrfout_d04_2017-05-21_12:00:00,2017-05-21_12:00:00,2017-05-22_10:45:00,-31.589920043945312,-28.516033172607422,126.5164794921875,130.10693359375,2017-05-21_12:00:00,92,/software/projects/pawsey0851/mcu/WRF/run/skelet_4.4.2_setonix_large_32_levels,
DN170522_02,-29.88211695964841,128.52064395712577,2017-05-22T10:15:49,/mnt/L2_plus/events_trello/DN170522_02/WRF/wrfout_d04_2017-05-21_18:00:00,2017-05-21_18:00:00,2017-05-22_10:45:00,-31.589920043945312,-28.516033172607422,126.5164794921875,130.10693359375,2017-05-21_18:00:00,68,/software/projects/pawsey0851/mcu/WRF/run/skelet_4.4.2_setonix_large_32_levels,
DN170522_02,-29.88211695964841,128.52064395712577,2017-05-22T10:15:49,/mnt/L2_plus/events_trello/DN170522_02/WRF/wrfout_d04_2017-05-22_00:00:00,2017-05-22_00:00:00,2017-05-22_10:45:00,-31.589920043945312,-28.516033172607422,126.5164794921875,130.10693359375,2017-05-22_00:00:00,44,/software/projects/pawsey0851/mcu/WRF/run/skelet_4.4.2_setonix_large_32_levels,
DN170522_02,-29.88211695964841,128.52064395712577,2017-05-22T10:15:49,/mnt/L2_plus/events_trello/DN170522_02/WRF/wrfout_d04_2017-05-22_06:00:00,2017-05-22_06:00:00,2017-05-22_10:45:00,-31.589920043945312,-28.516033172607422,126.5164794921875,130.10693359375,2017-05-22_06:00:00,20,/software/projects/pawsey0851/mcu/WRF/run/skelet_4.4.2_setonix_large_32_levels,
DN170526_01,-32.457951862312306,118.73219535719221,2017-05-26T16:38:16,/mnt/L2_plus/events_trello/DN170526_01/WRF/wrfout_d03_2017-05-25_18:00:00,2017-05-25_18:00:00,2017-05-26_17:00:00,-34.124996185302734,-31.18710708618164,116.71405029296875,120.25640869140625,2017-05-25_18:00:00,139,,
DN170526_01,-32.457951862312306,118.73219535719221,2017-05-26T16:38:16,/mnt/L2_plus/events_trello/DN170526_01/WRF/wrfout_d03_2017-05-26_00:00:00,2017-05-26_00:00:00,2017-05-26_17:00:00,-34.124996185302734,-31.18710708618164,116.71405029296875,120.25640869140625,2017-05-26_00:00:00,103,,
DN170526_01,-32.457951862312306,118.73219535719221,2017-05-26T16:38:16,/mnt/L2_plus/events_trello/DN170526_01/WRF/wrfout_d03_2017-05-26_06:00:00,2017-05-26_06:00:00,2017-05-26_17:00:00,-34.124996185302734,-31.18710708618164,116.71405029296875,120.25640869140625,2017-05-26_06:00:00,67,,
DN170526_01,-32.457951862312306,118.73219535719221,2017-05-26T16:38:16,/mnt/L2_plus/events_trello/DN170526_01/WRF/wrfout_d03_2017-05-26_12:00:00,2017-05-26_12:00:00,2017-05-26_17:00:00,-34.124996185302734,-31.18710708618164,116.71405029296875,120.25640869140625,2017-05-26_12:00:00,31,,
DN170606_03,-32.46277924525141,140.88355091312212,2017-06-06T17:22:51,/mnt/L2_plus/events_trello/DN170606_03/WRF/wrfout_d03_2017-06-06_00:00:00,2017-06-06_00:00:00,2017-06-06_18:00:00,-34.129459381103516,-31.19152069091797,138.86175537109375,142.40435791015625,2017-06-06_00:00:00,19,,
DN170606_03,-32.46277924525141,140.88355091312212,2017-06-06T17:22:51,/mnt/L2_plus/events_trello/DN170606_03/WRF/wrfout_d03_2017-06-06_06:00:00,2017-06-06_06:00:00,2017-06-06_18:00:00,-34.129459381103516,-31.19152069091797,138.86175537109375,142.40435791015625,2017-06-06_06:00:00,13,,
DN170606_03,-32.46277924525141,140.88355091312212,2017-06-06T17:22:51,/mnt/L2_plus/events_trello/DN170606_03/WRF/wrfout_d04_2017-06-06_12:00:00,2017-06-06_12:00:00,2017-06-06_18:00:00,-33.919395446777344,-31.458473205566406,139.12106323242188,142.08056640625,2017-06-06_12:00:00,37,,
DN170606_03,-32.46277924525141,140.88355091312212,2017-06-06T17:22:51,/mnt/L2_plus/events_trello/DN170606_03/WRF/wrfout_d04_2017-06-06_18:00:00,2017-06-06_18:00:00,2017-06-06_18:30:00,-33.919395446777344,-31.458473205566406,139.12106323242188,142.08056640625,2017-06-06_18:00:00,4,,
DN170607_01,-31.280977395791776,136.2114765419331,2017-06-07T15:01:38,/mnt/L2_plus/events_trello/DN170607_01/WRF/wrfout_d04_2017-06-07_00:00:00,2017-06-07_00:00:00,2017-06-07_16:00:00,-32.730384826660156,-30.28076171875,134.495849609375,137.4031982421875,2017-06-07_00:00:00,17,,
DN170607_01,-31.280977395791776,136.2114765419331,2017-06-07T15:01:38,/mnt/L2_plus/events_trello/DN170607_01/WRF/wrfout_d04_2017-06-07_06:00:00,2017-06-07_06:00:00,2017-06-07_16:00:00,-32.730384826660156,-30.28076171875,134.495849609375,137.4031982421875,2017-06-07_06:00:00,11,,
DN170607_01,-31.280977395791776,136.2114765419331,2017-06-07T15:01:38,/mnt/L2_plus/events_trello/DN170607_01/WRF/wrfout_d04_2017-06-07_12:00:00,2017-06-07_12:00:00,2017-06-07_15:00:00,-32.730384826660156,-30.28076171875,134.495849609375,137.4031982421875,2017-06-07_12:00:00,4,,
DN170630_01,-33.13753276723349,134.19907581129067,2017-06-30T14:26:41,/mnt/L2_plus/events_trello/DN170630_01/WRF/wrfout_d03_2017-06-30_00:00:00,2017-06-30_00:00:00,2017-06-30_18:00:00,-34.77589797973633,-31.831031799316406,132.17095947265625,135.7484130859375,2017-06-30_00:00:00,37,,
DN170630_01,-33.13753276723349,134.19907581129067,2017-06-30T14:26:41,/mnt/L2_plus/events_trello/DN170630_01/WRF/wrfout_d03_2017-06-30_06:00:00,2017-06-30_06:00:00,2017-06-30_15:00:00,-34.77589797973633,-31.831031799316406,132.17095947265625,135.7484130859375,2017-06-30_06:00:00,19,,
DN170630_01,-33.13753276723349,134.19907581129067,2017-06-30T14:26:41,/mnt/L2_plus/events_trello/DN170630_01/WRF/wrfout_d03_2017-06-30_12:00:00,2017-06-30_12:00:00,2017-06-30_15:00:00,-34.77589797973633,-31.831031799316406,132.17095947265625,135.7484130859375,2017-06-30_12:00:00,7,,
DN170701_01,-32.08023307211855,127.29602028283048,2017-07-01T09:41:41,/mnt/L2_plus/events_trello/DN170701_01/WRF/wrfout_d04_2017-06-30_12:00:00,2017-06-30_12:00:00,2017-07-01_10:00:00,-33.53607940673828,-31.07870101928711,125.54791259765625,128.49041748046875,2017-06-30_12:00:00,89,,
DN170701_01,-32.08023307211855,127.29602028283048,2017-07-01T09:41:41,/mnt/L2_plus/events_trello/DN170701_01/WRF/wrfout_d04_2017-06-30_18:00:00,2017-06-30_18:00:00,2017-07-01_10:00:00,-33.53607940673828,-31.07870101928711,125.54791259765625,128.49041748046875,2017-06-30_18:00:00,65,,
DN170701_01,-32.08023307211855,127.29602028283048,2017-07-01T09:41:41,/mnt/L2_plus/events_trello/DN170701_01/WRF/wrfout_d04_2017-07-01_00:00:00,2017-07-01_00:00:00,2017-07-01_10:00:00,-33.53607940673828,-31.07870101928711,125.54791259765625,128.49041748046875,2017-07-01_00:00:00,41,,
DN170701_01,-32.08023307211855,127.29602028283048,2017-07-01T09:41:41,/mnt/L2_plus/events_trello/DN170701_01/WRF/wrfout_d04_2017-07-01_06:00:00,2017-07-01_06:00:00,2017-07-01_10:00:00,-33.53607940673828,-31.07870101928711,125.54791259765625,128.49041748046875,2017-07-01_06:00:00,17,,
DN170721_01,-29.655281904282,140.84013514187146,2017-07-21T10:47:41,/mnt/L2_plus/events_trello/DN170721_01/WRF/wrfout_d04_2017-07-21_00:00:00,2017-07-21_00:00:00,2017-07-21_11:00:00,-31.096759796142578,-28.663990020751953,139.15203857421875,141.9903564453125,2017-07-21_00:00:00,67,,
DN170721_01,-29.655281904282,140.84013514187146,2017-07-21T10:47:41,/mnt/L2_plus/events_trello/DN170721_01/WRF/wrfout_d04_2017-07-21_06:00:00,2017-07-21_06:00:00,2017-07-21_11:00:00,-31.096759796142578,-28.663990020751953,139.15203857421875,141.9903564453125,2017-07-21_06:00:00,31,,
DN170723_02,-27.446083785241903,135.31792935663003,2017-07-23T13:16:47,/mnt/L2_plus/events_trello/DN170723_02/WRF/wrfout_d04_2017-07-22_18:00:00,2017-07-22_18:00:00,2017-07-23_13:45:00,-29.153850555419922,-26.08139991760254,133.36312866210938,136.8651123046875,2017-07-22_18:00:00,80,/software/projects/pawsey0851/mcu/WRF/run/skelet_4.4.2_setonix_large_32_levels,
DN170723_02,-27.446083785241903,135.31792935663003,2017-07-23T13:16:47,/mnt/L2_plus/events_trello/DN170723_02/WRF/wrfout_d04_2017-07-23_00:00:00,2017-07-23_00:00:00,2017-07-23_13:45:00,-29.153850555419922,-26.08139991760254,133.36312866210938,136.8651123046875,2017-07-23_00:00:00,56,/software/projects/pawsey0851/mcu/WRF/run/skelet_4.4.2_setonix_large_32_levels,
DN170723_02,-27.446083785241903,135.31792935663003,2017-07-23T13:16:47,/mnt/L2_plus/events_trello/DN170723_02/WRF/wrfout_d04_2017-07-23_06:00:00,2017-07-23_06:00:00,2017-07-23_13:45:00,-29.153850555419922,-26.08139991760254,133.36312866210938,136.8651123046875,2017-07-23_06:00:00,32,/software/projects/pawsey0851/mcu/WRF/run/skelet_4.4.2_setonix_large_32_levels,
DN170723_02,-27.446083785241903,135.31792935663003,2017-07-23T13:16:47,/mnt/L2_plus/events_trello/DN170723_02/WRF/wrfout_d04_2017-07-23_12:00:00,2017-07-23_12:00:00,2017-07-23_13:45:00,-29.153850555419922,-26.08139991760254,133.36312866210938,136.8651123046875,2017-07-23_12:00:00,8,/software/projects/pawsey0851/mcu/WRF/run/skelet_4.4.2_setonix_large_32_levels,
DN170728_08,-25.93637874828827,132.540983668031,2017-07-28T11:58:44,/mnt/L2_plus/events_trello/DN170728_08/WRF/wrfout_d04_2017-07-27_12:00:00,2017-07-27_12:00:00,2017-07-28_12:30:00,-27.644140243530273,-24.57250213623047,130.61383056640625,134.0662841796875,2017-07-27_12:00:00,99,,
DN170728_08,-25.93637874828827,132.540983668031,2017-07-28T11:58:44,/mnt/L2_plus/events_trello/DN170728_08/WRF/wrfout_d04_2017-07-27_18:00:00,2017-07-27_18:00:00,2017-07-28_12:30:00,-27.644140243530273,-24.57250213623047,130.61383056640625,134.0662841796875,2017-07-27_18:00:00,75,,
DN170728_08,-25.93637874828827,132.540983668031,2017-07-28T11:58:44,/mnt/L2_plus/events_trello/DN170728_08/WRF/wrfout_d04_2017-07-28_00:00:00,2017-07-28_00:00:00,2017-07-28_12:30:00,-27.644140243530273,-24.57250213623047,130.61383056640625,134.0662841796875,2017-07-28_00:00:00,51,,
DN170728_08,-25.93637874828827,132.540983668031,2017-07-28T11:58:44,/mnt/L2_plus/events_trello/DN170728_08/WRF/wrfout_d04_2017-07-28_06:00:00,2017-07-28_06:00:00,2017-07-28_12:30:00,-27.644140243530273,-24.57250213623047,130.61383056640625,134.0662841796875,2017-07-28_06:00:00,27,,
DN170730_04,-35.53334626757041,141.51601399102046,2017-07-30T13:47:11,/mnt/L2_plus/events_trello/DN170730_04/WRF/wrfout_d04_2017-07-29_18:00:00,2017-07-29_18:00:00,2017-07-30_14:15:00,-37.24115753173828,-34.16381072998047,139.37164306640625,143.2132568359375,2017-07-29_18:00:00,82,,
DN170730_04,-35.53334626757041,141.51601399102046,2017-07-30T13:47:11,/mnt/L2_plus/events_trello/DN170730_04/WRF/wrfout_d04_2017-07-30_00:00:00,2017-07-30_00:00:00,2017-07-30_14:15:00,-37.24115753173828,-34.16381072998047,139.37164306640625,143.2132568359375,2017-07-30_00:00:00,58,,
DN170730_04,-35.53334626757041,141.51601399102046,2017-07-30T13:47:11,/mnt/L2_plus/events_trello/DN170730_04/WRF/wrfout_d04_2017-07-30_06:00:00,2017-07-30_06:00:00,2017-07-30_14:15:00,-37.24115753173828,-34.16381072998047,139.37164306640625,143.2132568359375,2017-07-30_06:00:00,34,,
DN170730_04,-35.53334626757041,141.51601399102046,2017-07-30T13:47:11,/mnt/L2_plus/events_trello/DN170730_04/WRF/wrfout_d04_2017-07-30_12:00:00,2017-07-30_12:00:00,2017-07-30_14:15:00,-37.24115753173828,-34.16381072998047,139.37164306640625,143.2132568359375,2017-07-30_12:00:00,10,,
DN170824_01,-33.90361861099671,118.81712527492932,2017-08-24T11:38:25,/mnt/L2_plus/events_trello/DN170824_01/WRF/wrfout_d04_2017-08-23_12:00:00,2017-08-23_12:00:00,2017-08-24_12:00:00,-35.61143112182617,-32.53512191772461,116.71728515625,120.4791259765625,2017-08-23_12:00:00,97,,
DN170824_01,-33.90361861099671,118.81712527492932,2017-08-24T11:38:25,/mnt/L2_plus/events_trello/DN170824_01/WRF/wrfout_d04_2017-08-23_18:00:00,2017-08-23_18:00:00,2017-08-24_12:00:00,-35.61143112182617,-32.53512191772461,116.71728515625,120.4791259765625,2017-08-23_18:00:00,73,,
DN170824_01,-33.90361861099671,118.81712527492932,2017-08-24T11:38:25,/mnt/L2_plus/events_trello/DN170824_01/WRF/wrfout_d04_2017-08-24_00:00:00,2017-08-24_00:00:00,2017-08-24_12:00:00,-35.61143112182617,-32.53512191772461,116.71728515625,120.4791259765625,2017-08-24_00:00:00,49,,
DN170824_01,-33.90361861099671,118.81712527492932,2017-08-24T11:38:25,/mnt/L2_plus/events_trello/DN170824_01/WRF/wrfout_d04_2017-08-24_06:00:00,2017-08-24_06:00:00,2017-08-24_12:00:00,-35.61143112182617,-32.53512191772461,116.71728515625,120.4791259765625,2017-08-24_06:00:00,25,,
DN170829_02,-27.27612767399811,138.5711282937138,2017-08-29T16:30:14,/mnt/L2_plus/events_trello/DN170829_02/WRF/wrfout_d04_2017-08-29_06:00:00,2017-08-29_06:00:00,2017-08-29_17:00:00,-28.94356346130371,-25.947439193725586,136.65853881835938,140.08502197265625,2017-08-29_06:00:00,23,,
DN170829_02,-27.27612767399811,138.5711282937138,2017-08-29T16:30:14,/mnt/L2_plus/events_trello/DN170829_02/WRF/wrfout_d04_2017-08-29_12:00:00,2017-08-29_12:00:00,2017-08-29_17:00:00,-28.94356346130371,-25.947439193725586,136.65853881835938,140.08502197265625,2017-08-29_12:00:00,11,,
DN170927_02,-32.88333957236743,136.81359466830776,2017-09-27T10:51:41,/mnt/L2_plus/events_trello/DN170927_02/WRF/wrfout_d04_2017-09-26_12:00:00,2017-09-26_12:00:00,2017-09-27_11:15:00,-34.591156005859375,-31.51547622680664,134.73980712890625,138.45492553710938,2017-09-26_12:00:00,94,,
DN170927_02,-32.88333957236743,136.81359466830776,2017-09-27T10:51:41,/mnt/L2_plus/events_trello/DN170927_02/WRF/wrfout_d04_2017-09-26_18:00:00,2017-09-26_18:00:00,2017-09-27_11:15:00,-34.591156005859375,-31.51547622680664,134.73980712890625,138.45492553710938,2017-09-26_18:00:00,70,,
DN170927_02,-32.88333957236743,136.81359466830776,2017-09-27T10:51:41,/mnt/L2_plus/events_trello/DN170927_02/WRF/wrfout_d04_2017-09-27_00:00:00,2017-09-27_00:00:00,2017-09-27_11:15:00,-34.591156005859375,-31.51547622680664,134.73980712890625,138.45492553710938,2017-09-27_00:00:00,46,,
DN170927_02,-32.88333957236743,136.81359466830776,2017-09-27T10:51:41,/mnt/L2_plus/events_trello/DN170927_02/WRF/wrfout_d04_2017-09-27_06:00:00,2017-09-27_06:00:00,2017-09-27_11:15:00,-34.591156005859375,-31.51547622680664,134.73980712890625,138.45492553710938,2017-09-27_06:00:00,22,,
DN171009_01,-33.290676521047885,117.34511167516554,2017-10-09T17:40:22,/mnt/L2_plus/events_trello/DN171009_01/WRF/wrfout_d04_2017-10-08_18:00:00,2017-10-08_18:00:00,2017-10-09_18:00:00,-34.998477935791016,-31.922542572021484,115.26107788085938,118.99456787109375,2017-10-08_18:00:00,97,,
DN171009_01,-33.290676521047885,117.34511167516554,2017-10-09T17:40:22,/mnt/L2_plus/events_trello/DN171009_01/WRF/wrfout_d04_2017-10-09_00:00:00,2017-10-09_00:00:00,2017-10-09_18:00:00,-34.998477935791016,-31.922542572021484,115.26107788085938,118.99456787109375,2017-10-09_00:00:00,73,,
DN171009_01,-33.290676521047885,117.34511167516554,2017-10-09T17:40:22,/mnt/L2_plus/events_trello/DN171009_01/WRF/wrfout_d04_2017-10-09_06:00:00,2017-10-09_06:00:00,2017-10-09_18:00:00,-34.998477935791016,-31.922542572021484,115.26107788085938,118.99456787109375,2017-10-09_06:00:00,49,,
DN171009_01,-33.290676521047885,117.34511167516554,2017-10-09T17:40:22,/mnt/L2_plus/events_trello/DN171009_01/WRF/wrfout_d04_2017-10-09_12:00:00,2017-10-09_12:00:00,2017-10-09_18:00:00,-34.998477935791016,-31.922542572021484,115.26107788085938,118.99456787109375,2017-10-09_12:00:00,25,,
DN171125_02,-32.77312405515248,138.57208479736542,2017-11-25T15:45:33,/mnt/L2_plus/events_trello/DN171125_02/WRF/wrfout_d04_2017-11-24_18:00:00,2017-11-24_18:00:00,2017-11-25_16:00:00,-34.22517776489258,-31.761493682861328,136.79510498046875,139.76828002929688,2017-11-24_18:00:00,89,,
DN171125_02,-32.77312405515248,138.57208479736542,2017-11-25T15:45:33,/mnt/L2_plus/events_trello/DN171125_02/WRF/wrfout_d04_2017-11-25_00:00:00,2017-11-25_00:00:00,2017-11-25_16:00:00,-34.22517776489258,-31.761493682861328,136.79510498046875,139.76828002929688,2017-11-25_00:00:00,65,,
DN171125_02,-32.77312405515248,138.57208479736542,2017-11-25T15:45:33,/mnt/L2_plus/events_trello/DN171125_02/WRF/wrfout_d04_2017-11-25_06:00:00,2017-11-25_06:00:00,2017-11-25_16:00:00,-34.22517776489258,-31.761493682861328,136.79510498046875,139.76828002929688,2017-11-25_06:00:00,41,,
DN171125_02,-32.77312405515248,138.57208479736542,2017-11-25T15:45:33,/mnt/L2_plus/events_trello/DN171125_02/WRF/wrfout_d04_2017-11-25_12:00:00,2017-11-25_12:00:00,2017-11-25_16:00:00,-34.22517776489258,-31.761493682861328,136.79510498046875,139.76828002929688,2017-11-25_12:00:00,17,,
DN171220_01,-26.495858832380684,138.36093582370498,2017-12-20T17:24:33,/mnt/L2_plus/events_trello/DN171220_01/WRF/wrfout_d04_2017-12-19_18:00:00,2017-12-19_18:00:00,2017-12-20_17:45:00,-28.20364761352539,-25.131689071655273,136.42373657226562,139.8941650390625,2017-12-19_18:00:00,96,/software/projects/pawsey0851/mcu/WRF/run/skelet_4.4.2_setonix_large_32_levels,
DN171220_01,-26.495858832380684,138.36093582370498,2017-12-20T17:24:33,/mnt/L2_plus/events_trello/DN171220_01/WRF/wrfout_d04_2017-12-20_00:00:00,2017-12-20_00:00:00,2017-12-20_17:45:00,-28.20364761352539,-25.131689071655273,136.42373657226562,139.8941650390625,2017-12-20_00:00:00,72,/software/projects/pawsey0851/mcu/WRF/run/skelet_4.4.2_setonix_large_32_levels,
DN171220_01,-26.495858832380684,138.36093582370498,2017-12-20T17:24:33,/mnt/L2_plus/events_trello/DN171220_01/WRF/wrfout_d04_2017-12-20_06:00:00,2017-12-20_06:00:00,2017-12-20_17:45:00,-28.20364761352539,-25.131689071655273,136.42373657226562,139.8941650390625,2017-12-20_06:00:00,48,/software/projects/pawsey0851/mcu/WRF/run/skelet_4.4.2_setonix_large_32_levels,
DN171220_01,-26.495858832380684,138.36093582370498,2017-12-20T17:24:33,/mnt/L2_plus/events_trello/DN171220_01/WRF/wrfout_d04_2017-12-20_12:00:00,2017-12-20_12:00:00,2017-12-20_17:45:00,-28.20364761352539,-25.131689071655273,136.42373657226562,139.8941650390625,2017-12-20_12:00:00,24,/software/projects/pawsey0851/mcu/WRF/run/skelet_4.4.2_setonix_large_32_levels,
DN171224_01,-31.765705839922724,120.0940199510492,2017-12-24T17:32:04,/mnt/L2_plus/events_trello/DN171224_01/WRF/wrfout_d04_2017-12-24_00:00:00,2017-12-24_00:00:00,2017-12-24_18:00:00,-33.22152328491211,-30.767127990722656,118.34915161132812,121.27783203125,2017-12-24_00:00:00,37,,
DN171224_01,-31.765705839922724,120.0940199510492,2017-12-24T17:32:04,/mnt/L2_plus/events_trello/DN171224_01/WRF/wrfout_d04_2017-12-24_06:00:00,2017-12-24_06:00:00,2017-12-24_18:00:00,-33.22152328491211,-30.767127990722656,118.34915161132812,121.27783203125,2017-12-24_06:00:00,25,,
DN171224_01,-31.765705839922724,120.0940199510492,2017-12-24T17:32:04,/mnt/L2_plus/events_trello/DN171224_01/WRF/wrfout_d04_2017-12-24_12:00:00,2017-12-24_12:00:00,2017-12-24_18:00:00,-33.22152328491211,-30.767127990722656,118.34915161132812,121.27783203125,2017-12-24_12:00:00,13,,
DN180212_01,-31.19821419222839,115.74300580973802,2018-02-12T14:35:22,/mnt/L2_plus/events_trello/DN180212_01/WRF/wrfout_d04_2018-02-11_12:00:00,2018-02-11_12:00:00,2018-02-12_15:00:00,-32.647483825683594,-30.198671340942383,114.00900268554688,116.91278076171875,2018-02-11_12:00:00,55,,
DN180212_01,-31.19821419222839,115.74300580973802,2018-02-12T14:35:22,/mnt/L2_plus/events_trello/DN180212_01/WRF/wrfout_d04_2018-02-11_18:00:00,2018-02-11_18:00:00,2018-02-12_15:00:00,-32.647483825683594,-30.198671340942383,114.00900268554688,116.91278076171875,2018-02-11_18:00:00,43,,
DN180212_01,-31.19821419222839,115.74300580973802,2018-02-12T14:35:22,/mnt/L2_plus/events_trello/DN180212_01/WRF/wrfout_d04_2018-02-12_00:00:00,2018-02-12_00:00:00,2018-02-12_15:00:00,-32.647483825683594,-30.198671340942383,114.00900268554688,116.91278076171875,2018-02-12_00:00:00,31,,
DN180212_01,-31.19821419222839,115.74300580973802,2018-02-12T14:35:22,/mnt/L2_plus/events_trello/DN180212_01/WRF/wrfout_d04_2018-02-12_06:00:00,2018-02-12_06:00:00,2018-02-12_15:00:00,-32.647483825683594,-30.198671340942383,114.00900268554688,116.91278076171875,2018-02-12_06:00:00,19,,
DN180212_01,-31.19821419222839,115.74300580973802,2018-02-12T14:35:22,/mnt/L2_plus/events_trello/DN180212_01/WRF/wrfout_d04_2018-02-12_12:00:00,2018-02-12_12:00:00,2018-02-12_15:00:00,-32.647483825683594,-30.198671340942383,114.00900268554688,116.91278076171875,2018-02-12_12:00:00,7,,
DN180303_01,-28.239322892496467,117.1641970922692,2018-03-03T21:20:00,/mnt/L2_plus/events_trello/DN180303_01/WRF/wrfout_d04_2018-03-03_00:00:00,2018-03-03_00:00:00,2018-03-03_21:45:00,-29.947114944458008,-26.87420082092285,115.19400024414062,118.72357177734375,2018-03-03_00:00:00,88,/software/projects/pawsey0851/mcu/WRF/run/skelet_4.4.2_setonix_large_32_levels,
DN180303_01,-28.239322892496467,117.1641970922692,2018-03-03T21:20:00,/mnt/L2_plus/events_trello/DN180303_01/WRF/wrfout_d04_2018-03-03_06:00:00,2018-03-03_06:00:00,2018-03-03_21:45:00,-29.947114944458008,-26.87420082092285,115.19400024414062,118.72357177734375,2018-03-03_06:00:00,64,/software/projects/pawsey0851/mcu/WRF/run/skelet_4.4.2_setonix_large_32_levels,
DN180303_01,-28.239322892496467,117.1641970922692,2018-03-03T21:20:00,/mnt/L2_plus/events_trello/DN180303_01/WRF/wrfout_d04_2018-03-03_12:00:00,2018-03-03_12:00:00,2018-03-03_21:45:00,-29.947114944458008,-26.87420082092285,115.19400024414062,118.72357177734375,2018-03-03_12:00:00,40,/software/projects/pawsey0851/mcu/WRF/run/skelet_4.4.2_setonix_large_32_levels,
DN180303_01,-28.239322892496467,117.1641970922692,2018-03-03T21:20:00,/mnt/L2_plus/events_trello/DN180303_01/WRF/wrfout_d04_2018-03-03_18:00:00,2018-03-03_18:00:00,2018-03-03_21:45:00,-29.947114944458008,-26.87420082092285,115.19400024414062,118.72357177734375,2018-03-03_18:00:00,16,/software/projects/pawsey0851/mcu/WRF/run/skelet_4.4.2_setonix_large_32_levels,
DN180407_01,-33.032936194720776,137.6012405624706,2018-04-07T12:31:36,/mnt/L2_plus/events_trello/DN180407_01/WRF/wrfout_d04_2018-04-06_18:00:00,2018-04-06_18:00:00,2018-04-07_13:00:00,-34.74072265625,-31.664962768554688,135.5238037109375,139.24551391601562,2018-04-06_18:00:00,77,,
DN180407_01,-33.032936194720776,137.6012405624706,2018-04-07T12:31:36,/mnt/L2_plus/events_trello/DN180407_01/WRF/wrfout_d04_2018-04-07_00:00:00,2018-04-07_00:00:00,2018-04-07_13:00:00,-34.74072265625,-31.664962768554688,135.5238037109375,139.24551391601562,2018-04-07_00:00:00,53,,
DN180407_01,-33.032936194720776,137.6012405624706,2018-04-07T12:31:36,/mnt/L2_plus/events_trello/DN180407_01/WRF/wrfout_d04_2018-04-07_06:00:00,2018-04-07_06:00:00,2018-04-07_13:00:00,-34.74072265625,-31.664962768554688,135.5238037109375,139.24551391601562,2018-04-07_06:00:00,29,,
DN180407_01,-33.032936194720776,137.6012405624706,2018-04-07T12:31:36,/mnt/L2_plus/events_trello/DN180407_01/WRF/wrfout_d04_2018-04-07_12:00:00,2018-04-07_12:00:00,2018-04-07_13:00:00,-34.74072265625,-31.664962768554688,135.5238037109375,139.24551391601562,2018-04-07_12:00:00,5,,
DN180602_01,-33.90322240714818,140.48920867710692,2018-06-02T09:37:00,/mnt/L2_plus/events_trello/DN180602_01/WRF/wrfout_d04_2018-06-02_06:00:00,2018-06-02_06:00:00,2018-06-02_10:00:00,-35.611053466796875,-32.53474044799805,138.38937377929688,142.15118408203125,2018-06-02_06:00:00,17,,
DN180709_01,-32.87922895314069,115.93333376608213,2018-07-09T20:16:19,/mnt/L2_plus/events_trello/DN180709_01/WRF/wrfout_d04_2018-07-09_00:00:00,2018-07-09_00:00:00,2018-07-09_20:45:00,-34.58704376220703,-31.5113582611084,113.85968017578125,117.5745849609375,2018-07-09_00:00:00,84,/software/projects/pawsey0851/mcu/WRF/run/skelet_4.4.2_setonix_large_32_levels,
DN180709_01,-32.87922895314069,115.93333376608213,2018-07-09T20:16:19,/mnt/L2_plus/events_trello/DN180709_01/WRF/wrfout_d04_2018-07-09_06:00:00,2018-07-09_06:00:00,2018-07-09_20:45:00,-34.58704376220703,-31.5113582611084,113.85968017578125,117.5745849609375,2018-07-09_06:00:00,60,/software/projects/pawsey0851/mcu/WRF/run/skelet_4.4.2_setonix_large_32_levels,
DN180709_01,-32.87922895314069,115.93333376608213,2018-07-09T20:16:19,/mnt/L2_plus/events_trello/DN180709_01/WRF/wrfout_d04_2018-07-09_12:00:00,2018-07-09_12:00:00,2018-07-09_20:45:00,-34.58704376220703,-31.5113582611084,113.85968017578125,117.5745849609375,2018-07-09_12:00:00,36,/software/projects/pawsey0851/mcu/WRF/run/skelet_4.4.2_setonix_large_32_levels,
DN180709_01,-32.87922895314069,115.93333376608213,2018-07-09T20:16:19,/mnt/L2_plus/events_trello/DN180709_01/WRF/wrfout_d04_2018-07-09_18:00:00,2018-07-09_18:00:00,2018-07-09_20:45:00,-34.58704376220703,-31.5113582611084,113.85968017578125,117.5745849609375,2018-07-09_18:00:00,12,/software/projects/pawsey0851/mcu/WRF/run/skelet_4.4.2_setonix_large_32_levels,
DN180828_01,-31.79732771915058,117.31359533773485,2018-08-28T11:40:47,/mnt/L2_plus/events_trello/DN180828_01/WRF/wrfout_d04_2018-08-28_00:00:00,2018-08-28_00:00:00,2018-08-28_12:00:00,-33.227516174316406,-30.773069381713867,115.33123779296875,118.26019287109375,2018-08-28_00:00:00,37,,
DN180828_01,-31.79732771915058,117.31359533773485,2018-08-28T11:40:47,/mnt/L2_plus/events_trello/DN180828_01/WRF/wrfout_d04_2018-08-28_06:00:00,2018-08-28_06:00:00,2018-08-28_12:00:00,-33.227516174316406,-30.773069381713867,115.33123779296875,118.26019287109375,2018-08-28_06:00:00,19,,
DN180910_02,-30.898340005231763,127.0482731278122,2018-09-10T12:13:38,/mnt/L2_plus/events_trello/DN180910_02/WRF/wrfout_d04_2018-09-09_18:00:00,2018-09-09_18:00:00,2018-09-10_12:30:00,-32.347225189208984,-29.90140724182129,125.32858276367188,128.219482421875,2018-09-09_18:00:00,75,,
DN180910_02,-30.898340005231763,127.0482731278122,2018-09-10T12:13:38,/mnt/L2_plus/events_trello/DN180910_02/WRF/wrfout_d04_2018-09-10_00:00:00,2018-09-10_00:00:00,2018-09-10_12:30:00,-32.347225189208984,-29.90140724182129,125.32858276367188,128.219482421875,2018-09-10_00:00:00,51,,
DN180910_02,-30.898340005231763,127.0482731278122,2018-09-10T12:13:38,/mnt/L2_plus/events_trello/DN180910_02/WRF/wrfout_d04_2018-09-10_06:00:00,2018-09-10_06:00:00,2018-09-10_12:30:00,-32.347225189208984,-29.90140724182129,125.32858276367188,128.219482421875,2018-09-10_06:00:00,27,,
DN180910_02,-30.898340005231763,127.0482731278122,2018-09-10T12:13:38,/mnt/L2_plus/events_trello/DN180910_02/WRF/wrfout_d04_2018-09-10_12:00:00,2018-09-10_12:00:00,2018-09-10_12:30:00,-32.347225189208984,-29.90140724182129,125.32858276367188,128.219482421875,2018-09-10_12:00:00,3,,
DN181110_01,-34.56633629379142,139.27137078868628,2018-11-10T11:16:35,/mnt/L2_plus/events_trello/DN181110_01/WRF/wrfout_d04_2018-11-09_12:00:00,2018-11-09_12:00:00,2018-11-10_12:00:00,-36.033565521240234,-33.5546875,137.4500732421875,140.5064697265625,2018-11-09_12:00:00,73,,
DN181110_01,-34.56633629379142,139.27137078868628,2018-11-10T11:16:35,/mnt/L2_plus/events_trello/DN181110_01/WRF/wrfout_d04_2018-11-09_18:00:00,2018-11-09_18:00:00,2018-11-10_12:00:00,-36.033565521240234,-33.5546875,137.4500732421875,140.5064697265625,2018-11-09_18:00:00,55,,
DN181110_01,-34.56633629379142,139.27137078868628,2018-11-10T11:16:35,/mnt/L2_plus/events_trello/DN181110_01/WRF/wrfout_d04_2018-11-10_00:00:00,2018-11-10_00:00:00,2018-11-10_12:00:00,-36.033565521240234,-33.5546875,137.4500732421875,140.5064697265625,2018-11-10_00:00:00,37,,
DN181110_01,-34.56633629379142,139.27137078868628,2018-11-10T11:16:35,/mnt/L2_plus/events_trello/DN181110_01/WRF/wrfout_d04_2018-11-10_06:00:00,2018-11-10_06:00:00,2018-11-10_12:00:00,-36.033565521240234,-33.5546875,137.4500732421875,140.5064697265625,2018-11-10_06:00:00,19,,
DN181207_02,-29.590698982209265,117.86639374675462,2018-12-07T16:24:42,/mnt/L2_plus/events_trello/DN181207_02/WRF/wrfout_d04_2018-12-06_18:00:00,2018-12-06_18:00:00,2018-12-07_17:00:00,-31.029672622680664,-28.597627639770508,116.18270874023438,119.01824951171875,2018-12-06_18:00:00,47,,
DN181207_02,-29.590698982209265,117.86639374675462,2018-12-07T16:24:42,/mnt/L2_plus/events_trello/DN181207_02/WRF/wrfout_d04_2018-12-07_00:00:00,2018-12-07_00:00:00,2018-12-07_17:00:00,-31.029672622680664,-28.597627639770508,116.18270874023438,119.01824951171875,2018-12-07_00:00:00,35,,
DN181207_02,-29.590698982209265,117.86639374675462,2018-12-07T16:24:42,/mnt/L2_plus/events_trello/DN181207_02/WRF/wrfout_d04_2018-12-07_06:00:00,2018-12-07_06:00:00,2018-12-07_17:00:00,-31.029672622680664,-28.597627639770508,116.18270874023438,119.01824951171875,2018-12-07_06:00:00,23,,
DN181207_02,-29.590698982209265,117.86639374675462,2018-12-07T16:24:42,/mnt/L2_plus/events_trello/DN181207_02/WRF/wrfout_d04_2018-12-07_12:00:00,2018-12-07_12:00:00,2018-12-07_17:00:00,-31.029672622680664,-28.597627639770508,116.18270874023438,119.01824951171875,2018-12-07_12:00:00,11,,
DN190221_03,-32.39024339522677,131.84305523884169,2019-02-21T14:18:50,/mnt/L2_plus/events_trello/DN190221_03/WRF/wrfout_d04_2019-02-20_18:00:00,2019-02-20_18:00:00,2019-02-21_15:00:00,-33.8502082824707,-31.389930725097656,130.09375,133.0501708984375,2019-02-20_18:00:00,64,,
DN190221_03,-32.39024339522677,131.84305523884169,2019-02-21T14:18:50,/mnt/L2_plus/events_trello/DN190221_03/WRF/wrfout_d04_2019-02-21_00:00:00,2019-02-21_00:00:00,2019-02-21_15:00:00,-33.8502082824707,-31.389930725097656,130.09375,133.0501708984375,2019-02-21_00:00:00,46,,
DN190221_03,-32.39024339522677,131.84305523884169,2019-02-21T14:18:50,/mnt/L2_plus/events_trello/DN190221_03/WRF/wrfout_d04_2019-02-21_06:00:00,2019-02-21_06:00:00,2019-02-21_15:00:00,-33.8502082824707,-31.389930725097656,130.09375,133.0501708984375,2019-02-21_06:00:00,28,,
DN190221_03,-32.39024339522677,131.84305523884169,2019-02-21T14:18:50,/mnt/L2_plus/events_trello/DN190221_03/WRF/wrfout_d04_2019-02-21_12:00:00,2019-02-21_12:00:00,2019-02-21_15:00:00,-33.8502082824707,-31.389930725097656,130.09375,133.0501708984375,2019-02-21_12:00:00,19,,
DN190317_01,-31.39796115154073,137.9689403800616,2019-03-17T11:56:20,/mnt/L2_plus/events_trello/DN190317_01/WRF/wrfout_d04_2019-03-17_00:00:00,2019-03-17_00:00:00,2019-03-17_12:00:00,-32.850425720214844,-30.399616241455078,136.23699951171875,139.1495361328125,2019-03-17_00:00:00,13,,
DN190317_01,-31.39796115154073,137.9689403800616,2019-03-17T11:56:20,/mnt/L2_plus/events_trello/DN190317_01/WRF/wrfout_d04_2019-03-17_06:00:00,2019-03-17_06:00:00,2019-03-17_12:00:00,-32.850425720214844,-30.399616241455078,136.23699951171875,139.1495361328125,2019-03-17_06:00:00,7,,
DN190317_01,-31.39796115154073,137.9689403800616,2019-03-17T11:56:20,/mnt/L2_plus/events_trello/DN190317_01/WRF/wrfout_d04_2019-03-17_12:00:00,2019-03-17_12:00:00,2019-03-17_12:10:00,-32.850425720214844,-30.399616241455078,136.23699951171875,139.1495361328125,2019-03-17_12:00:00,2,,
DN190325_02,-28.159665160595004,138.568599905837,2019-03-25T12:04:38,/mnt/L2_plus/events_trello/DN190325_02/WRF/wrfout_d04_2019-03-25_00:00:00,2019-03-25_00:00:00,2019-03-25_12:30:00,-29.867475509643555,-26.794567108154297,136.59991455078125,140.12680053710938,2019-03-25_00:00:00,51,,
DN190325_02,-28.159665160595004,138.568599905837,2019-03-25T12:04:38,/mnt/L2_plus/events_trello/DN190325_02/WRF/wrfout_d04_2019-03-25_06:00:00,2019-03-25_06:00:00,2019-03-25_12:30:00,-29.867475509643555,-26.794567108154297,136.59991455078125,140.12680053710938,2019-03-25_06:00:00,27,,
DN190325_02,-28.159665160595004,138.568599905837,2019-03-25T12:04:38,/mnt/L2_plus/events_trello/DN190325_02/WRF/wrfout_d04_2019-03-25_12:00:00,2019-03-25_12:00:00,2019-03-25_12:30:00,-29.867475509643555,-26.794567108154297,136.59991455078125,140.12680053710938,2019-03-25_12:00:00,3,,
DN190508_01,-29.00761476003155,117.44086257769963,2019-05-08T14:56:35,/mnt/L2_plus/events_trello/DN190508_01/WRF/wrfout_d04_2019-05-07_18:00:00,2019-05-07_18:00:00,2019-05-08_16:00:00,-30.442358016967773,-28.016767501831055,115.76901245117188,118.58047485351562,2019-05-07_18:00:00,23,,
DN190508_01,-29.00761476003155,117.44086257769963,2019-05-08T14:56:35,/mnt/L2_plus/events_trello/DN190508_01/WRF/wrfout_d04_2019-05-08_00:00:00,2019-05-08_00:00:00,2019-05-08_16:00:00,-30.442358016967773,-28.016767501831055,115.76901245117188,118.58047485351562,2019-05-08_00:00:00,17,,
DN190508_01,-29.00761476003155,117.44086257769963,2019-05-08T14:56:35,/mnt/L2_plus/events_trello/DN190508_01/WRF/wrfout_d04_2019-05-08_06:00:00,2019-05-08_06:00:00,2019-05-08_16:00:00,-30.442358016967773,-28.016767501831055,115.76901245117188,118.58047485351562,2019-05-08_06:00:00,11,,
DN190508_01,-29.00761476003155,117.44086257769963,2019-05-08T14:56:35,/mnt/L2_plus/events_trello/DN190508_01/WRF/wrfout_d04_2019-05-08_12:00:00,2019-05-08_12:00:00,2019-05-08_16:00:00,-30.442358016967773,-28.016767501831055,115.76901245117188,118.58047485351562,2019-05-08_12:00:00,25,,
DN190601_01,-30.6236357938378,129.6311394381529,2019-06-01T09:53:04,/mnt/L2_plus/events_trello/DN190601_01/WRF/wrfout_d04_2019-05-31_12:00:00,2019-05-31_12:00:00,2019-06-01_10:00:00,-32.07102966308594,-29.628023147583008,127.91415405273438,130.79330444335938,2019-05-31_12:00:00,23,,
DN190601_01,-30.6236357938378,129.6311394381529,2019-06-01T09:53:04,/mnt/L2_plus/events_trello/DN190601_01/WRF/wrfout_d04_2019-05-31_18:00:00,2019-05-31_18:00:00,2019-06-01_10:00:00,-32.07102966308594,-29.628023147583008,127.91415405273438,130.79330444335938,2019-05-31_18:00:00,17,,
DN190601_01,-30.6236357938378,129.6311394381529,2019-06-01T09:53:04,/mnt/L2_plus/events_trello/DN190601_01/WRF/wrfout_d04_2019-06-01_00:00:00,2019-06-01_00:00:00,2019-06-01_10:00:00,-32.07102966308594,-29.628023147583008,127.91415405273438,130.79330444335938,2019-06-01_00:00:00,11,,
DN190601_01,-30.6236357938378,129.6311394381529,2019-06-01T09:53:04,/mnt/L2_plus/events_trello/DN190601_01/WRF/wrfout_d04_2019-06-01_06:00:00,2019-06-01_06:00:00,2019-06-01_12:00:00,-32.07102966308594,-29.628023147583008,127.91415405273438,130.79330444335938,2019-06-01_06:00:00,7,,
DN190701_03,40.95487593484077,-121.8327384945595,2019-07-01T08:14:39,/mnt/L2_plus/events_trello/DN190701_03/WRF/wrfout_d04_2019-06-30_12:00:00,2019-06-30_12:00:00,2019-07-01_09:00:00,39.197021484375,42.330055236816406,-124.18421936035156,-119.97148132324219,2019-06-30_12:00:00,85,,
DN190701_03,40.95487593484077,-121.8327384945595,2019-07-01T08:14:39,/mnt/L2_plus/events_trello/DN190701_03/WRF/wrfout_d04_2019-06-30_18:00:00,2019-06-30_18:00:00,2019-07-01_09:00:00,39.197021484375,42.330055236816406,-124.18421936035156,-119.97148132324219,2019-06-30_18:00:00,61,,
DN190701_03,40.95487593484077,-121.8327384945595,2019-07-01T08:14:39,/mnt/L2_plus/events_trello/DN190701_03/WRF/wrfout_d04_2019-07-01_00:00:00,2019-07-01_00:00:00,2019-07-01_09:00:00,39.197021484375,42.330055236816406,-124.18421936035156,-119.97148132324219,2019-07-01_00:00:00,37,,
DN190701_03,40.95487593484077,-121.8327384945595,2019-07-01T08:14:39,/mnt/L2_plus/events_trello/DN190701_03/WRF/wrfout_d04_2019-07-01_06:00:00,2019-07-01_06:00:00,2019-07-01_09:00:00,39.197021484375,42.330055236816406,-124.18421936035156,-119.97148132324219,2019-07-01_06:00:00,13,,
DN190713_02,-29.662999571363013,128.11789655991424,2019-07-13T14:16:38,/mnt/L2_plus/events_trello/DN190713_02/WRF/wrfout_d04_2019-07-12_18:00:00,2019-07-12_18:00:00,2019-07-13_14:45:00,-31.370820999145508,-28.29705047607422,126.118408203125,129.700439453125,2019-07-12_18:00:00,84,,
DN190713_02,-29.662999571363013,128.11789655991424,2019-07-13T14:16:38,/mnt/L2_plus/events_trello/DN190713_02/WRF/wrfout_d04_2019-07-13_00:00:00,2019-07-13_00:00:00,2019-07-13_14:45:00,-31.370820999145508,-28.29705047607422,126.118408203125,129.700439453125,2019-07-13_00:00:00,60,,
DN190713_02,-29.662999571363013,128.11789655991424,2019-07-13T14:16:38,/mnt/L2_plus/events_trello/DN190713_02/WRF/wrfout_d04_2019-07-13_06:00:00,2019-07-13_06:00:00,2019-07-13_14:45:00,-31.370820999145508,-28.29705047607422,126.118408203125,129.700439453125,2019-07-13_06:00:00,36,,
DN190713_02,-29.662999571363013,128.11789655991424,2019-07-13T14:16:38,/mnt/L2_plus/events_trello/DN190713_02/WRF/wrfout_d04_2019-07-13_12:00:00,2019-07-13_12:00:00,2019-07-13_14:45:00,-31.370820999145508,-28.29705047607422,126.118408203125,129.700439453125,2019-07-13_12:00:00,12,,
DN190901_01,53.03730976145042,-112.86411647285532,2019-09-01T04:23:47,/mnt/L2_plus/events_trello/DN190901_01/WRF/wrfout_d04_2019-08-31_12:00:00,2019-08-31_12:00:00,2019-09-01_05:00:00,51.27705764770508,54.4014778137207,-115.81925964355469,-110.52621459960938,2019-08-31_12:00:00,35,,
DN190901_01,53.03730976145042,-112.86411647285532,2019-09-01T04:23:47,/mnt/L2_plus/events_trello/DN190901_01/WRF/wrfout_d04_2019-08-31_18:00:00,2019-08-31_18:00:00,2019-09-01_05:00:00,51.27705764770508,54.4014778137207,-115.81925964355469,-110.52621459960938,2019-08-31_18:00:00,23,,
DN190901_01,53.03730976145042,-112.86411647285532,2019-09-01T04:23:47,/mnt/L2_plus/events_trello/DN190901_01/WRF/wrfout_d04_2019-09-01_00:00:00,2019-09-01_00:00:00,2019-09-01_05:00:00,51.27705764770508,54.4014778137207,-115.81925964355469,-110.52621459960938,2019-09-01_00:00:00,11,,
DN191118_02,-30.63792677439671,127.55350136747555,2019-11-18T19:27:56,/mnt/L2_plus/events_trello/DN191118_02/WRF/wrfout_d04_2019-11-18_06:00:00,2019-11-18_06:00:00,2019-11-18_19:30:00,-31.595340728759766,-30.02737045288086,126.42800903320312,128.26687622070312,2019-11-18_06:00:00,28,,
DN191118_02,-30.63792677439671,127.55350136747555,2019-11-18T19:27:56,/mnt/L2_plus/events_trello/DN191118_02/WRF/wrfout_d04_2019-11-18_12:00:00,2019-11-18_12:00:00,2019-11-18_19:30:00,-31.595340728759766,-30.02737045288086,126.42800903320312,128.26687622070312,2019-11-18_12:00:00,16,,
DN191118_02,-30.63792677439671,127.55350136747555,2019-11-18T19:27:56,/mnt/L2_plus/events_trello/DN191118_02/WRF/wrfout_d04_2019-11-18_18:00:00,2019-11-18_18:00:00,2019-11-18_19:30:00,-32.32976531982422,-29.286300659179688,125.54571533203125,129.144775390625,2019-11-18_18:00:00,4,,
DN191205_01,-30.611483280229937,129.03350723173025,2019-12-05T16:06:46,/mnt/L2_plus/events_trello/DN191205_01/WRF/wrfout_d04_2019-12-04_18:00:00,2019-12-04_18:00:00,2019-12-05_17:00:00,-32.30375671386719,-29.26060676574707,127.026123046875,130.62380981445312,2019-12-04_18:00:00,24,,
DN191205_01,-30.611483280229937,129.03350723173025,2019-12-05T16:06:46,/mnt/L2_plus/events_trello/DN191205_01/WRF/wrfout_d04_2019-12-05_00:00:00,2019-12-05_00:00:00,2019-12-05_17:00:00,-32.30375671386719,-29.26060676574707,127.026123046875,130.62380981445312,2019-12-05_00:00:00,18,,
DN191205_01,-30.611483280229937,129.03350723173025,2019-12-05T16:06:46,/mnt/L2_plus/events_trello/DN191205_01/WRF/wrfout_d04_2019-12-05_06:00:00,2019-12-05_06:00:00,2019-12-05_17:00:00,-32.30375671386719,-29.26060676574707,127.026123046875,130.62380981445312,2019-12-05_06:00:00,12,,
DN191205_01,-30.611483280229937,129.03350723173025,2019-12-05T16:06:46,/mnt/L2_plus/events_trello/DN191205_01/WRF/wrfout_d04_2019-12-05_12:00:00,2019-12-05_12:00:00,2019-12-05_17:00:00,-32.30375671386719,-29.26060676574707,127.026123046875,130.62380981445312,2019-12-05_12:00:00,6,,
DN191205_02,-29.319802954520924,129.12714208431828,2019-12-05T13:28:11,/mnt/L2_plus/events_trello/DN191205_02/WRF/wrfout_d04_2019-12-05_00:00:00,2019-12-05_00:00:00,2019-12-05_14:00:00,-30.999422073364258,-27.97357940673828,127.16107177734375,130.69061279296875,2019-12-05_00:00:00,29,,
DN191205_02,-29.319802954520924,129.12714208431828,2019-12-05T13:28:11,/mnt/L2_plus/events_trello/DN191205_02/WRF/wrfout_d04_2019-12-05_06:00:00,2019-12-05_06:00:00,2019-12-05_14:00:00,-30.999422073364258,-27.97357940673828,127.16107177734375,130.69061279296875,2019-12-05_06:00:00,17,,
DN191205_02,-29.319802954520924,129.12714208431828,2019-12-05T13:28:11,/mnt/L2_plus/events_trello/DN191205_02/WRF/wrfout_d04_2019-12-05_12:00:00,2019-12-05_12:00:00,2019-12-05_14:00:00,-30.999422073364258,-27.97357940673828,127.16107177734375,130.69061279296875,2019-12-05_12:00:00,5,,
DN191211_02,-33.96824579386513,149.17164798852932,2019-12-11T13:29:46,/mnt/L2_plus/events_trello/DN191211_02/WRF/wrfout_d04_2019-12-11_12:00:00,2019-12-11_12:00:00,2019-12-11_14:00:00,-35.680877685546875,-32.59868240356445,147.05862426757812,150.84405517578125,2019-12-11_12:00:00,5,,
DN200130_01,-32.306244,119.73285009,2020-01-04T12:29:00,/mnt/L2_plus/events_trello/DN200104_01/WRF/wrfout_d04_2020-01-04_00:00:00,2020-01-04_00:00:00,2020-01-04_13:00:00,-34.00920867919922,-30.945301055908203,117.67291259765625,121.36328125,2020-01-04_00:00:00,27,,
DN200130_01,-32.306244,119.73285009,2020-01-04T12:29:00,/mnt/L2_plus/events_trello/DN200104_01/WRF/wrfout_d04_2020-01-04_06:00:00,2020-01-04_06:00:00,2020-01-04_13:00:00,-34.00920867919922,-30.945301055908203,117.67291259765625,121.36328125,2020-01-04_06:00:00,15,,
DN200130_01,-32.306244,119.73285009,2020-01-04T12:29:00,/mnt/L2_plus/events_trello/DN200104_01/WRF/wrfout_d04_2020-01-04_12:00:00,2020-01-04_12:00:00,2020-01-04_13:00:00,-34.00920867919922,-30.945301055908203,117.67291259765625,121.36328125,2020-01-04_12:00:00,3,,
DN200113_01,-30.626836269078144,115.95622608383411,2020-01-13T16:50:54,/mnt/L2_plus/events_trello/DN200113_01/WRF/wrfout_d04_2020-01-13_06:00:00,2020-01-13_06:00:00,2020-01-13_17:00:00,-32.319129943847656,-29.27579689025879,113.9461669921875,117.544677734375,2020-01-13_06:00:00,12,,
DN200113_01,-30.626836269078144,115.95622608383411,2020-01-13T16:50:54,/mnt/L2_plus/events_trello/DN200113_01/WRF/wrfout_d04_2020-01-13_12:00:00,2020-01-13_12:00:00,2020-01-13_17:00:00,-32.319129943847656,-29.27579689025879,113.9461669921875,117.544677734375,2020-01-13_12:00:00,6,,
DN200130_01,32.2143649,-116.672918,2020-01-30T06:21:55,/mnt/L2_plus/events_trello/DN200130_01/WRF/wrfout_d04_2020-01-29_12:00:00,2020-01-30_00:00:00,2020-01-30_07:00:00,30.502225875854492,33.56088638305664,-118.71902465820312,-115.05343627929688,2020-01-30_00:00:00,15,,
DN200130_01,32.2143649,-116.672918,2020-01-30T06:21:55,/mnt/L2_plus/events_trello/DN200130_01/WRF/wrfout_d04_2020-01-29_18:00:00,2020-01-30_00:00:00,2020-01-30_07:00:00,30.502225875854492,33.56088638305664,-118.71902465820312,-115.05343627929688,2020-01-30_00:00:00,15,,
DN200130_01,32.2143649,-116.672918,2020-01-30T06:21:55,/mnt/L2_plus/events_trello/DN200130_01/WRF/wrfout_d04_2020-01-30_00:00:00,2020-01-30_00:00:00,2020-01-30_07:00:00,30.502225875854492,33.56088638305664,-118.71902465820312,-115.05343627929688,2020-01-30_00:00:00,15,,
DN200130_01,32.2143649,-116.672918,2020-01-30T06:21:55,/mnt/L2_plus/events_trello/DN200130_01/WRF/wrfout_d04_2020-01-30_06:00:00,2020-01-30_06:00:00,2020-01-30_07:00:00,30.502225875854492,33.56088638305664,-118.71902465820312,-115.05343627929688,2020-01-30_06:00:00,3,,
DN200205_01,-31.503097080099458,117.17835356966502,2020-02-05T17:31:41,/mnt/L2_plus/events_trello/DN200205_01/WRF/wrfout_d04_2020-02-05_06:00:00,2020-02-05_06:00:00,2020-02-05_18:00:00,-33.201080322265625,-30.14674186706543,115.14324951171875,118.7891845703125,2020-02-05_06:00:00,25,,
DN200205_01,-31.503097080099458,117.17835356966502,2020-02-05T17:31:41,/mnt/L2_plus/events_trello/DN200205_01/WRF/wrfout_d04_2020-02-05_12:00:00,2020-02-05_12:00:00,2020-02-05_18:00:00,-33.201080322265625,-30.14674186706543,115.14324951171875,118.7891845703125,2020-02-05_12:00:00,13,,
DN200226_01,26.344587832023688,44.10420558809901,2020-02-26T23:01:00,/mnt/L2_plus/events_trello/DN200226_01/WRF/wrfout_d04_2020-02-26_00:00:00,2020-02-26_00:00:00,2020-02-27_00:00:00,24.675521850585938,27.65152359008789,42.219940185546875,45.584197998046875,2020-02-26_00:00:00,25,,
DN200226_01,26.344587832023688,44.10420558809901,2020-02-26T23:01:00,/mnt/L2_plus/events_trello/DN200226_01/WRF/wrfout_d04_2020-02-26_06:00:00,2020-02-26_06:00:00,2020-02-27_00:00:00,25.34832763671875,26.96106719970703,42.996910095214844,44.79370880126953,2020-02-26_06:00:00,19,,
DN200226_01,26.344587832023688,44.10420558809901,2020-02-26T23:01:00,/mnt/L2_plus/events_trello/DN200226_01/WRF/wrfout_d04_2020-02-26_12:00:00,2020-02-26_12:00:00,2020-02-27_00:00:00,25.34832763671875,26.96106719970703,42.996910095214844,44.79370880126953,2020-02-26_12:00:00,13,,
DN200226_01,26.344587832023688,44.10420558809901,2020-02-26T23:01:00,/mnt/L2_plus/events_trello/DN200226_01/WRF/wrfout_d04_2020-02-26_18:00:00,2020-02-26_18:00:00,2020-02-27_00:00:00,25.34832763671875,26.96106719970703,42.996910095214844,44.79370880126953,2020-02-26_18:00:00,7,,
DN200331_01,-30.775839134737993,141.28553923455718,2020-03-31T10:35:26,/mnt/L2_plus/events_trello/DN200331_01/WRF/wrfout_d04_2020-03-31_00:00:00,2020-03-31_00:00:00,2020-03-31_11:00:00,-32.4691276550293,-29.42389488220215,139.27249145507812,142.87899780273438,2020-03-31_00:00:00,67,,
DN200331_01,-30.775839134737993,141.28553923455718,2020-03-31T10:35:26,/mnt/L2_plus/events_trello/DN200331_01/WRF/wrfout_d04_2020-03-31_06:00:00,2020-03-31_06:00:00,2020-03-31_11:00:00,-32.4691276550293,-29.42389488220215,139.27249145507812,142.87899780273438,2020-03-31_06:00:00,31,,
DN200416_01,-34.30565198347406,137.53217001910528,2020-04-16T17:24:23,/mnt/L2_plus/events_trello/DN200416_01/WRF/wrfout_d04_2020-04-16_06:00:00,2020-04-16_06:00:00,2020-04-16_18:00:00,-36.01968002319336,-32.93404769897461,135.4080810546875,139.21331787109375,2020-04-16_06:00:00,25,,
DN200416_01,-34.30565198347406,137.53217001910528,2020-04-16T17:24:23,/mnt/L2_plus/events_trello/DN200416_01/WRF/wrfout_d04_2020-04-16_12:00:00,2020-04-16_12:00:00,2020-04-16_18:00:00,-36.01968002319336,-32.93404769897461,135.4080810546875,139.21331787109375,2020-04-16_12:00:00,13,,
DN200502_01,53.171064769184845,-115.19649775038124,2020-05-02T04:45:23,/mnt/L2_plus/events_trello/DN200502_01/WRF/wrfout_d03_2020-05-01_12:00:00,2020-05-01_12:00:00,2020-05-02_05:00:00,50.667572021484375,55.26904296875,-119.44821166992188,-111.53045654296875,2020-05-01_12:00:00,69,,
DN200502_01,53.171064769184845,-115.19649775038124,2020-05-02T04:45:23,/mnt/L2_plus/events_trello/DN200502_01/WRF/wrfout_d03_2020-05-01_18:00:00,2020-05-01_18:00:00,2020-05-02_05:00:00,50.667572021484375,55.26904296875,-119.44821166992188,-111.53045654296875,2020-05-01_18:00:00,45,,
DN200502_01,53.171064769184845,-115.19649775038124,2020-05-02T04:45:23,/mnt/L2_plus/events_trello/DN200502_01/WRF/wrfout_d03_2020-05-02_00:00:00,2020-05-02_00:00:00,2020-05-02_05:00:00,50.667572021484375,55.26904296875,-119.44821166992188,-111.53045654296875,2020-05-02_00:00:00,21,,
DN200503_06,-28.192096752443362,123.35387632021997,2020-05-03T11:35:39,/mnt/L2_plus/events_trello/DN200503_06/WRF/wrfout_d04_2020-05-02_12:00:00,2020-05-02_12:00:00,2020-05-03_12:00:00,-29.899877548217773,-26.826961517333984,121.38455200195312,124.91253662109375,2020-05-02_12:00:00,97,,
DN200503_06,-28.192096752443362,123.35387632021997,2020-05-03T11:35:39,/mnt/L2_plus/events_trello/DN200503_06/WRF/wrfout_d04_2020-05-02_18:00:00,2020-05-02_18:00:00,2020-05-03_12:00:00,-29.899877548217773,-26.826961517333984,121.38455200195312,124.91253662109375,2020-05-02_18:00:00,73,,
DN200503_06,-28.192096752443362,123.35387632021997,2020-05-03T11:35:39,/mnt/L2_plus/events_trello/DN200503_06/WRF/wrfout_d04_2020-05-03_00:00:00,2020-05-03_00:00:00,2020-05-03_12:00:00,-29.899877548217773,-26.826961517333984,121.38455200195312,124.91253662109375,2020-05-03_00:00:00,49,,
DN200503_06,-28.192096752443362,123.35387632021997,2020-05-03T11:35:39,/mnt/L2_plus/events_trello/DN200503_06/WRF/wrfout_d04_2020-05-03_06:00:00,2020-05-03_06:00:00,2020-05-03_12:00:00,-29.899877548217773,-26.826961517333984,121.38455200195312,124.91253662109375,2020-05-03_06:00:00,25,,
DN200516_02,40.770337910650554,-121.97350219786266,2020-05-16T07:13:42,/mnt/L2_plus/events_trello/DN200516_02/WRF/wrfout_d04_2020-05-16_06:00:00,2020-05-16_06:00:00,2020-05-16_07:45:00,39.041221618652344,42.12206268310547,-124.27532958984375,-120.15155029296875,2020-05-16_06:00:00,8,,
DN200605_02,-29.2050895853794,134.01767141443207,2020-06-05T17:54:02,/mnt/L2_plus/events_trello/DN200605_02/WRF/wrfout_d04_2020-06-04_18:00:00,2020-06-04_18:00:00,2020-06-05_18:15:00,-30.91287612915039,-27.839401245117188,132.02783203125,135.59259033203125,2020-06-04_18:00:00,98,,
DN200605_02,-29.2050895853794,134.01767141443207,2020-06-05T17:54:02,/mnt/L2_plus/events_trello/DN200605_02/WRF/wrfout_d04_2020-06-05_00:00:00,2020-06-05_00:00:00,2020-06-05_18:15:00,-30.91287612915039,-27.839401245117188,132.02783203125,135.59259033203125,2020-06-05_00:00:00,74,,
DN200605_02,-29.2050895853794,134.01767141443207,2020-06-05T17:54:02,/mnt/L2_plus/events_trello/DN200605_02/WRF/wrfout_d04_2020-06-05_06:00:00,2020-06-05_06:00:00,2020-06-05_18:15:00,-30.91287612915039,-27.839401245117188,132.02783203125,135.59259033203125,2020-06-05_06:00:00,50,,
DN200605_02,-29.2050895853794,134.01767141443207,2020-06-05T17:54:02,/mnt/L2_plus/events_trello/DN200605_02/WRF/wrfout_d04_2020-06-05_12:00:00,2020-06-05_12:00:00,2020-06-05_18:15:00,-30.91287612915039,-27.839401245117188,132.02783203125,135.59259033203125,2020-06-05_12:00:00,26,,
DN200609_01,-32.69827601346555,120.21864768612988,2020-06-09T13:04:49,/mnt/L2_plus/events_trello/DN200609_01/WRF/wrfout_d04_2020-06-08_18:00:00,2020-06-08_18:00:00,2020-06-09_13:30:00,-34.40607833862305,-31.330522537231445,118.14950561523438,121.85635375976562,2020-06-08_18:00:00,79,,
DN200609_01,-32.69827601346555,120.21864768612988,2020-06-09T13:04:49,/mnt/L2_plus/events_trello/DN200609_01/WRF/wrfout_d04_2020-06-09_00:00:00,2020-06-09_00:00:00,2020-06-09_13:30:00,-34.40607833862305,-31.330522537231445,118.14950561523438,121.85635375976562,2020-06-09_00:00:00,55,,
DN200609_01,-32.69827601346555,120.21864768612988,2020-06-09T13:04:49,/mnt/L2_plus/events_trello/DN200609_01/WRF/wrfout_d04_2020-06-09_06:00:00,2020-06-09_06:00:00,2020-06-09_13:30:00,-34.40607833862305,-31.330522537231445,118.14950561523438,121.85635375976562,2020-06-09_06:00:00,31,,
DN200609_01,-32.69827601346555,120.21864768612988,2020-06-09T13:04:49,/mnt/L2_plus/events_trello/DN200609_01/WRF/wrfout_d04_2020-06-09_12:00:00,2020-06-09_12:00:00,2020-06-09_13:30:00,-34.40607833862305,-31.330522537231445,118.14950561523438,121.85635375976562,2020-06-09_12:00:00,7,,
DN200611_01,-32.39934814531339,140.43651872449558,2020-06-11T10:40:30,/mnt/L2_plus/events_trello/DN200611_01/WRF/wrfout_d04_2020-06-11_00:00:00,2020-06-11_00:00:00,2020-06-11_11:00:00,-34.08711624145508,-31.048934936523438,138.396728515625,142.04803466796875,2020-06-11_00:00:00,45,,
DN200611_01,-32.39934814531339,140.43651872449558,2020-06-11T10:40:30,/mnt/L2_plus/events_trello/DN200611_01/WRF/wrfout_d04_2020-06-11_06:00:00,2020-06-11_06:00:00,2020-06-11_11:00:00,-34.08711624145508,-31.048934936523438,138.396728515625,142.04803466796875,2020-06-11_06:00:00,21,,
DN200619_01,-31.974060067163762,126.90159818358515,2020-06-19T20:05:07,/mnt/L2_plus/events_trello/DN200619_01/WRF/wrfout_d04_2020-06-19_00:00:00,2020-06-19_00:00:00,2020-06-19_20:30:00,-33.66245651245117,-30.61954116821289,124.86764526367188,128.5101318359375,2020-06-19_00:00:00,124,,
DN200619_01,-31.974060067163762,126.90159818358515,2020-06-19T20:05:07,/mnt/L2_plus/events_trello/DN200619_01/WRF/wrfout_d04_2020-06-19_06:00:00,2020-06-19_06:00:00,2020-06-19_20:30:00,-33.66245651245117,-30.61954116821289,124.86764526367188,128.5101318359375,2020-06-19_06:00:00,88,,
DN200619_01,-31.974060067163762,126.90159818358515,2020-06-19T20:05:07,/mnt/L2_plus/events_trello/DN200619_01/WRF/wrfout_d04_2020-06-19_12:00:00,2020-06-19_12:00:00,2020-06-19_23:00:00,-33.66245651245117,-30.61954116821289,124.86764526367188,128.5101318359375,2020-06-19_12:00:00,67,,
DN200619_01,-31.974060067163762,126.90159818358515,2020-06-19T20:05:07,/mnt/L2_plus/events_trello/DN200619_01/WRF/wrfout_d04_2020-06-19_18:00:00,2020-06-19_18:00:00,2020-06-19_23:00:00,-33.66245651245117,-30.61954116821289,124.86764526367188,128.5101318359375,2020-06-19_18:00:00,31,,
DN200701_01,-32.93259353897963,119.40924007110499,2020-07-01T13:11:05,/mnt/L2_plus/events_trello/DN200701_01/WRF/wrfout_d03_2020-07-01_12:00:00,2020-07-01_12:00:00,2020-07-01_13:30:00,-34.57975387573242,-31.675247192382812,117.40969848632812,120.91717529296875,2020-07-01_12:00:00,7,,
DN200813_01,-33.24676149301452,119.34080972533292,2020-08-13T13:50:47,/mnt/L2_plus/events_trello/DN200813_01/WRF/wrfout_d04_2020-08-13_00:00:00,2020-08-13_00:00:00,2020-08-13_14:00:00,-34.934165954589844,-31.89423179626465,117.28009033203125,120.96917724609375,2020-08-13_00:00:00,85,,
DN200813_01,-33.24676149301452,119.34080972533292,2020-08-13T13:50:47,/mnt/L2_plus/events_trello/DN200813_01/WRF/wrfout_d04_2020-08-13_06:00:00,2020-08-13_06:00:00,2020-08-13_14:00:00,-34.934165954589844,-31.89423179626465,117.28009033203125,120.96917724609375,2020-08-13_06:00:00,49,,
DN200813_01,-33.24676149301452,119.34080972533292,2020-08-13T13:50:47,/mnt/L2_plus/events_trello/DN200813_01/WRF/wrfout_d04_2020-08-13_12:00:00,2020-08-13_12:00:00,2020-08-13_14:00:00,-34.934165954589844,-31.89423179626465,117.28009033203125,120.96917724609375,2020-08-13_12:00:00,13,,
DN200814_01,-31.015152123304592,118.22822481675372,2020-08-14T18:37:18,/mnt/L2_plus/events_trello/DN200814_01/WRF/wrfout_d04_2020-08-14_18:00:00,2020-08-14_18:00:00,2020-08-14_19:00:00,-32.713829040527344,-29.675752639770508,116.2142333984375,119.804931640625,2020-08-14_18:00:00,4,,
DN200902_01,-32.308381510589506,134.76226136342447,2020-09-02T16:04:47,/mnt/L2_plus/events_trello/DN200902_01/WRF/wrfout_d03_2020-09-02_00:00:00,2020-09-02_00:00:00,2020-09-02_16:30:00,-33.968502044677734,-31.041488647460938,132.76123046875,136.27133178710938,2020-09-02_00:00:00,100,,
DN200902_01,-32.308381510589506,134.76226136342447,2020-09-02T16:04:47,/mnt/L2_plus/events_trello/DN200902_01/WRF/wrfout_d03_2020-09-02_06:00:00,2020-09-02_06:00:00,2020-09-02_16:30:00,-33.968502044677734,-31.041488647460938,132.76123046875,136.27133178710938,2020-09-02_06:00:00,64,,
DN200902_01,-32.308381510589506,134.76226136342447,2020-09-02T16:04:47,/mnt/L2_plus/events_trello/DN200902_01/WRF/wrfout_d03_2020-09-02_12:00:00,2020-09-02_12:00:00,2020-09-02_16:30:00,-33.968502044677734,-31.041488647460938,132.76123046875,136.27133178710938,2020-09-02_12:00:00,28,,
DN200910_01,-31.13439218006235,136.51027117383342,2020-09-10T10:12:05,/mnt/L2_plus/events_trello/DN200910_01/WRF/wrfout_d04_2020-09-09_18:00:00,2020-09-09_18:00:00,2020-09-10_10:30:00,-32.821834564208984,-29.78387451171875,134.50390625,138.0986328125,2020-09-09_18:00:00,100,,
DN200910_01,-31.13439218006235,136.51027117383342,2020-09-10T10:12:05,/mnt/L2_plus/events_trello/DN200910_01/WRF/wrfout_d04_2020-09-10_00:00:00,2020-09-10_00:00:00,2020-09-10_10:30:00,-32.821834564208984,-29.78387451171875,134.50390625,138.0986328125,2020-09-10_00:00:00,64,,
DN200910_01,-31.13439218006235,136.51027117383342,2020-09-10T10:12:05,/mnt/L2_plus/events_trello/DN200910_01/WRF/wrfout_d04_2020-09-10_06:00:00,2020-09-10_06:00:00,2020-09-10_10:30:00,-32.821834564208984,-29.78387451171875,134.50390625,138.0986328125,2020-09-10_06:00:00,28,,
DN201027_01,38.8943124029028,-119.6063585326279,2020-10-27T11:03:44,/mnt/L2_plus/events_trello/DN201027_01/WRF/wrfout_d04_2020-10-27_06:00:00,2020-10-27_06:00:00,2020-10-27_11:30:00,37.16653060913086,40.24601745605469,-121.84321594238281,-117.83589172363281,2020-10-27_06:00:00,23,/software/projects/pawsey0851/mcu/WRF/run/skelet_4.4.2_setonix_large_fine_time,24h
DN201119_01,35.28428691524969,-117.89203419128421,2020-11-19T10:03:16,/mnt/L2_plus/events_trello/DN201119_01/WRF/wrfout_d04_2020-11-19_06:00:00,2020-11-19_06:00:00,2020-11-19_11:00:00,33.52819061279297,36.66319274902344,-119.564453125,-115.73037719726562,2020-11-19_06:00:00,6,,
DN201205_01,-29.976049520903956,135.36774728761083,2020-12-05T17:28:54,/mnt/L2_plus/events_trello/DN201205_01/WRF/wrfout_d02_2020-12-05_00:00:00,2020-12-05_00:00:00,2020-12-05_18:00:00,-34.531005859375,-24.138654708862305,128.46554565429688,140.88922119140625,2020-12-05_00:00:00,37,,
DN201205_01,-29.976049520903956,135.36774728761083,2020-12-05T17:28:54,/mnt/L2_plus/events_trello/DN201205_01/WRF/wrfout_d02_2020-12-05_06:00:00,2020-12-05_06:00:00,2020-12-05_18:00:00,-34.531005859375,-24.138654708862305,128.46554565429688,140.88922119140625,2020-12-05_06:00:00,25,,
DN201205_01,-29.976049520903956,135.36774728761083,2020-12-05T17:28:54,/mnt/L2_plus/events_trello/DN201205_01/WRF/wrfout_d02_2020-12-05_12:00:00,2020-12-05_12:00:00,2020-12-05_18:00:00,-34.531005859375,-24.138654708862305,128.46554565429688,140.88922119140625,2020-12-05_12:00:00,13,,
DN201205_01,-29.976049520903956,135.36774728761083,2020-12-05T17:28:54,/mnt/L2_plus/events_trello/DN201205_01/WRF/wrfout_d04_2020-12-05_12:00:00,2020-12-05_12:00:00,2020-12-05_18:00:00,-31.683855056762695,-28.609922409057617,133.36154174804688,136.95562744140625,2020-12-05_12:00:00,25,,
DN201218_02,34.319925998410035,-5.437071109421009,2020-12-18T21:46:17,/mnt/L2_plus/events_trello/DN201218_02/WRF/wrfout_d04_2020-12-18_18:00:00.HDF,2020-12-18_18:00:00,2020-12-18_22:00:00,32.61529541015625,35.65620803833008,-7.5146484375,-3.792694091796875,2020-12-18_18:00:00,17,,
DN210122_01,51.04788154319375,3.990530711985342,2021-01-22T06:51:50,/mnt/L2_plus/events_trello/DN210122_01/WRF/wrfout_d03_2021-01-21_18:00:00,2021-01-21_18:00:00,2021-01-22_07:00:00,48.577720642089844,53.12937545776367,-0.01971435546875,7.45477294921875,2021-01-21_18:00:00,14,,
DN210122_01,51.04788154319375,3.990530711985342,2021-01-22T06:51:50,/mnt/L2_plus/events_trello/DN210122_01/WRF/wrfout_d03_2021-01-22_00:00:00,2021-01-22_00:00:00,2021-01-22_07:00:00,48.577720642089844,53.12937545776367,-0.01971435546875,7.45477294921875,2021-01-22_00:00:00,8,,
DN210122_01,51.04788154319375,3.990530711985342,2021-01-22T06:51:50,/mnt/L2_plus/events_trello/DN210122_01/WRF/wrfout_d03_2021-01-22_06:00:00,2021-01-22_06:00:00,2021-01-22_07:00:00,48.577720642089844,53.12937545776367,-0.01971435546875,7.45477294921875,2021-01-22_06:00:00,2,,
DN210211_01,-31.663439636504943,116.1020415271742,2021-02-11T16:09:16,/mnt/L2_plus/events_trello/DN210211_01/WRF/wrfout_d03_2021-02-10_18:00:00,2021-02-10_18:00:00,2021-02-11_16:30:00,-34.07417678833008,-29.55085563659668,113.19384765625,118.61383056640625,2021-02-10_18:00:00,91,/software/projects/pawsey0851/mcu/WRF/run/skelet_4.4.2_setonix_large_3dom,
DN210211_01,-31.663439636504943,116.1020415271742,2021-02-11T16:09:16,/mnt/L2_plus/events_trello/DN210211_01/WRF/wrfout_d03_2021-02-11_00:00:00,2021-02-11_00:00:00,2021-02-11_16:30:00,-34.07417678833008,-29.55085563659668,113.19384765625,118.61383056640625,2021-02-11_00:00:00,67,/software/projects/pawsey0851/mcu/WRF/run/skelet_4.4.2_setonix_large_3dom,
DN210211_01,-31.663439636504943,116.1020415271742,2021-02-11T16:09:16,/mnt/L2_plus/events_trello/DN210211_01/WRF/wrfout_d03_2021-02-11_06:00:00,2021-02-11_06:00:00,2021-02-11_16:30:00,-34.07417678833008,-29.55085563659668,113.19384765625,118.61383056640625,2021-02-11_06:00:00,43,/software/projects/pawsey0851/mcu/WRF/run/skelet_4.4.2_setonix_large_3dom,
DN210211_01,-31.663439636504943,116.1020415271742,2021-02-11T16:09:16,/mnt/L2_plus/events_trello/DN210211_01/WRF/wrfout_d03_2021-02-11_12:00:00,2021-02-11_12:00:00,2021-02-11_16:30:00,-34.07417678833008,-29.55085563659668,113.19384765625,118.61383056640625,2021-02-11_12:00:00,19,/software/projects/pawsey0851/mcu/WRF/run/skelet_4.4.2_setonix_large_3dom,
DN210228_02,51.936938739491694,-2.1525844861169867,2021-02-28T21:54:17,/mnt/L2_plus/events_trello/DN210228_02/WRF/wrfout_d03_2021-02-28_06:00:00,2021-02-28_06:00:00,2021-02-28_23:00:00,50.23704528808594,53.197265625,-4.942169189453125,-0.055755615234375,2021-02-28_06:00:00,18,,
DN210228_02,51.936938739491694,-2.1525844861169867,2021-02-28T21:54:17,/mnt/L2_plus/events_trello/DN210228_02/WRF/wrfout_d03_2021-02-28_12:00:00,2021-02-28_12:00:00,2021-02-28_23:00:00,50.23704528808594,53.197265625,-4.942169189453125,-0.055755615234375,2021-02-28_12:00:00,12,,
DN210228_02,51.936938739491694,-2.1525844861169867,2021-02-28T21:54:17,/mnt/L2_plus/events_trello/DN210228_02/WRF/wrfout_d03_2021-02-28_18:00:00,2021-02-28_18:00:00,2021-02-28_23:00:00,50.23704528808594,53.197265625,-4.942169189453125,-0.055755615234375,2021-02-28_18:00:00,6,,
DN210305_01,-28.26273484851749,114.38708600650646,2021-03-05T12:39:02,/mnt/L2_plus/events_trello/DN210305_01/WRF/wrfout_d04_2021-03-04_18:00:00,2021-03-04_18:00:00,2021-03-05_13:00:00,-29.707122802734375,-27.16094398498535,112.7239990234375,115.64483642578125,2021-03-04_18:00:00,77,,
DN210305_01,-28.26273484851749,114.38708600650646,2021-03-05T12:39:02,/mnt/L2_plus/events_trello/DN210305_01/WRF/wrfout_d04_2021-03-05_00:00:00,2021-03-05_00:00:00,2021-03-05_13:00:00,-29.707122802734375,-27.16094398498535,112.7239990234375,115.64483642578125,2021-03-05_00:00:00,53,,
DN210305_01,-28.26273484851749,114.38708600650646,2021-03-05T12:39:02,/mnt/L2_plus/events_trello/DN210305_01/WRF/wrfout_d04_2021-03-05_06:00:00,2021-03-05_06:00:00,2021-03-05_13:00:00,-29.707122802734375,-27.16094398498535,112.7239990234375,115.64483642578125,2021-03-05_06:00:00,29,,
DN210305_01,-28.26273484851749,114.38708600650646,2021-03-05T12:39:02,/mnt/L2_plus/events_trello/DN210305_01/WRF/wrfout_d04_2021-03-05_12:00:00,2021-03-05_12:00:00,2021-03-05_13:00:00,-29.707122802734375,-27.16094398498535,112.7239990234375,115.64483642578125,2021-03-05_12:00:00,5,,
DN210310_01,-27.50381595352,119.86611918,2021-03-10T14:19:51,/mnt/L2_plus/events_trello/DN210310_01/WRF/wrfout_d04_2021-03-09_18:00:00,2021-03-09_18:00:00,2021-03-10_14:45:00,-29.211599349975586,-26.139066696166992,117.91015625,121.4141845703125,2021-03-09_18:00:00,84,,
DN210310_01,-27.50381595352,119.86611918,2021-03-10T14:19:51,/mnt/L2_plus/events_trello/DN210310_01/WRF/wrfout_d04_2021-03-10_00:00:00,2021-03-10_00:00:00,2021-03-10_14:45:00,-29.211599349975586,-26.139066696166992,117.91015625,121.4141845703125,2021-03-10_00:00:00,60,,
DN210310_01,-27.50381595352,119.86611918,2021-03-10T14:19:51,/mnt/L2_plus/events_trello/DN210310_01/WRF/wrfout_d04_2021-03-10_06:00:00,2021-03-10_06:00:00,2021-03-10_14:45:00,-29.211599349975586,-26.139066696166992,117.91015625,121.4141845703125,2021-03-10_06:00:00,36,,
DN210310_01,-27.50381595352,119.86611918,2021-03-10T14:19:51,/mnt/L2_plus/events_trello/DN210310_01/WRF/wrfout_d04_2021-03-10_12:00:00,2021-03-10_12:00:00,2021-03-10_14:45:00,-29.211599349975586,-26.139066696166992,117.91015625,121.4141845703125,2021-03-10_12:00:00,12,,
DN210312_01,-33.128691423077704,118.42516783376534,2021-03-12T11:54:00,/mnt/L2_plus/events_trello/DN210312_01/WRF/wrfout_d03_2021-03-11_18:00:00,2021-03-11_18:00:00,2021-03-12_12:00:00,-34.7728157043457,-31.86005401611328,116.40814208984375,119.93612670898438,2021-03-11_18:00:00,19,,
DN210312_01,-33.128691423077704,118.42516783376534,2021-03-12T11:54:00,/mnt/L2_plus/events_trello/DN210312_01/WRF/wrfout_d03_2021-03-12_00:00:00,2021-03-12_00:00:00,2021-03-12_12:00:00,-34.7728157043457,-31.86005401611328,116.40814208984375,119.93612670898438,2021-03-12_00:00:00,13,,
DN210312_01,-33.128691423077704,118.42516783376534,2021-03-12T11:54:00,/mnt/L2_plus/events_trello/DN210312_01/WRF/wrfout_d03_2021-03-12_06:00:00,2021-03-12_06:00:00,2021-03-12_12:00:00,-34.7728157043457,-31.86005401611328,116.40814208984375,119.93612670898438,2021-03-12_06:00:00,7,,
DN210401_01,-31.350781714375493,126.40653113204999,2021-04-01T15:56:32,/mnt/L2_plus/events_trello/DN210401_01/WRF/wrfout_d03_2021-04-01_00:00:00,2021-04-01_00:00:00,2021-04-01_16:00:00,-33.002166748046875,-30.093759536743164,124.44122314453125,127.89456176757812,2021-04-01_00:00:00,17,,
DN210401_01,-31.350781714375493,126.40653113204999,2021-04-01T15:56:32,/mnt/L2_plus/events_trello/DN210401_01/WRF/wrfout_d03_2021-04-01_06:00:00,2021-04-01_06:00:00,2021-04-01_16:00:00,-33.002166748046875,-30.093759536743164,124.44122314453125,127.89456176757812,2021-04-01_06:00:00,11,,
DN210401_01,-31.350781714375493,126.40653113204999,2021-04-01T15:56:32,/mnt/L2_plus/events_trello/DN210401_01/WRF/wrfout_d03_2021-04-01_12:00:00,2021-04-01_12:00:00,2021-04-01_16:00:00,-33.002166748046875,-30.093759536743164,124.44122314453125,127.89456176757812,2021-04-01_12:00:00,5,,
DN210507_04,32.425940029086206,-6.269298605017,2021-05-07T21:48:11,/mnt/L2_plus/events_trello/DN210507_04/WRF/wrfout_d04_2021-05-07_06:00:00,2021-05-07_06:00:00,2021-05-07_22:30:00,30.96152114868164,33.52718734741211,-8.019195556640625,-4.94586181640625,2021-05-07_06:00:00,34,,
DN210507_04,32.425940029086206,-6.269298605017,2021-05-07T21:48:11,/mnt/L2_plus/events_trello/DN210507_04/WRF/wrfout_d04_2021-05-07_12:00:00,2021-05-07_12:00:00,2021-05-07_22:30:00,30.96152114868164,33.52718734741211,-8.019195556640625,-4.94586181640625,2021-05-07_12:00:00,22,,
DN210507_04,32.425940029086206,-6.269298605017,2021-05-07T21:48:11,/mnt/L2_plus/events_trello/DN210507_04/WRF/wrfout_d04_2021-05-07_18:00:00,2021-05-07_18:00:00,2021-05-07_23:00:00,30.96152114868164,33.52718734741211,-8.019195556640625,-4.94586181640625,2021-05-07_18:00:00,11,,
DN210509_01,-32.55040165895697,133.9058802935365,2021-05-09T10:55:00,/mnt/L2_plus/events_trello/DN210509_01/WRF/wrfout_d04_2021-05-09_00:00:00,2021-05-09_00:00:00,2021-05-09_12:00:00,-33.99382400512695,-31.554866790771484,132.16580200195312,135.09454345703125,2021-05-09_00:00:00,13,,
DN210509_01,-32.55040165895697,133.9058802935365,2021-05-09T10:55:00,/mnt/L2_plus/events_trello/DN210509_01/WRF/wrfout_d04_2021-05-09_06:00:00,2021-05-09_06:00:00,2021-05-09_12:00:00,-33.99382400512695,-31.554866790771484,132.16580200195312,135.09454345703125,2021-05-09_06:00:00,7,,
DN210616_01,43.623276109593284,4.295733456457806,2021-06-16T22:24:49,/mnt/L2_plus/events_trello/DN210616_01/WRF/wrfout_d03_2021-06-16_18:00:00,2021-06-16_18:00:00,2021-06-16_23:00:00,41.89667892456055,44.99211883544922,1.8863525390625,6.231353759765625,2021-06-16_18:00:00,11,,
DN210616_01,43.623276109593284,4.295733456457806,2021-06-16T22:24:49,/mnt/L2_plus/events_trello/DN210616_01/WRF/wrfout_d04_2021-06-16_12:00:00,2021-06-16_12:00:00,2021-06-16_23:00:00,42.11612319946289,44.74995803833008,2.197998046875,5.88232421875,2021-06-16_12:00:00,23,,
DN210616_01,43.623276109593284,4.295733456457806,2021-06-16T22:24:49,/mnt/L2_plus/events_trello/DN210616_01/WRF/wrfout_d04_2021-06-16_18:00:00,2021-06-16_18:00:00,2021-06-16_23:00:00,42.11612319946289,44.74995803833008,2.197998046875,5.88232421875,2021-06-16_18:00:00,11,,
DN210627_01,-31.5042275152922,135.23268588470248,2021-06-27T12:12:03,/mnt/L2_plus/events_trello/DN210627_01/WRF/wrfout_d04_2021-06-26_18:00:00,2021-06-26_18:00:00,2021-06-27_12:45:00,-33.21202087402344,-30.137178421020508,133.19219970703125,136.84765625,2021-06-26_18:00:00,76,,
DN210627_01,-31.5042275152922,135.23268588470248,2021-06-27T12:12:03,/mnt/L2_plus/events_trello/DN210627_01/WRF/wrfout_d04_2021-06-27_00:00:00,2021-06-27_00:00:00,2021-06-27_12:45:00,-33.21202087402344,-30.137178421020508,133.19219970703125,136.84765625,2021-06-27_00:00:00,52,,
DN210627_01,-31.5042275152922,135.23268588470248,2021-06-27T12:12:03,/mnt/L2_plus/events_trello/DN210627_01/WRF/wrfout_d04_2021-06-27_06:00:00,2021-06-27_06:00:00,2021-06-27_12:45:00,-33.21202087402344,-30.137178421020508,133.19219970703125,136.84765625,2021-06-27_06:00:00,28,,
DN210627_01,-31.5042275152922,135.23268588470248,2021-06-27T12:12:03,/mnt/L2_plus/events_trello/DN210627_01/WRF/wrfout_d04_2021-06-27_12:00:00,2021-06-27_12:00:00,2021-06-27_12:45:00,-33.21202087402344,-30.137178421020508,133.19219970703125,136.84765625,2021-06-27_12:00:00,4,,
DN210701_01,-33.27483643074483,137.204754149528,2021-07-01T11:42:43,/mnt/L2_plus/events_trello/DN210701_01/WRF/wrfout_d04_2021-06-30_18:00:00,2021-06-30_18:00:00,2021-07-01_12:00:00,-34.73676300048828,-32.15969467163086,135.41912841796875,138.54904174804688,2021-06-30_18:00:00,73,,
DN210701_01,-33.27483643074483,137.204754149528,2021-07-01T11:42:43,/mnt/L2_plus/events_trello/DN210701_01/WRF/wrfout_d04_2021-07-01_00:00:00,2021-07-01_00:00:00,2021-07-01_12:00:00,-34.73676300048828,-32.15969467163086,135.41912841796875,138.54904174804688,2021-07-01_00:00:00,49,,
DN210701_01,-33.27483643074483,137.204754149528,2021-07-01T11:42:43,/mnt/L2_plus/events_trello/DN210701_01/WRF/wrfout_d04_2021-07-01_06:00:00,2021-07-01_06:00:00,2021-07-01_12:00:00,-34.73676300048828,-32.15969467163086,135.41912841796875,138.54904174804688,2021-07-01_06:00:00,25,,
DN210707_02,-32.76768488572447,138.49631163251246,2021-07-07T18:02:32,/mnt/L2_plus/events_trello/DN210707_02/WRF/wrfout_d04_2021-07-07_00:00:00,2021-07-07_12:00:00,2021-07-07_18:30:00,-34.22649383544922,-31.654123306274414,136.7279052734375,139.833740234375,2021-07-07_12:00:00,40,,
DN210707_02,-32.76768488572447,138.49631163251246,2021-07-07T18:02:32,/mnt/L2_plus/events_trello/DN210707_02/WRF/wrfout_d04_2021-07-07_06:00:00,2021-07-07_12:00:00,2021-07-07_18:30:00,-34.22649383544922,-31.654123306274414,136.7279052734375,139.833740234375,2021-07-07_12:00:00,40,,
DN210707_02,-32.76768488572447,138.49631163251246,2021-07-07T18:02:32,/mnt/L2_plus/events_trello/DN210707_02/WRF/wrfout_d04_2021-07-07_12:00:00,2021-07-07_12:00:00,2021-07-07_18:30:00,-34.22649383544922,-31.654123306274414,136.7279052734375,139.833740234375,2021-07-07_12:00:00,40,,
DN210707_02,-32.76768488572447,138.49631163251246,2021-07-07T18:02:32,/mnt/L2_plus/events_trello/DN210707_02/WRF/wrfout_d04_2021-07-07_18:00:00,2021-07-07_18:00:00,2021-07-07_18:30:00,-34.22649383544922,-31.654123306274414,136.7279052734375,139.833740234375,2021-07-07_18:00:00,4,,
DN210727_01,-31.60042565547212,127.24493491365287,2021-07-27T15:03:43,/mnt/L2_plus/events_trello/DN210727_01/WRF/wrfout_d04_2021-07-27_00:00:00,2021-07-27_00:00:00,2021-07-27_16:00:00,-33.020118713378906,-30.44390869140625,125.52764892578125,128.58456420898438,2021-07-27_00:00:00,33,,
DN210727_01,-31.60042565547212,127.24493491365287,2021-07-27T15:03:43,/mnt/L2_plus/events_trello/DN210727_01/WRF/wrfout_d04_2021-07-27_06:00:00,2021-07-27_06:00:00,2021-07-27_16:00:00,-33.020118713378906,-30.44390869140625,125.52764892578125,128.58456420898438,2021-07-27_06:00:00,21,,
DN210727_01,-31.60042565547212,127.24493491365287,2021-07-27T15:03:43,/mnt/L2_plus/events_trello/DN210727_01/WRF/wrfout_d04_2021-07-27_12:00:00,2021-07-27_12:00:00,2021-07-27_16:00:00,-33.020118713378906,-30.44390869140625,125.52764892578125,128.58456420898438,2021-07-27_12:00:00,9,,
DN210806_02,34.60970719624486,-4.495928193472088,2021-08-06T21:12:14,/mnt/L2_plus/events_trello/DN210806_02/WRF/wrfout_d04_2021-08-06_06:00:00,2021-08-06_06:00:00,2021-08-06_21:30:00,33.07831954956055,35.636688232421875,-6.31475830078125,-3.18017578125,2021-08-06_06:00:00,63,,
DN210806_02,34.60970719624486,-4.495928193472088,2021-08-06T21:12:14,/mnt/L2_plus/events_trello/DN210806_02/WRF/wrfout_d04_2021-08-06_12:00:00,2021-08-06_12:00:00,2021-08-06_21:30:00,33.07831954956055,35.636688232421875,-6.31475830078125,-3.18017578125,2021-08-06_12:00:00,39,,
DN210806_02,34.60970719624486,-4.495928193472088,2021-08-06T21:12:14,/mnt/L2_plus/events_trello/DN210806_02/WRF/wrfout_d04_2021-08-06_18:00:00,2021-08-06_18:00:00,2021-08-06_21:30:00,33.07831954956055,35.636688232421875,-6.31475830078125,-3.18017578125,2021-08-06_18:00:00,15,,
DN210820_01,-32.48063465944947,136.26042868738008,2021-08-20T17:26:42,/mnt/L2_plus/events_trello/DN210820_01/WRF/wrfout_d04_2021-08-20_00:00:00,2021-08-20_00:00:00,2021-08-20_18:00:00,-33.927955627441406,-31.375198364257812,134.51492309570312,137.58074951171875,2021-08-20_00:00:00,37,,
DN210820_01,-32.48063465944947,136.26042868738008,2021-08-20T17:26:42,/mnt/L2_plus/events_trello/DN210820_01/WRF/wrfout_d04_2021-08-20_06:00:00,2021-08-20_06:00:00,2021-08-20_18:00:00,-33.927955627441406,-31.375198364257812,134.51492309570312,137.58074951171875,2021-08-20_06:00:00,25,,
DN210820_01,-32.48063465944947,136.26042868738008,2021-08-20T17:26:42,/mnt/L2_plus/events_trello/DN210820_01/WRF/wrfout_d04_2021-08-20_12:00:00,2021-08-20_12:00:00,2021-08-20_18:00:00,-33.927955627441406,-31.375198364257812,134.51492309570312,137.58074951171875,2021-08-20_12:00:00,13,,
DN210825_01,-28.93446445213729,115.72975013626973,2021-08-25T14:33:02,/mnt/L2_plus/events_trello/DN210825_01/WRF/wrfout_d03_2021-08-25_00:00:00,2021-08-25_00:00:00,2021-08-25_14:50:00,-30.414451599121094,-27.437992095947266,113.55984497070312,117.00442504882812,2021-08-25_00:00:00,90,,
DN210825_01,-28.93446445213729,115.72975013626973,2021-08-25T14:33:02,/mnt/L2_plus/events_trello/DN210825_01/WRF/wrfout_d03_2021-08-25_06:00:00,2021-08-25_06:00:00,2021-08-25_14:50:00,-30.414451599121094,-27.437992095947266,113.55984497070312,117.00442504882812,2021-08-25_06:00:00,54,,
DN210825_01,-28.93446445213729,115.72975013626973,2021-08-25T14:33:02,/mnt/L2_plus/events_trello/DN210825_01/WRF/wrfout_d03_2021-08-25_12:00:00,2021-08-25_12:00:00,2021-08-25_14:40:00,-30.414451599121094,-27.437992095947266,113.55984497070312,117.00442504882812,2021-08-25_12:00:00,17,,
DN210904_01,35.5522569490711,-114.56701978699319,2021-09-04T06:47:42,/mnt/L2_plus/events_trello/DN210904_01/WRF/wrfout_d03_2021-09-03_12:00:00,2021-09-03_12:00:00,2021-09-04_07:15:00,33.10657501220703,37.63443374633789,-117.60932922363281,-111.93936157226562,2021-09-03_12:00:00,78,/software/projects/pawsey0851/mcu/WRF/run/skelet_4.4.2_setonix_large_3dom,
DN210904_01,35.5522569490711,-114.56701978699319,2021-09-04T06:47:42,/mnt/L2_plus/events_trello/DN210904_01/WRF/wrfout_d03_2021-09-03_18:00:00,2021-09-03_18:00:00,2021-09-04_07:15:00,33.10657501220703,37.63443374633789,-117.60932922363281,-111.93936157226562,2021-09-03_18:00:00,54,/software/projects/pawsey0851/mcu/WRF/run/skelet_4.4.2_setonix_large_3dom,
DN210904_01,35.5522569490711,-114.56701978699319,2021-09-04T06:47:42,/mnt/L2_plus/events_trello/DN210904_01/WRF/wrfout_d03_2021-09-04_00:00:00,2021-09-04_00:00:00,2021-09-04_07:15:00,33.10657501220703,37.63443374633789,-117.60932922363281,-111.93936157226562,2021-09-04_00:00:00,30,/software/projects/pawsey0851/mcu/WRF/run/skelet_4.4.2_setonix_large_3dom,
DN210904_01,35.5522569490711,-114.56701978699319,2021-09-04T06:47:42,/mnt/L2_plus/events_trello/DN210904_01/WRF/wrfout_d03_2021-09-04_06:00:00,2021-09-04_06:00:00,2021-09-04_07:15:00,33.10657501220703,37.63443374633789,-117.60932922363281,-111.93936157226562,2021-09-04_06:00:00,6,/software/projects/pawsey0851/mcu/WRF/run/skelet_4.4.2_setonix_large_3dom,
DN211004_01,51.34424611383289,-117.12850208414305,2021-10-04T05:33:47,/mnt/L2_plus/events_trello/DN211004_01/WRF/wrfout_d04_2021-10-03_12:00:00,2021-10-03_12:00:00,2021-10-04_06:00:00,49.60593032836914,52.695430755615234,-119.943115234375,-114.90046691894531,2021-10-03_12:00:00,109,,
DN211004_01,51.34424611383289,-117.12850208414305,2021-10-04T05:33:47,/mnt/L2_plus/events_trello/DN211004_01/WRF/wrfout_d04_2021-10-03_18:00:00,2021-10-03_18:00:00,2021-10-04_06:00:00,49.60593032836914,52.695430755615234,-119.943115234375,-114.90046691894531,2021-10-03_18:00:00,73,,
DN211004_01,51.34424611383289,-117.12850208414305,2021-10-04T05:33:47,/mnt/L2_plus/events_trello/DN211004_01/WRF/wrfout_d04_2021-10-04_00:00:00,2021-10-04_00:00:00,2021-10-04_06:00:00,49.60593032836914,52.695430755615234,-119.943115234375,-114.90046691894531,2021-10-04_00:00:00,37,,
DN211011_02,-30.33477344706891,115.67031344313042,2021-10-11T13:22:30,/mnt/L2_plus/events_trello/DN211011_02/WRF/wrfout_d04_2021-10-10_18:00:00,2021-10-10_18:00:00,2021-10-11_13:45:00,-32.04254150390625,-28.96842384338379,113.65631103515625,117.2642822265625,2021-10-10_18:00:00,80,,
DN211011_02,-30.33477344706891,115.67031344313042,2021-10-11T13:22:30,/mnt/L2_plus/events_trello/DN211011_02/WRF/wrfout_d04_2021-10-11_00:00:00,2021-10-11_00:00:00,2021-10-11_13:45:00,-32.04254150390625,-28.96842384338379,113.65631103515625,117.2642822265625,2021-10-11_00:00:00,56,,
DN211011_02,-30.33477344706891,115.67031344313042,2021-10-11T13:22:30,/mnt/L2_plus/events_trello/DN211011_02/WRF/wrfout_d04_2021-10-11_06:00:00,2021-10-11_06:00:00,2021-10-11_13:45:00,-32.04254150390625,-28.96842384338379,113.65631103515625,117.2642822265625,2021-10-11_06:00:00,32,,
DN211011_02,-30.33477344706891,115.67031344313042,2021-10-11T13:22:30,/mnt/L2_plus/events_trello/DN211011_02/WRF/wrfout_d04_2021-10-11_12:00:00,2021-10-11_12:00:00,2021-10-11_13:45:00,-32.04254150390625,-28.96842384338379,113.65631103515625,117.2642822265625,2021-10-11_12:00:00,8,,
DN211013_01,39.27110994780446,-115.83290703907562,2021-10-13T04:28:11,/mnt/L2_plus/events_trello/DN211013_01/WRF/wrfout_d04_2021-10-12_12:00:00,2021-10-12_12:00:00,2021-10-13_05:00:00,37.795196533203125,40.37625503540039,-117.75094604492188,-114.38230895996094,2021-10-12_12:00:00,35,,
DN211013_01,39.27110994780446,-115.83290703907562,2021-10-13T04:28:11,/mnt/L2_plus/events_trello/DN211013_01/WRF/wrfout_d04_2021-10-12_18:00:00,2021-10-12_18:00:00,2021-10-13_05:00:00,37.795196533203125,40.37625503540039,-117.75094604492188,-114.38230895996094,2021-10-12_18:00:00,23,,
DN211013_01,39.27110994780446,-115.83290703907562,2021-10-13T04:28:11,/mnt/L2_plus/events_trello/DN211013_01/WRF/wrfout_d04_2021-10-13_00:00:00,2021-10-13_00:00:00,2021-10-13_05:00:00,37.795196533203125,40.37625503540039,-117.75094604492188,-114.38230895996094,2021-10-13_00:00:00,11,,
DN211128_04,-36.677507,144.191074,2021-11-28T13:20:29,/mnt/L2_plus/events_trello/DN211128_04/WRF/wrfout_d04_2021-11-27_18:00:00,2021-11-27_18:00:00,2021-11-28_14:00:00,-38.12903594970703,-35.56636428833008,142.3460693359375,145.58642578125,2021-11-27_18:00:00,61,,
DN211128_04,-36.677507,144.191074,2021-11-28T13:20:29,/mnt/L2_plus/events_trello/DN211128_04/WRF/wrfout_d04_2021-11-28_00:00:00,2021-11-28_00:00:00,2021-11-28_14:00:00,-38.12903594970703,-35.56636428833008,142.3460693359375,145.58642578125,2021-11-28_00:00:00,43,,
DN211128_04,-36.677507,144.191074,2021-11-28T13:20:29,/mnt/L2_plus/events_trello/DN211128_04/WRF/wrfout_d04_2021-11-28_06:00:00,2021-11-28_06:00:00,2021-11-28_14:00:00,-38.12903594970703,-35.56636428833008,142.3460693359375,145.58642578125,2021-11-28_06:00:00,25,,
DN211128_04,-36.677507,144.191074,2021-11-28T13:20:29,/mnt/L2_plus/events_trello/DN211128_04/WRF/wrfout_d04_2021-11-28_12:00:00,2021-11-28_12:00:00,2021-11-28_14:00:00,-38.12903594970703,-35.56636428833008,142.3460693359375,145.58642578125,2021-11-28_12:00:00,7,,
DN220225_03,-31.984766511203624,135.14241269706795,2022-02-25T12:05:52,/mnt/L2_plus/events_trello/DN220225_03/WRF/wrfout_d04_2022-02-24_18:00:00,2022-02-24_18:00:00,2022-02-25_10:50:00,-33.427825927734375,-30.88202476501465,133.41461181640625,136.4490966796875,2022-02-24_18:00:00,102,,
DN220225_03,-31.984766511203624,135.14241269706795,2022-02-25T12:05:52,/mnt/L2_plus/events_trello/DN220225_03/WRF/wrfout_d04_2022-02-25_00:00:00,2022-02-25_00:00:00,2022-02-25_13:00:00,-33.427825927734375,-30.88202476501465,133.41461181640625,136.4490966796875,2022-02-25_00:00:00,79,,
DN220225_03,-31.984766511203624,135.14241269706795,2022-02-25T12:05:52,/mnt/L2_plus/events_trello/DN220225_03/WRF/wrfout_d04_2022-02-25_06:00:00,2022-02-25_06:00:00,2022-02-25_13:00:00,-33.427825927734375,-30.88202476501465,133.41461181640625,136.4490966796875,2022-02-25_06:00:00,43,,
DN220225_03,-31.984766511203624,135.14241269706795,2022-02-25T12:05:52,/mnt/L2_plus/events_trello/DN220225_03/WRF/wrfout_d04_2022-02-25_12:00:00,2022-02-25_12:00:00,2022-02-25_13:00:00,-33.427825927734375,-30.88202476501465,133.41461181640625,136.4490966796875,2022-02-25_12:00:00,7,,
DN220227_01,-30.35380901250382,122.11473090022085,2022-02-27T13:27:48,/mnt/L2_plus/events_trello/DN220227_01/WRF/wrfout_d04_2022-02-27_00:00:00,2022-02-27_00:00:00,2022-02-27_14:00:00,-31.797624588012695,-29.250333786010742,120.41522216796875,123.3988037109375,2022-02-27_00:00:00,29,,
DN220227_01,-30.35380901250382,122.11473090022085,2022-02-27T13:27:48,/mnt/L2_plus/events_trello/DN220227_01/WRF/wrfout_d04_2022-02-27_06:00:00,2022-02-27_06:00:00,2022-02-27_14:00:00,-31.797624588012695,-29.250333786010742,120.41522216796875,123.3988037109375,2022-02-27_06:00:00,17,,
DN220227_01,-30.35380901250382,122.11473090022085,2022-02-27T13:27:48,/mnt/L2_plus/events_trello/DN220227_01/WRF/wrfout_d04_2022-02-27_12:00:00,2022-02-27_12:00:00,2022-02-27_14:00:00,-31.797624588012695,-29.250333786010742,120.41522216796875,123.3988037109375,2022-02-27_12:00:00,5,,
DN220308_01,55.679072607209996,-114.34686238010043,2022-03-08T02:16:46,/mnt/L2_plus/events_trello/DN220308_01/WRF/wrfout_d04_2022-03-07_06:00:00,2022-03-07_06:00:00,2022-03-08_02:40:00,54.208927154541016,56.771358489990234,-116.98077392578125,-112.35453796386719,2022-03-07_06:00:00,63,,
DN220308_01,55.679072607209996,-114.34686238010043,2022-03-08T02:16:46,/mnt/L2_plus/events_trello/DN220308_01/WRF/wrfout_d04_2022-03-07_12:00:00,2022-03-07_12:00:00,2022-03-08_02:40:00,54.208927154541016,56.771358489990234,-116.98077392578125,-112.35453796386719,2022-03-07_12:00:00,45,,
DN220308_01,55.679072607209996,-114.34686238010043,2022-03-08T02:16:46,/mnt/L2_plus/events_trello/DN220308_01/WRF/wrfout_d04_2022-03-07_18:00:00,2022-03-07_18:00:00,2022-03-08_02:40:00,54.208927154541016,56.771358489990234,-116.98077392578125,-112.35453796386719,2022-03-07_18:00:00,27,,
DN220308_01,55.679072607209996,-114.34686238010043,2022-03-08T02:16:46,/mnt/L2_plus/events_trello/DN220308_01/WRF/wrfout_d04_2022-03-08_00:00:00,2022-03-08_00:00:00,2022-03-08_02:40:00,54.208927154541016,56.771358489990234,-116.98077392578125,-112.35453796386719,2022-03-08_00:00:00,9,,
DN220308_03,18.418766359461262,53.3834562358817,2022-03-08T20:15:02,/mnt/L2_plus/events_trello/DN220308_03/WRF/wrfout_d04_2022-03-08_06:00:00,2022-03-08_06:00:00,2022-03-08_21:00:00,16.959705352783203,19.51404571533203,51.85195541381836,54.54165267944336,2022-03-08_06:00:00,46,,
DN220308_03,18.418766359461262,53.3834562358817,2022-03-08T20:15:02,/mnt/L2_plus/events_trello/DN220308_03/WRF/wrfout_d04_2022-03-08_12:00:00,2022-03-08_12:00:00,2022-03-08_21:00:00,16.959705352783203,19.51404571533203,51.85195541381836,54.54165267944336,2022-03-08_12:00:00,28,,
DN220308_03,18.418766359461262,53.3834562358817,2022-03-08T20:15:02,/mnt/L2_plus/events_trello/DN220308_03/WRF/wrfout_d04_2022-03-08_18:00:00,2022-03-08_18:00:00,2022-03-08_21:00:00,16.959705352783203,19.51404571533203,51.85195541381836,54.54165267944336,2022-03-08_18:00:00,10,,
DN220413_01,52.66611804954947,-2.8744720231402487,2022-04-13T23:45:23,/mnt/L2_plus/events_trello/DN220413_01/WRF/wrfout_d04_2022-04-13_00:00:00,2022-04-13_00:00:00,2022-04-14_00:00:00,51.18184280395508,53.769386291503906,-5.34271240234375,-1.009246826171875,2022-04-13_00:00:00,145,,
DN220413_01,52.66611804954947,-2.8744720231402487,2022-04-13T23:45:23,/mnt/L2_plus/events_trello/DN220413_01/WRF/wrfout_d04_2022-04-13_06:00:00,2022-04-13_06:00:00,2022-04-14_00:00:00,51.18184280395508,53.769386291503906,-5.34271240234375,-1.009246826171875,2022-04-13_06:00:00,109,,
DN220413_01,52.66611804954947,-2.8744720231402487,2022-04-13T23:45:23,/mnt/L2_plus/events_trello/DN220413_01/WRF/wrfout_d04_2022-04-13_12:00:00,2022-04-13_12:00:00,2022-04-14_00:00:00,51.18184280395508,53.769386291503906,-5.34271240234375,-1.009246826171875,2022-04-13_12:00:00,73,,
DN220413_01,52.66611804954947,-2.8744720231402487,2022-04-13T23:45:23,/mnt/L2_plus/events_trello/DN220413_01/WRF/wrfout_d04_2022-04-13_18:00:00,2022-04-13_18:00:00,2022-04-14_00:00:00,51.18184280395508,53.769386291503906,-5.34271240234375,-1.009246826171875,2022-04-13_18:00:00,37,,
DN220420_01,21.346963646342804,56.1191889789065,2022-04-20T00:51:24,/mnt/L2_plus/events_trello/DN220420_01/WRF/wrfout_d04_2022-04-19_12:00:00,2022-04-19_12:00:00,2022-04-20_01:00:00,20.375930786132812,21.958709716796875,55.07586669921875,56.77862548828125,2022-04-19_12:00:00,40,,
DN220420_01,21.346963646342804,56.1191889789065,2022-04-20T00:51:24,/mnt/L2_plus/events_trello/DN220420_01/WRF/wrfout_d04_2022-04-19_18:00:00,2022-04-19_18:00:00,2022-04-20_01:00:00,20.375930786132812,21.958709716796875,55.07586669921875,56.77862548828125,2022-04-19_18:00:00,43,,
DN220420_01,21.346963646342804,56.1191889789065,2022-04-20T00:51:24,/mnt/L2_plus/events_trello/DN220420_01/WRF/wrfout_d04_2022-04-20_00:00:00,2022-04-20_00:00:00,2022-04-20_01:00:00,20.375930786132812,21.958709716796875,55.07586669921875,56.77862548828125,2022-04-20_00:00:00,7,,
DN220511_01,-3.53815,51.46768,2022-05-11T23:40:06,/mnt/L2_plus/events_trello/DN220511_01/WRF/wrfout_d04_2022-05-11_06:00:00,2022-05-11_06:00:00,2022-05-12_00:00:00,49.66136169433594,52.750858306884766,-6.321807861328125,-1.27294921875,2022-05-11_06:00:00,55,,
DN220511_01,-3.53815,51.46768,2022-05-11T23:40:06,/mnt/L2_plus/events_trello/DN220511_01/WRF/wrfout_d04_2022-05-11_12:00:00,2022-05-11_12:00:00,2022-05-12_00:00:00,49.66136169433594,52.750858306884766,-6.321807861328125,-1.27294921875,2022-05-11_12:00:00,37,,
DN220511_01,-3.53815,51.46768,2022-05-11T23:40:06,/mnt/L2_plus/events_trello/DN220511_01/WRF/wrfout_d04_2022-05-11_18:00:00,2022-05-11_18:00:00,2022-05-12_00:00:00,49.66136169433594,52.750858306884766,-6.321807861328125,-1.27294921875,2022-05-11_18:00:00,19,,
DN220725_01,-30.103903690437303,119.5286282685478,2022-07-25T15:46:40,/mnt/L2_plus/events_trello/DN220725_01/WRF/wrfout_d04_2022-07-24_18:00:00,2022-07-24_18:00:00,2022-07-25_16:00:00,-31.548460006713867,-29.001121520996094,117.833984375,120.8099365234375,2022-07-24_18:00:00,89,,
DN220725_01,-30.103903690437303,119.5286282685478,2022-07-25T15:46:40,/mnt/L2_plus/events_trello/DN220725_01/WRF/wrfout_d04_2022-07-25_00:00:00,2022-07-25_00:00:00,2022-07-25_16:00:00,-31.548460006713867,-29.001121520996094,117.833984375,120.8099365234375,2022-07-25_00:00:00,65,,
DN220725_01,-30.103903690437303,119.5286282685478,2022-07-25T15:46:40,/mnt/L2_plus/events_trello/DN220725_01/WRF/wrfout_d04_2022-07-25_06:00:00,2022-07-25_06:00:00,2022-07-25_16:00:00,-31.548460006713867,-29.001121520996094,117.833984375,120.8099365234375,2022-07-25_06:00:00,41,,
DN220725_01,-30.103903690437303,119.5286282685478,2022-07-25T15:46:40,/mnt/L2_plus/events_trello/DN220725_01/WRF/wrfout_d04_2022-07-25_12:00:00,2022-07-25_12:00:00,2022-07-25_16:00:00,-31.548460006713867,-29.001121520996094,117.833984375,120.8099365234375,2022-07-25_12:00:00,17,,
DN220728_01,-33.586429992217944,117.34315793256089,2022-07-28T12:56:51,/mnt/L2_plus/events_trello/DN220728_01/WRF/wrfout_d04_2022-07-28_06:00:00,2022-07-28_06:00:00,2022-07-28_13:00:00,-35.0440559387207,-32.47175979614258,115.56475830078125,118.68783569335938,2022-07-28_06:00:00,43,,
DN220728_01,-33.586429992217944,117.34315793256089,2022-07-28T12:56:51,/mnt/L2_plus/events_trello/DN220728_01/WRF/wrfout_d04_2022-07-28_12:00:00,2022-07-28_12:00:00,2022-07-28_13:00:00,-35.0440559387207,-32.47175979614258,115.56475830078125,118.68783569335938,2022-07-28_12:00:00,7,,
DN220828_01,-45.826851,170.032162,2022-08-28T10:50:07,/mnt/L2_plus/events_trello/DN220828_01/WRF/wrfout_d03_2022-08-27_12:00:00,2022-08-27_12:00:00,2022-08-28_11:00:00,-48.285011291503906,-43.651371002197266,166.3431396484375,173.21868896484375,2022-08-27_12:00:00,139,,
DN220828_01,-45.826851,170.032162,2022-08-28T10:50:07,/mnt/L2_plus/events_trello/DN220828_01/WRF/wrfout_d03_2022-08-28_00:00:00,2022-08-28_00:00:00,2022-08-28_11:00:00,-48.285011291503906,-43.651371002197266,166.3431396484375,173.21868896484375,2022-08-28_00:00:00,67,,
DN220828_01,-45.826851,170.032162,2022-08-28T10:50:07,/mnt/L2_plus/events_trello/DN220828_01/WRF/wrfout_d03_2022-08-28_06:00:00,2022-08-28_06:00:00,2022-08-28_11:00:00,-48.285011291503906,-43.651371002197266,166.3431396484375,173.21868896484375,2022-08-28_06:00:00,31,,
DN220828_01,-45.826851,170.032162,2022-08-28T10:50:07,/mnt/L2_plus/events_trello/DN220828_01/WRF/wrfout_d04_2022-08-28_06:00:00,2022-08-28_06:00:00,2022-08-28_09:20:00,-47.56835174560547,-44.42188262939453,167.45281982421875,172.07379150390625,2022-08-28_06:00:00,21,,
DN220914_01,-29.151025613768,125.37578188475034,2022-09-14T18:57:33,/mnt/L2_plus/events_trello/DN220914_01/WRF/wrfout_d04_2022-09-14_00:00:00,2022-09-14_00:00:00,2022-09-14_19:15:00,-30.119140625,-28.534576416015625,124.25653076171875,126.083251953125,2022-09-14_00:00:00,78,,
DN220914_01,-29.151025613768,125.37578188475034,2022-09-14T18:57:33,/mnt/L2_plus/events_trello/DN220914_01/WRF/wrfout_d04_2022-09-14_06:00:00,2022-09-14_06:00:00,2022-09-14_19:15:00,-30.119140625,-28.534576416015625,124.25653076171875,126.083251953125,2022-09-14_06:00:00,54,,
DN220914_01,-29.151025613768,125.37578188475034,2022-09-14T18:57:33,/mnt/L2_plus/events_trello/DN220914_01/WRF/wrfout_d04_2022-09-14_12:00:00,2022-09-14_12:00:00,2022-09-14_19:15:00,-30.119140625,-28.534576416015625,124.25653076171875,126.083251953125,2022-09-14_12:00:00,30,,
DN220914_01,-29.151025613768,125.37578188475034,2022-09-14T18:57:33,/mnt/L2_plus/events_trello/DN220914_01/WRF/wrfout_d04_2022-09-14_18:00:00,2022-09-14_18:00:00,2022-09-14_19:15:00,-30.119140625,-28.534576416015625,124.25653076171875,126.083251953125,2022-09-14_18:00:00,6,,
DN221002_01,45.761386363603535,-82.3201272622963,2022-10-02T06:14:18,/mnt/L2_plus/events_trello/DN221002_01/WRF/wrfout_d04_2022-10-01_12:00:00,2022-10-01_12:00:00,2022-10-02_06:30:00,43.99421691894531,47.140541076660156,-84.88037109375,-80.29568481445312,2022-10-01_12:00:00,75,,
DN221002_01,45.761386363603535,-82.3201272622963,2022-10-02T06:14:18,/mnt/L2_plus/events_trello/DN221002_01/WRF/wrfout_d04_2022-10-01_18:00:00,2022-10-01_18:00:00,2022-10-02_06:30:00,43.99421691894531,47.140541076660156,-84.88037109375,-80.29568481445312,2022-10-01_18:00:00,51,,
DN221002_01,45.761386363603535,-82.3201272622963,2022-10-02T06:14:18,/mnt/L2_plus/events_trello/DN221002_01/WRF/wrfout_d04_2022-10-02_00:00:00,2022-10-02_00:00:00,2022-10-02_06:30:00,43.99421691894531,47.140541076660156,-84.88037109375,-80.29568481445312,2022-10-02_00:00:00,27,,
DN221002_01,45.761386363603535,-82.3201272622963,2022-10-02T06:14:18,/mnt/L2_plus/events_trello/DN221002_01/WRF/wrfout_d04_2022-10-02_06:00:00,2022-10-02_06:00:00,2022-10-02_12:00:00,43.99421691894531,47.140541076660156,-84.88037109375,-80.29568481445312,2022-10-02_06:00:00,25,,
DN221023_04,51.78012,-1.83055,2022-10-23T19:34:03,/mnt/L2_plus/events_trello/DN221023_04/WRF/wrfout_d03_2022-10-23_19-35-02,2022-10-23_19:35:02,2022-10-23_19:35:02,51.28533172607422,52.14646530151367,-2.649383544921875,-0.905242919921875,2022-10-23_19:35:02,1,,
DN221023_04,51.78012,-1.83055,2022-10-23T19:34:03,/mnt/L2_plus/events_trello/DN221023_04/WRF/wrfout_d04_2022-10-23_00:00:00,2022-10-23_00:00:00,2022-10-23_20:00:00,50.041656494140625,53.131019592285156,-4.672607421875,0.419189453125,2022-10-23_00:00:00,81,,
DN221023_04,51.78012,-1.83055,2022-10-23T19:34:03,/mnt/L2_plus/events_trello/DN221023_04/WRF/wrfout_d04_2022-10-23_06:00:00,2022-10-23_06:00:00,2022-10-23_20:00:00,50.041656494140625,53.131019592285156,-4.672607421875,0.419189453125,2022-10-23_06:00:00,57,,
DN221023_04,51.78012,-1.83055,2022-10-23T19:34:03,/mnt/L2_plus/events_trello/DN221023_04/WRF/wrfout_d04_2022-10-23_12:00:00,2022-10-23_12:00:00,2022-10-23_20:00:00,50.041656494140625,53.131019592285156,-4.672607421875,0.419189453125,2022-10-23_12:00:00,33,,
DN221023_04,51.78012,-1.83055,2022-10-23T19:34:03,/mnt/L2_plus/events_trello/DN221023_04/WRF/wrfout_d04_2022-10-23_18:00:00,2022-10-23_18:00:00,2022-10-23_20:00:00,50.041656494140625,53.131019592285156,-4.672607421875,0.419189453125,2022-10-23_18:00:00,9,,
DN221119_01,43.194321286397695,-79.43476388636613,2022-11-19T08:26:43,/mnt/L2_plus/events_trello/DN221119_01/WRF/wrfout_d04_2022-11-18_12:00:00,2022-11-18_12:00:00,2022-11-19_09:00:00,41.463356018066406,44.546077728271484,-81.83026123046875,-77.53863525390625,2022-11-18_12:00:00,85,,
DN221119_01,43.194321286397695,-79.43476388636613,2022-11-19T08:26:43,/mnt/L2_plus/events_trello/DN221119_01/WRF/wrfout_d04_2022-11-18_18:00:00,2022-11-18_18:00:00,2022-11-19_09:00:00,41.463356018066406,44.546077728271484,-81.83026123046875,-77.53863525390625,2022-11-18_18:00:00,61,,
DN221119_01,43.194321286397695,-79.43476388636613,2022-11-19T08:26:43,/mnt/L2_plus/events_trello/DN221119_01/WRF/wrfout_d04_2022-11-19_00:00:00,2022-11-19_00:00:00,2022-11-19_09:00:00,41.463356018066406,44.546077728271484,-81.83026123046875,-77.53863525390625,2022-11-19_00:00:00,37,,
DN221119_01,43.194321286397695,-79.43476388636613,2022-11-19T08:26:43,/mnt/L2_plus/events_trello/DN221119_01/WRF/wrfout_d04_2022-11-19_06:00:00,2022-11-19_06:00:00,2022-11-19_09:00:00,41.463356018066406,44.546077728271484,-81.83026123046875,-77.53863525390625,2022-11-19_06:00:00,13,,
DN230211_02,-32.348486026553154,121.10396810091993,2023-02-11T12:38:31,/mnt/L2_plus/events_trello/DN230211_02/WRF/wrfout_d04_2023-02-10_18:00:00,2023-02-10_18:00:00,2023-02-11_13:00:00,-34.05628204345703,-30.980974197387695,119.04345703125,122.73483276367188,2023-02-10_18:00:00,77,,
DN230211_02,-32.348486026553154,121.10396810091993,2023-02-11T12:38:31,/mnt/L2_plus/events_trello/DN230211_02/WRF/wrfout_d04_2023-02-11_00:00:00,2023-02-11_00:00:00,2023-02-11_13:00:00,-34.05628204345703,-30.980974197387695,119.04345703125,122.73483276367188,2023-02-11_00:00:00,53,,
DN230211_02,-32.348486026553154,121.10396810091993,2023-02-11T12:38:31,/mnt/L2_plus/events_trello/DN230211_02/WRF/wrfout_d04_2023-02-11_06:00:00,2023-02-11_06:00:00,2023-02-11_13:00:00,-34.05628204345703,-30.980974197387695,119.04345703125,122.73483276367188,2023-02-11_06:00:00,29,,
DN230211_02,-32.348486026553154,121.10396810091993,2023-02-11T12:38:31,/mnt/L2_plus/events_trello/DN230211_02/WRF/wrfout_d04_2023-02-11_12:00:00,2023-02-11_12:00:00,2023-02-11_13:00:00,-34.05628204345703,-30.980974197387695,119.04345703125,122.73483276367188,2023-02-11_12:00:00,5,,
DN230213_05,49.78952,0.80043,2023-02-13T02:59:16,/mnt/L2_plus/events_trello/DN230213_05/WRF/wrfout_d04_2023-02-12_06:00:00,2023-02-12_06:00:00,2023-02-13_03:30:00,48.05268096923828,51.14131164550781,-1.92041015625,2.954193115234375,2023-02-12_06:00:00,87,,
DN230213_05,49.78952,0.80043,2023-02-13T02:59:16,/mnt/L2_plus/events_trello/DN230213_05/WRF/wrfout_d04_2023-02-12_12:00:00,2023-02-12_12:00:00,2023-02-13_03:30:00,48.05268096923828,51.14131164550781,-1.92041015625,2.954193115234375,2023-02-12_12:00:00,63,,
DN230213_05,49.78952,0.80043,2023-02-13T02:59:16,/mnt/L2_plus/events_trello/DN230213_05/WRF/wrfout_d04_2023-02-12_18:00:00,2023-02-12_18:00:00,2023-02-13_03:30:00,48.05268096923828,51.14131164550781,-1.92041015625,2.954193115234375,2023-02-12_18:00:00,39,,
DN230213_05,49.78952,0.80043,2023-02-13T02:59:16,/mnt/L2_plus/events_trello/DN230213_05/WRF/wrfout_d04_2023-02-13_00:00:00,2023-02-13_00:00:00,2023-02-13_03:30:00,48.05268096923828,51.14131164550781,-1.92041015625,2.954193115234375,2023-02-13_00:00:00,15,,
DN230318_02,51.321919566020206,-107.03362300851231,2023-03-18T06:21:35,/mnt/L2_plus/events_trello/DN230318_02/WRF/wrfout_d04_2023-03-17_12:00:00,2023-03-17_12:00:00,2023-03-18_07:00:00,50.36756134033203,51.95742416381836,-108.64559936523438,-106.08267211914062,2023-03-17_12:00:00,77,,
DN230318_02,51.321919566020206,-107.03362300851231,2023-03-18T06:21:35,/mnt/L2_plus/events_trello/DN230318_02/WRF/wrfout_d04_2023-03-17_18:00:00,2023-03-17_18:00:00,2023-03-18_07:00:00,50.36756134033203,51.95742416381836,-108.64559936523438,-106.08267211914062,2023-03-17_18:00:00,53,,
DN230318_02,51.321919566020206,-107.03362300851231,2023-03-18T06:21:35,/mnt/L2_plus/events_trello/DN230318_02/WRF/wrfout_d04_2023-03-18_00:00:00,2023-03-18_00:00:00,2023-03-18_07:00:00,50.36756134033203,51.95742416381836,-108.64559936523438,-106.08267211914062,2023-03-18_00:00:00,29,,
DN230318_02,51.321919566020206,-107.03362300851231,2023-03-18T06:21:35,/mnt/L2_plus/events_trello/DN230318_02/WRF/wrfout_d04_2023-03-18_06:00:00,2023-03-18_06:00:00,2023-03-18_07:00:00,50.36756134033203,51.95742416381836,-108.64559936523438,-106.08267211914062,2023-03-18_06:00:00,5,,
DN230319_01,-30.960029768621222,116.94988478727748,2023-03-19T18:43:49,/mnt/L2_plus/events_trello/DN230319_01/WRF/wrfout_d04_2023-03-19_00:00:00,2023-03-19_00:00:00,2023-03-19_19:00:00,-31.929523468017578,-30.344932556152344,115.82891845703125,117.68975830078125,2023-03-19_00:00:00,77,,
DN230319_01,-30.960029768621222,116.94988478727748,2023-03-19T18:43:49,/mnt/L2_plus/events_trello/DN230319_01/WRF/wrfout_d04_2023-03-19_06:00:00,2023-03-19_06:00:00,2023-03-19_19:00:00,-31.929523468017578,-30.344932556152344,115.82891845703125,117.68975830078125,2023-03-19_06:00:00,53,,
DN230319_01,-30.960029768621222,116.94988478727748,2023-03-19T18:43:49,/mnt/L2_plus/events_trello/DN230319_01/WRF/wrfout_d04_2023-03-19_12:00:00,2023-03-19_12:00:00,2023-03-19_19:00:00,-31.929523468017578,-30.344932556152344,115.82891845703125,117.68975830078125,2023-03-19_12:00:00,29,,
DN230319_01,-30.960029768621222,116.94988478727748,2023-03-19T18:43:49,/mnt/L2_plus/events_trello/DN230319_01/WRF/wrfout_d04_2023-03-19_18:00:00,2023-03-19_18:00:00,2023-03-19_19:00:00,-31.929523468017578,-30.344932556152344,115.82891845703125,117.68975830078125,2023-03-19_18:00:00,5,,
DN230324_10,44.38848883131769,-0.7124928355426716,2023-03-24T22:17:31,/mnt/L2_plus/events_trello/DN230324_10/WRF/wrfout_d04_2023-03-24_00:00:00,2023-03-24_00:00:00,2023-03-24_22:45:00,42.65655517578125,45.74025344848633,-3.15869140625,1.2237548828125,2023-03-24_00:00:00,92,,
DN230324_10,44.38848883131769,-0.7124928355426716,2023-03-24T22:17:31,/mnt/L2_plus/events_trello/DN230324_10/WRF/wrfout_d04_2023-03-24_06:00:00,2023-03-24_06:00:00,2023-03-24_22:45:00,42.65655517578125,45.74025344848633,-3.15869140625,1.2237548828125,2023-03-24_06:00:00,68,,
DN230324_10,44.38848883131769,-0.7124928355426716,2023-03-24T22:17:31,/mnt/L2_plus/events_trello/DN230324_10/WRF/wrfout_d04_2023-03-24_12:00:00,2023-03-24_12:00:00,2023-03-24_22:45:00,42.65655517578125,45.74025344848633,-3.15869140625,1.2237548828125,2023-03-24_12:00:00,44,,
DN230324_10,44.38848883131769,-0.7124928355426716,2023-03-24T22:17:31,/mnt/L2_plus/events_trello/DN230324_10/WRF/wrfout_d04_2023-03-24_18:00:00,2023-03-24_18:00:00,2023-03-24_22:45:00,42.65655517578125,45.74025344848633,-3.15869140625,1.2237548828125,2023-03-24_18:00:00,20,,
DN230421_02,20.441867686754165,57.23571452755307,2023-04-21T16:29:40,/mnt/L2_plus/events_trello/DN230421_02/WRF/wrfout_d04_2023-04-20_18:00:00,2023-04-20_18:00:00,2023-04-21_17:00:00,18.724781036376953,21.793502807617188,55.3968505859375,58.69110107421875,2023-04-20_18:00:00,93,,
DN230421_02,20.441867686754165,57.23571452755307,2023-04-21T16:29:40,/mnt/L2_plus/events_trello/DN230421_02/WRF/wrfout_d04_2023-04-21_00:00:00,2023-04-21_00:00:00,2023-04-21_17:00:00,18.724781036376953,21.793502807617188,55.3968505859375,58.69110107421875,2023-04-21_00:00:00,69,,
DN230421_02,20.441867686754165,57.23571452755307,2023-04-21T16:29:40,/mnt/L2_plus/events_trello/DN230421_02/WRF/wrfout_d04_2023-04-21_06:00:00,2023-04-21_06:00:00,2023-04-21_17:00:00,18.724781036376953,21.793502807617188,55.3968505859375,58.69110107421875,2023-04-21_06:00:00,45,,
DN230421_02,20.441867686754165,57.23571452755307,2023-04-21T16:29:40,/mnt/L2_plus/events_trello/DN230421_02/WRF/wrfout_d04_2023-04-21_12:00:00,2023-04-21_12:00:00,2023-04-21_17:00:00,18.724781036376953,21.793502807617188,55.3968505859375,58.69110107421875,2023-04-21_12:00:00,21,,
DN230523_02,-30.935808217831934,128.66084405791776,2023-05-23T15:52:08,/mnt/L2_plus/events_trello/DN230523_02/WRF/wrfout_d04_2023-05-22_18:00:00,2023-05-22_18:00:00,2023-05-23_16:15:00,-31.90373992919922,-30.319141387939453,127.52093505859375,129.38131713867188,2023-05-22_18:00:00,90,,
DN230523_02,-30.935808217831934,128.66084405791776,2023-05-23T15:52:08,/mnt/L2_plus/events_trello/DN230523_02/WRF/wrfout_d04_2023-05-23_00:00:00,2023-05-23_00:00:00,2023-05-23_16:15:00,-31.90373992919922,-30.319141387939453,127.52093505859375,129.38131713867188,2023-05-23_00:00:00,66,,
DN230523_02,-30.935808217831934,128.66084405791776,2023-05-23T15:52:08,/mnt/L2_plus/events_trello/DN230523_02/WRF/wrfout_d04_2023-05-23_06:00:00,2023-05-23_06:00:00,2023-05-23_16:15:00,-31.90373992919922,-30.319141387939453,127.52093505859375,129.38131713867188,2023-05-23_06:00:00,42,,
DN230523_02,-30.935808217831934,128.66084405791776,2023-05-23T15:52:08,/mnt/L2_plus/events_trello/DN230523_02/WRF/wrfout_d04_2023-05-23_12:00:00,2023-05-23_12:00:00,2023-05-23_16:15:00,-31.90373992919922,-30.319141387939453,127.52093505859375,129.38131713867188,2023-05-23_12:00:00,18,,
DN230731_03,-30.821673654625705,127.14045859498476,2023-07-31T12:38:53,/mnt/L2_plus/events_trello/DN230731_03/WRF/wrfout_d04_2023-07-30_18:00:00,2023-07-30_18:00:00,2023-07-31_13:00:00,-32.52944564819336,-29.455028533935547,125.11563110351562,128.7430419921875,2023-07-30_18:00:00,77,,
DN230731_03,-30.821673654625705,127.14045859498476,2023-07-31T12:38:53,/mnt/L2_plus/events_trello/DN230731_03/WRF/wrfout_d04_2023-07-31_00:00:00,2023-07-31_00:00:00,2023-07-31_13:00:00,-32.52944564819336,-29.455028533935547,125.11563110351562,128.7430419921875,2023-07-31_00:00:00,53,,
DN230731_03,-30.821673654625705,127.14045859498476,2023-07-31T12:38:53,/mnt/L2_plus/events_trello/DN230731_03/WRF/wrfout_d04_2023-07-31_06:00:00,2023-07-31_06:00:00,2023-07-31_13:00:00,-32.52944564819336,-29.455028533935547,125.11563110351562,128.7430419921875,2023-07-31_06:00:00,29,,
DN230731_03,-30.821673654625705,127.14045859498476,2023-07-31T12:38:53,/mnt/L2_plus/events_trello/DN230731_03/WRF/wrfout_d04_2023-07-31_12:00:00,2023-07-31_12:00:00,2023-07-31_13:00:00,-32.52944564819336,-29.455028533935547,125.11563110351562,128.7430419921875,2023-07-31_12:00:00,5,,
DN230807_02,-37.89938581394667,144.32250866584124,2023-08-07T13:56:14,/mnt/L2_plus/events_trello/DN230807_02/WRF/wrfout_d03_2023-08-06_1800,2023-08-06_18:00:00,2023-08-07_14:30:00,-40.22359848022461,-37.1906623840332,142.64666748046875,146.59246826171875,2023-08-06_18:00:00,83,,
DN230807_02,-37.89938581394667,144.32250866584124,2023-08-07T13:56:14,/mnt/L2_plus/events_trello/DN230807_02/WRF/wrfout_d03_2023-08-07_0000,2023-08-07_00:00:00,2023-08-07_14:30:00,-40.22359848022461,-37.1906623840332,142.64666748046875,146.59246826171875,2023-08-07_00:00:00,59,,
DN230807_02,-37.89938581394667,144.32250866584124,2023-08-07T13:56:14,/mnt/L2_plus/events_trello/DN230807_02/WRF/wrfout_d03_2023-08-07_0600,2023-08-07_06:00:00,2023-08-07_14:30:00,-40.22359848022461,-37.1906623840332,142.64666748046875,146.59246826171875,2023-08-07_06:00:00,35,,
DN230807_02,-37.89938581394667,144.32250866584124,2023-08-07T13:56:14,/mnt/L2_plus/events_trello/DN230807_02/WRF/wrfout_d03_2023-08-07_1200,2023-08-07_12:00:00,2023-08-07_14:30:00,-40.22359848022461,-37.1906623840332,142.64666748046875,146.59246826171875,2023-08-07_12:00:00,11,,
DN230807_02,-37.89938581394667,144.32250866584124,2023-08-07T13:56:14,/mnt/L2_plus/events_trello/DN230807_02/WRF/wrfout_d04_2023-08-06_1800,2023-08-06_18:00:00,2023-08-07_14:30:00,-40.26011657714844,-37.1806640625,142.59768676757812,146.6053466796875,2023-08-06_18:00:00,83,,
DN230807_02,-37.89938581394667,144.32250866584124,2023-08-07T13:56:14,/mnt/L2_plus/events_trello/DN230807_02/WRF/wrfout_d04_2023-08-07_0000,2023-08-07_00:00:00,2023-08-07_14:30:00,-40.26011657714844,-37.1806640625,142.59768676757812,146.6053466796875,2023-08-07_00:00:00,59,,
DN230807_02,-37.89938581394667,144.32250866584124,2023-08-07T13:56:14,/mnt/L2_plus/events_trello/DN230807_02/WRF/wrfout_d04_2023-08-07_0600,2023-08-07_06:00:00,2023-08-07_14:30:00,-40.26011657714844,-37.1806640625,142.59768676757812,146.6053466796875,2023-08-07_06:00:00,35,,
DN230807_02,-37.89938581394667,144.32250866584124,2023-08-07T13:56:14,/mnt/L2_plus/events_trello/DN230807_02/WRF/wrfout_d04_2023-08-07_1200,2023-08-07_12:00:00,2023-08-07_14:30:00,-40.26011657714844,-37.1806640625,142.59768676757812,146.6053466796875,2023-08-07_12:00:00,11,,
DN231003_01,-32.66565300854021,116.64426484777938,2023-10-03T12:59:13,/mnt/L2_plus/events_trello/DN231003_01/WRF/wrfout_d04_2023-10-02_18:00:00,2023-10-02_18:00:00,2023-10-03_13:30:00,-34.371822357177734,-31.296262741088867,114.57464599609375,118.280029296875,2023-10-02_18:00:00,79,,
DN231003_01,-32.66565300854021,116.64426484777938,2023-10-03T12:59:13,/mnt/L2_plus/events_trello/DN231003_01/WRF/wrfout_d04_2023-10-03_00:00:00,2023-10-03_00:00:00,2023-10-03_13:30:00,-34.371822357177734,-31.296262741088867,114.57464599609375,118.280029296875,2023-10-03_00:00:00,55,,
DN231003_01,-32.66565300854021,116.64426484777938,2023-10-03T12:59:13,/mnt/L2_plus/events_trello/DN231003_01/WRF/wrfout_d04_2023-10-03_06:00:00,2023-10-03_06:00:00,2023-10-03_13:30:00,-34.371822357177734,-31.296262741088867,114.57464599609375,118.280029296875,2023-10-03_06:00:00,31,,
DN231003_01,-32.66565300854021,116.64426484777938,2023-10-03T12:59:13,/mnt/L2_plus/events_trello/DN231003_01/WRF/wrfout_d04_2023-10-03_12:00:00,2023-10-03_12:00:00,2023-10-03_13:30:00,-34.371822357177734,-31.296262741088867,114.57464599609375,118.280029296875,2023-10-03_12:00:00,7,,
DN231013_01,-28.99605,124.38780,2023-10-13T14:19:20,/mnt/L2_plus/events_trello/DN231013_01/WRF/wrfout_d04_2023-10-12_18:00:00,2023-10-12_18:00:00,2023-10-13_14:45:00,-30.703824996948242,-27.63047218322754,122.40228271484375,125.95928955078125,2023-10-12_18:00:00,84,,
DN231013_01,-28.99605,124.38780,2023-10-13T14:19:20,/mnt/L2_plus/events_trello/DN231013_01/WRF/wrfout_d04_2023-10-13_00:00:00,2023-10-13_00:00:00,2023-10-13_14:45:00,-30.703824996948242,-27.63047218322754,122.40228271484375,125.95928955078125,2023-10-13_00:00:00,60,,
DN231013_01,-28.99605,124.38780,2023-10-13T14:19:20,/mnt/L2_plus/events_trello/DN231013_01/WRF/wrfout_d04_2023-10-13_06:00:00,2023-10-13_06:00:00,2023-10-13_14:45:00,-30.703824996948242,-27.63047218322754,122.40228271484375,125.95928955078125,2023-10-13_06:00:00,36,,
DN231013_01,-28.99605,124.38780,2023-10-13T14:19:20,/mnt/L2_plus/events_trello/DN231013_01/WRF/wrfout_d04_2023-10-13_12:00:00,2023-10-13_12:00:00,2023-10-13_14:45:00,-30.703824996948242,-27.63047218322754,122.40228271484375,125.95928955078125,2023-10-13_12:00:00,12,,
DN231024_01,-30.9087816,126.8550291,2023-10-24T11:00:38,/mnt/L2_plus/events_trello/DN231024_01/WRF/wrfout_d04_2023-10-23_12:00:00,2023-10-23_12:00:00,2023-10-24_11:30:00,-32.61659240722656,-29.5421199798584,124.8282470703125,128.45919799804688,2023-10-23_12:00:00,95,,
DN231024_01,-30.9087816,126.8550291,2023-10-24T11:00:38,/mnt/L2_plus/events_trello/DN231024_01/WRF/wrfout_d04_2023-10-23_18:00:00,2023-10-23_18:00:00,2023-10-24_11:30:00,-32.61659240722656,-29.5421199798584,124.8282470703125,128.45919799804688,2023-10-23_18:00:00,71,,
DN231024_01,-30.9087816,126.8550291,2023-10-24T11:00:38,/mnt/L2_plus/events_trello/DN231024_01/WRF/wrfout_d04_2023-10-24_00:00:00,2023-10-24_00:00:00,2023-10-24_11:30:00,-32.61659240722656,-29.5421199798584,124.8282470703125,128.45919799804688,2023-10-24_00:00:00,47,,
DN231024_01,-30.9087816,126.8550291,2023-10-24T11:00:38,/mnt/L2_plus/events_trello/DN231024_01/WRF/wrfout_d04_2023-10-24_06:00:00,2023-10-24_06:00:00,2023-10-24_11:30:00,-32.61659240722656,-29.5421199798584,124.8282470703125,128.45919799804688,2023-10-24_06:00:00,23,,
DN231112_01,30.6932818,-8.15205923,2023-11-12T20:46:20,/mnt/L2_plus/events_trello/DN231112_01/WRF/wrfout_d03_2023-11-12_00:00:00,2023-11-12_00:00:00,2023-11-12_21:15:00,28.253406524658203,32.77539825439453,-11.017669677734375,-5.677093505859375,2023-11-12_00:00:00,86,,
DN231112_01,30.6932818,-8.15205923,2023-11-12T20:46:20,/mnt/L2_plus/events_trello/DN231112_01/WRF/wrfout_d03_2023-11-12_06:00:00,2023-11-12_06:00:00,2023-11-12_21:15:00,28.253406524658203,32.77539825439453,-11.017669677734375,-5.677093505859375,2023-11-12_06:00:00,62,,
DN231112_01,30.6932818,-8.15205923,2023-11-12T20:46:20,/mnt/L2_plus/events_trello/DN231112_01/WRF/wrfout_d03_2023-11-12_12:00:00,2023-11-12_12:00:00,2023-11-12_21:15:00,28.253406524658203,32.77539825439453,-11.017669677734375,-5.677093505859375,2023-11-12_12:00:00,38,,
DN231112_01,30.6932818,-8.15205923,2023-11-12T20:46:20,/mnt/L2_plus/events_trello/DN231112_01/WRF/wrfout_d03_2023-11-12_18:00:00,2023-11-12_18:00:00,2023-11-12_21:15:00,28.253406524658203,32.77539825439453,-11.017669677734375,-5.677093505859375,2023-11-12_18:00:00,14,,
DN231120_01,-29.542929633611756,129.24779323167584,2023-11-20T11:49:54,/mnt/L2_plus/events_trello/DN231120_01/WRF/wrfout_d04_2023-11-19_12:00:00,2023-11-19_12:00:00,2023-11-20_12:15:00,-31.25071907043457,-28.177051544189453,127.25091552734375,130.82830810546875,2023-11-19_12:00:00,98,,
DN231120_01,-29.542929633611756,129.24779323167584,2023-11-20T11:49:54,/mnt/L2_plus/events_trello/DN231120_01/WRF/wrfout_d04_2023-11-19_18:00:00,2023-11-19_18:00:00,2023-11-20_12:15:00,-31.25071907043457,-28.177051544189453,127.25091552734375,130.82830810546875,2023-11-19_18:00:00,74,,
DN231120_01,-29.542929633611756,129.24779323167584,2023-11-20T11:49:54,/mnt/L2_plus/events_trello/DN231120_01/WRF/wrfout_d04_2023-11-20_00:00:00,2023-11-20_00:00:00,2023-11-20_12:15:00,-31.25071907043457,-28.177051544189453,127.25091552734375,130.82830810546875,2023-11-20_00:00:00,50,,
DN231120_01,-29.542929633611756,129.24779323167584,2023-11-20T11:49:54,/mnt/L2_plus/events_trello/DN231120_01/WRF/wrfout_d04_2023-11-20_06:00:00,2023-11-20_06:00:00,2023-11-20_12:15:00,-31.25071907043457,-28.177051544189453,127.25091552734375,130.82830810546875,2023-11-20_06:00:00,26,,
DN231223_03,20.449904024821862,55.218557440179865,2023-12-23T17:28:53,/mnt/L2_plus/events_trello/DN231223_03/WRF/wrfout_d04_2023-12-22_18:00:00,2023-12-22_18:00:00,2023-12-23_18:00:00,18.732805252075195,21.801555633544922,53.37957763671875,56.67401123046875,2023-12-22_18:00:00,97,,
DN231223_03,20.449904024821862,55.218557440179865,2023-12-23T17:28:53,/mnt/L2_plus/events_trello/DN231223_03/WRF/wrfout_d04_2023-12-23_00:00:00,2023-12-23_00:00:00,2023-12-23_18:00:00,18.732805252075195,21.801555633544922,53.37957763671875,56.67401123046875,2023-12-23_00:00:00,73,,
DN231223_03,20.449904024821862,55.218557440179865,2023-12-23T17:28:53,/mnt/L2_plus/events_trello/DN231223_03/WRF/wrfout_d04_2023-12-23_06:00:00,2023-12-23_06:00:00,2023-12-23_18:00:00,18.732805252075195,21.801555633544922,53.37957763671875,56.67401123046875,2023-12-23_06:00:00,49,,
DN231223_03,20.449904024821862,55.218557440179865,2023-12-23T17:28:53,/mnt/L2_plus/events_trello/DN231223_03/WRF/wrfout_d04_2023-12-23_12:00:00,2023-12-23_12:00:00,2023-12-23_18:00:00,18.732805252075195,21.801555633544922,53.37957763671875,56.67401123046875,2023-12-23_12:00:00,25,,
DN231225_01,-30.95323155381825,131.31421679891463,2023-12-25T15:52:23,/mnt/L2_plus/events_trello/DN231225_01/WRF/wrfout_d04_2023-12-24_18:00:00,2023-12-24_18:00:00,2023-12-25_16:15:00,-32.661048889160156,-29.586536407470703,129.28634643554688,132.91921997070312,2023-12-24_18:00:00,90,,
DN231225_01,-30.95323155381825,131.31421679891463,2023-12-25T15:52:23,/mnt/L2_plus/events_trello/DN231225_01/WRF/wrfout_d04_2023-12-25_00:00:00,2023-12-25_00:00:00,2023-12-25_16:15:00,-32.661048889160156,-29.586536407470703,129.28634643554688,132.91921997070312,2023-12-25_00:00:00,66,,
DN231225_01,-30.95323155381825,131.31421679891463,2023-12-25T15:52:23,/mnt/L2_plus/events_trello/DN231225_01/WRF/wrfout_d04_2023-12-25_06:00:00,2023-12-25_06:00:00,2023-12-25_16:15:00,-32.661048889160156,-29.586536407470703,129.28634643554688,132.91921997070312,2023-12-25_06:00:00,42,,
DN231225_01,-30.95323155381825,131.31421679891463,2023-12-25T15:52:23,/mnt/L2_plus/events_trello/DN231225_01/WRF/wrfout_d04_2023-12-25_12:00:00,2023-12-25_12:00:00,2023-12-25_16:15:00,-32.661048889160156,-29.586536407470703,129.28634643554688,132.91921997070312,2023-12-25_12:00:00,18,,
DN231229_02,33.86191,-114.29814,2023-12-29T02:40:40,/mnt/L2_plus/events_trello/DN231229_02/WRF/wrfout_d04_2023-12-28_06:00:00,2023-12-28_06:00:00,2023-12-29_03:00:00,32.13746643066406,35.213626861572266,-116.38800048828125,-112.64405822753906,2023-12-28_06:00:00,85,,
DN231229_02,33.86191,-114.29814,2023-12-29T02:40:40,/mnt/L2_plus/events_trello/DN231229_02/WRF/wrfout_d04_2023-12-28_12:00:00,2023-12-28_12:00:00,2023-12-29_03:00:00,32.13746643066406,35.213626861572266,-116.38800048828125,-112.64405822753906,2023-12-28_12:00:00,61,,
DN231229_02,33.86191,-114.29814,2023-12-29T02:40:40,/mnt/L2_plus/events_trello/DN231229_02/WRF/wrfout_d04_2023-12-28_18:00:00,2023-12-28_18:00:00,2023-12-29_03:00:00,32.13746643066406,35.213626861572266,-116.38800048828125,-112.64405822753906,2023-12-28_18:00:00,37,,
DN231229_02,33.86191,-114.29814,2023-12-29T02:40:40,/mnt/L2_plus/events_trello/DN231229_02/WRF/wrfout_d04_2023-12-29_00:00:00,2023-12-29_00:00:00,2023-12-29_03:00:00,32.13746643066406,35.213626861572266,-116.38800048828125,-112.64405822753906,2023-12-29_00:00:00,13,,
DN240226_01,22.9,57.4,2024-02-26T11:21:01,/mnt/L2_plus/events_trello/DN240226_01/WRF/wrfout_d03_2024-02-25_12:00:00,2024-02-25_12:00:00,2024-02-26_11:45:00,20.468421936035156,24.982009887695312,54.741729736328125,59.695831298828125,2024-02-25_12:00:00,96,/software/projects/pawsey0851/mcu/WRF/run/skelet_4.4.2_setonix_large_fine_time,
DN240226_01,22.9,57.4,2024-02-26T11:21:01,/mnt/L2_plus/events_trello/DN240226_01/WRF/wrfout_d03_2024-02-25_18:00:00,2024-02-25_18:00:00,2024-02-26_11:45:00,20.468421936035156,24.982009887695312,54.741729736328125,59.695831298828125,2024-02-25_18:00:00,72,/software/projects/pawsey0851/mcu/WRF/run/skelet_4.4.2_setonix_large_fine_time,
DN240226_01,22.9,57.4,2024-02-26T11:21:01,/mnt/L2_plus/events_trello/DN240226_01/WRF/wrfout_d03_2024-02-26_00:00:00,2024-02-26_00:00:00,2024-02-26_11:45:00,20.468421936035156,24.982009887695312,54.741729736328125,59.695831298828125,2024-02-26_00:00:00,48,/software/projects/pawsey0851/mcu/WRF/run/skelet_4.4.2_setonix_large_fine_time,
DN240226_01,22.9,57.4,2024-02-26T11:21:01,/mnt/L2_plus/events_trello/DN240226_01/WRF/wrfout_d03_2024-02-26_06:00:00,2024-02-26_06:00:00,2024-02-26_11:45:00,20.468421936035156,24.982009887695312,54.741729736328125,59.695831298828125,2024-02-26_06:00:00,24,/software/projects/pawsey0851/mcu/WRF/run/skelet_4.4.2_setonix_large_fine_time,
DN240417_02,33.869189,-114.294916,2024-04-17T02:59:28,/mnt/L2_plus/events_trello/DN240417_02/WRF/wrfout_d04_2024-04-16_06:00:00,2024-04-16_06:00:00,2024-04-17_03:30:00,32.144737243652344,35.22089767456055,-116.38494873046875,-112.64068603515625,2024-04-16_06:00:00,87,,
DN240417_02,33.869189,-114.294916,2024-04-17T02:59:28,/mnt/L2_plus/events_trello/DN240417_02/WRF/wrfout_d04_2024-04-16_12:00:00,2024-04-16_12:00:00,2024-04-17_03:30:00,32.144737243652344,35.22089767456055,-116.38494873046875,-112.64068603515625,2024-04-16_12:00:00,63,,
DN240417_02,33.869189,-114.294916,2024-04-17T02:59:28,/mnt/L2_plus/events_trello/DN240417_02/WRF/wrfout_d04_2024-04-16_18:00:00,2024-04-16_18:00:00,2024-04-17_03:30:00,32.144737243652344,35.22089767456055,-116.38494873046875,-112.64068603515625,2024-04-16_18:00:00,39,,
DN240417_02,33.869189,-114.294916,2024-04-17T02:59:28,/mnt/L2_plus/events_trello/DN240417_02/WRF/wrfout_d04_2024-04-17_00:00:00,2024-04-17_00:00:00,2024-04-17_03:30:00,32.144737243652344,35.22089767456055,-116.38494873046875,-112.64068603515625,2024-04-17_00:00:00,15,,
DN240506_01,52.932829,-2.014178,2024-05-06T03:00:20,/mnt/L2_plus/events_trello/DN240506_01/WRF/wrfout_d04_2024-05-05_06:00:00,2024-05-05_06:00:00,2024-05-06_03:30:00,51.192626953125,54.28464889526367,-4.93817138671875,0.300445556640625,2024-05-05_06:00:00,87,,
DN240506_01,52.932829,-2.014178,2024-05-06T03:00:20,/mnt/L2_plus/events_trello/DN240506_01/WRF/wrfout_d04_2024-05-05_12:00:00,2024-05-05_12:00:00,2024-05-06_03:30:00,51.192626953125,54.28464889526367,-4.93817138671875,0.300445556640625,2024-05-05_12:00:00,63,,
DN240506_01,52.932829,-2.014178,2024-05-06T03:00:20,/mnt/L2_plus/events_trello/DN240506_01/WRF/wrfout_d04_2024-05-05_18:00:00,2024-05-05_18:00:00,2024-05-06_03:30:00,51.192626953125,54.28464889526367,-4.93817138671875,0.300445556640625,2024-05-05_18:00:00,39,,
DN240506_01,52.932829,-2.014178,2024-05-06T03:00:20,/mnt/L2_plus/events_trello/DN240506_01/WRF/wrfout_d04_2024-05-06_00:00:00,2024-05-06_00:00:00,2024-05-06_03:30:00,51.192626953125,54.28464889526367,-4.93817138671875,0.300445556640625,2024-05-06_00:00:00,15,,
DN240714_01,-31.571331208520082,130.9378544099477,2024-07-14T16:28:24,/mnt/L2_plus/events_trello/DN240714_01/WRF/wrfout_d04_2024-07-13_18:00:00,2024-07-13_18:00:00,2024-07-14_17:00:00,-33.279136657714844,-30.204252243041992,128.895751953125,132.5540771484375,2024-07-13_18:00:00,93,,
DN240714_01,-31.571331208520082,130.9378544099477,2024-07-14T16:28:24,/mnt/L2_plus/events_trello/DN240714_01/WRF/wrfout_d04_2024-07-14_00:00:00,2024-07-14_00:00:00,2024-07-14_17:00:00,-33.279136657714844,-30.204252243041992,128.895751953125,132.5540771484375,2024-07-14_00:00:00,69,,
DN240714_01,-31.571331208520082,130.9378544099477,2024-07-14T16:28:24,/mnt/L2_plus/events_trello/DN240714_01/WRF/wrfout_d04_2024-07-14_06:00:00,2024-07-14_06:00:00,2024-07-14_17:00:00,-33.279136657714844,-30.204252243041992,128.895751953125,132.5540771484375,2024-07-14_06:00:00,45,,
DN240714_01,-31.571331208520082,130.9378544099477,2024-07-14T16:28:24,/mnt/L2_plus/events_trello/DN240714_01/WRF/wrfout_d04_2024-07-14_12:00:00,2024-07-14_12:00:00,2024-07-14_17:00:00,-33.279136657714844,-30.204252243041992,128.895751953125,132.5540771484375,2024-07-14_12:00:00,21,,
DN240806_03,30.7325,-6.6339,2024-08-06T20:42:00,/mnt/L2_plus/events_trello/DN240806_03/WRF/wrfout_d04_2024-08-06_12:00:00,2024-08-06_12:00:00,2024-08-06_21:15:00,29.009944915771484,32.08419418334961,-8.64910888671875,-5.0389404296875,2024-08-06_12:00:00,38,/software/projects/pawsey0851/mcu/WRF/run/skelet_4.4.2_setonix_large_fine_time,20h
DN240806_03,30.7325,-6.6339,2024-08-06T20:42:00,/mnt/L2_plus/events_trello/DN240806_03/WRF/wrfout_d04_2024-08-06_18:00:00,2024-08-06_18:00:00,2024-08-06_21:15:00,29.009944915771484,32.08419418334961,-8.64910888671875,-5.0389404296875,2024-08-06_18:00:00,14,/software/projects/pawsey0851/mcu/WRF/run/skelet_4.4.2_setonix_large_fine_time,20h
DN240814_01,-30.546747343974435,131.66248951740656,2024-08-14T18:31:33,/mnt/L2_plus/events_trello/DN240814_01/WRF/wrfout_d04_2024-08-14_00:00:00,2024-08-14_00:00:00,2024-08-14_19:00:00,-32.25454330444336,-29.18031120300293,129.64385986328125,133.26022338867188,2024-08-14_00:00:00,77,,
DN240814_01,-30.546747343974435,131.66248951740656,2024-08-14T18:31:33,/mnt/L2_plus/events_trello/DN240814_01/WRF/wrfout_d04_2024-08-14_06:00:00,2024-08-14_06:00:00,2024-08-14_19:00:00,-32.25454330444336,-29.18031120300293,129.64385986328125,133.26022338867188,2024-08-14_06:00:00,53,,
DN240814_01,-30.546747343974435,131.66248951740656,2024-08-14T18:31:33,/mnt/L2_plus/events_trello/DN240814_01/WRF/wrfout_d04_2024-08-14_12:00:00,2024-08-14_12:00:00,2024-08-14_19:00:00,-32.25454330444336,-29.18031120300293,129.64385986328125,133.26022338867188,2024-08-14_12:00:00,29,,
DN240814_01,-30.546747343974435,131.66248951740656,2024-08-14T18:31:33,/mnt/L2_plus/events_trello/DN240814_01/WRF/wrfout_d04_2024-08-14_18:00:00,2024-08-14_18:00:00,2024-08-14_19:00:00,-32.25454330444336,-29.18031120300293,129.64385986328125,133.26022338867188,2024-08-14_18:00:00,5,,
DN241112_01,-29.53442,-71.13976,2024-11-12T03:27:46,/mnt/L2_plus/events_trello/DN241112_01/WRF/wrfout_d03_2024-11-11_06:00:00,2024-11-11_06:00:00,2024-11-12_04:00:00,-31.945083618164062,-27.42428207397461,-73.97854614257812,-68.68798828125,2024-11-11_06:00:00,89,/home/wrf/run/skelet.V4.dom3.large_mountains,
DN241112_01,-29.53442,-71.13976,2024-11-12T03:27:46,/mnt/L2_plus/events_trello/DN241112_01/WRF/wrfout_d03_2024-11-11_12:00:00,2024-11-11_12:00:00,2024-11-12_04:00:00,-31.945083618164062,-27.42428207397461,-73.97854614257812,-68.68798828125,2024-11-11_12:00:00,65,/home/wrf/run/skelet.V4.dom3.large_mountains,
DN241112_01,-29.53442,-71.13976,2024-11-12T03:27:46,/mnt/L2_plus/events_trello/DN241112_01/WRF/wrfout_d03_2024-11-11_18:00:00,2024-11-11_18:00:00,2024-11-12_04:00:00,-31.945083618164062,-27.42428207397461,-73.97854614257812,-68.68798828125,2024-11-11_18:00:00,41,/home/wrf/run/skelet.V4.dom3.large_mountains,
DN241112_01,-29.53442,-71.13976,2024-11-12T03:27:46,/mnt/L2_plus/events_trello/DN241112_01/WRF/wrfout_d03_2024-11-12_00:00:00,2024-11-12_00:00:00,2024-11-12_04:00:00,-31.945083618164062,-27.42428207397461,-73.97854614257812,-68.68798828125,2024-11-12_00:00:00,17,/home/wrf/run/skelet.V4.dom3.large_mountains,
DN241212_01,-36.7595832714621,145.27432661715358,2024-12-12T11:40:01,/mnt/L2_plus/events_trello/DN241212_01/WRF/wrfout_d04_2024-12-11_12:00:00,2024-12-11_12:00:00,2024-12-12_12:00:00,-38.46742248535156,-35.38924026489258,143.093994140625,147.00009155273438,2024-12-11_12:00:00,97,,
DN241212_01,-36.7595832714621,145.27432661715358,2024-12-12T11:40:01,/mnt/L2_plus/events_trello/DN241212_01/WRF/wrfout_d04_2024-12-11_18:00:00,2024-12-11_18:00:00,2024-12-12_12:00:00,-38.46742248535156,-35.38924026489258,143.093994140625,147.00009155273438,2024-12-11_18:00:00,73,,
DN241212_01,-36.7595832714621,145.27432661715358,2024-12-12T11:40:01,/mnt/L2_plus/events_trello/DN241212_01/WRF/wrfout_d04_2024-12-12_00:00:00,2024-12-12_00:00:00,2024-12-12_12:00:00,-38.46742248535156,-35.38924026489258,143.093994140625,147.00009155273438,2024-12-12_00:00:00,49,,
DN241212_01,-36.7595832714621,145.27432661715358,2024-12-12T11:40:01,/mnt/L2_plus/events_trello/DN241212_01/WRF/wrfout_d04_2024-12-12_06:00:00,2024-12-12_06:00:00,2024-12-12_12:00:00,-38.46742248535156,-35.38924026489258,143.093994140625,147.00009155273438,2024-12-12_06:00:00,25,,
DN250213_01,18.198077,53.6233756,2025-02-13T21:42:00,/mnt/L2_plus/events_trello/DN250213_01/WRF/wrfout_d04_2025-02-13_00:00:00,2025-02-13_00:00:00,2025-02-13_22:15:00,16.482101440429688,19.54971694946289,51.811431884765625,55.057464599609375,2025-02-13_00:00:00,90,,
DN250213_01,18.198077,53.6233756,2025-02-13T21:42:00,/mnt/L2_plus/events_trello/DN250213_01/WRF/wrfout_d04_2025-02-13_06:00:00,2025-02-13_06:00:00,2025-02-13_22:15:00,16.482101440429688,19.54971694946289,51.811431884765625,55.057464599609375,2025-02-13_06:00:00,66,,
DN250213_01,18.198077,53.6233756,2025-02-13T21:42:00,/mnt/L2_plus/events_trello/DN250213_01/WRF/wrfout_d04_2025-02-13_12:00:00,2025-02-13_12:00:00,2025-02-13_22:15:00,16.482101440429688,19.54971694946289,51.811431884765625,55.057464599609375,2025-02-13_12:00:00,42,,
DN250213_01,18.198077,53.6233756,2025-02-13T21:42:00,/mnt/L2_plus/events_trello/DN250213_01/WRF/wrfout_d04_2025-02-13_18:00:00,2025-02-13_18:00:00,2025-02-13_22:15:00,16.482101440429688,19.54971694946289,51.811431884765625,55.057464599609375,2025-02-13_18:00:00,18,,
DN250216_01,32.100389,-114.644235,2025-02-16T09:53:48,/mnt/L2_plus/events_trello/DN250216_01/WRF/wrfout_d04_2025-02-15_12:00:00,2025-02-15_12:00:00,2025-02-16_10:15:00,30.353839874267578,33.428897857666016,-116.72134399414062,-113.05619812011719,2025-02-15_12:00:00,90,,
DN250216_01,32.100389,-114.644235,2025-02-16T09:53:48,/mnt/L2_plus/events_trello/DN250216_01/WRF/wrfout_d04_2025-02-15_18:00:00,2025-02-15_18:00:00,2025-02-16_10:15:00,30.353839874267578,33.428897857666016,-116.72134399414062,-113.05619812011719,2025-02-15_18:00:00,66,,
DN250216_01,32.100389,-114.644235,2025-02-16T09:53:48,/mnt/L2_plus/events_trello/DN250216_01/WRF/wrfout_d04_2025-02-16_00:00:00,2025-02-16_00:00:00,2025-02-16_10:15:00,30.353839874267578,33.428897857666016,-116.72134399414062,-113.05619812011719,2025-02-16_00:00:00,42,,
DN250216_01,32.100389,-114.644235,2025-02-16T09:53:48,/mnt/L2_plus/events_trello/DN250216_01/WRF/wrfout_d04_2025-02-16_06:00:00,2025-02-16_06:00:00,2025-02-16_10:15:00,30.353839874267578,33.428897857666016,-116.72134399414062,-113.05619812011719,2025-02-16_06:00:00,18,,
DN250303_01,-29.180714269234738,124.18075696054191,2025-03-03T17:06:33,/mnt/L2_plus/events_trello/DN250303_01/WRF/wrfout_d04_2025-03-02_18:00:00,2025-03-02_18:00:00,2025-03-03_17:30:00,-30.888534545898438,-27.815052032470703,122.19140625,125.75527954101562,2025-03-02_18:00:00,95,,
DN250303_01,-29.180714269234738,124.18075696054191,2025-03-03T17:06:33,/mnt/L2_plus/events_trello/DN250303_01/WRF/wrfout_d04_2025-03-03_00:00:00,2025-03-03_00:00:00,2025-03-03_17:30:00,-30.888534545898438,-27.815052032470703,122.19140625,125.75527954101562,2025-03-03_00:00:00,71,,
DN250303_01,-29.180714269234738,124.18075696054191,2025-03-03T17:06:33,/mnt/L2_plus/events_trello/DN250303_01/WRF/wrfout_d04_2025-03-03_06:00:00,2025-03-03_06:00:00,2025-03-03_17:30:00,-30.888534545898438,-27.815052032470703,122.19140625,125.75527954101562,2025-03-03_06:00:00,47,,
DN250303_01,-29.180714269234738,124.18075696054191,2025-03-03T17:06:33,/mnt/L2_plus/events_trello/DN250303_01/WRF/wrfout_d04_2025-03-03_12:00:00,2025-03-03_12:00:00,2025-03-03_17:30:00,-30.888534545898438,-27.815052032470703,122.19140625,125.75527954101562,2025-03-03_12:00:00,23,,
DN250308_01,-35.4253,141.2516,2025-03-08T11:30:00,/mnt/L2_plus/events_trello/DN250308_01/WRF/wrfout_d04_2025-03-07_12:00:00,2025-03-07_12:00:00,2025-03-08_12:00:00,-37.13310623168945,-34.055824279785156,139.11029052734375,142.9464111328125,2025-03-07_12:00:00,97,,
DN250308_01,-35.4253,141.2516,2025-03-08T11:30:00,/mnt/L2_plus/events_trello/DN250308_01/WRF/wrfout_d04_2025-03-07_18:00:00,2025-03-07_18:00:00,2025-03-08_12:00:00,-37.13310623168945,-34.055824279785156,139.11029052734375,142.9464111328125,2025-03-07_18:00:00,73,,
DN250308_01,-35.4253,141.2516,2025-03-08T11:30:00,/mnt/L2_plus/events_trello/DN250308_01/WRF/wrfout_d04_2025-03-08_00:00:00,2025-03-08_00:00:00,2025-03-08_12:00:00,-37.13310623168945,-34.055824279785156,139.11029052734375,142.9464111328125,2025-03-08_00:00:00,49,,
DN250308_01,-35.4253,141.2516,2025-03-08T11:30:00,/mnt/L2_plus/events_trello/DN250308_01/WRF/wrfout_d04_2025-03-08_06:00:00,2025-03-08_06:00:00,2025-03-08_12:00:00,-37.13310623168945,-34.055824279785156,139.11029052734375,142.9464111328125,2025-03-08_06:00:00,25,,
DN250510_01,-32.2427,120.23725,2025-05-10T21:57:49,/mnt/L2_plus/events_trello/DN250510_01/WRF/wrfout_d04_2025-05-10_00:00:00,2025-05-10_00:00:00,2025-05-10_22:30:00,-33.95049285888672,-30.87523651123047,118.17926025390625,121.8660888671875,2025-05-10_00:00:00,91,,
DN250510_01,-32.2427,120.23725,2025-05-10T21:57:49,/mnt/L2_plus/events_trello/DN250510_01/WRF/wrfout_d04_2025-05-10_06:00:00,2025-05-10_06:00:00,2025-05-10_22:30:00,-33.95049285888672,-30.87523651123047,118.17926025390625,121.8660888671875,2025-05-10_06:00:00,67,,
DN250510_01,-32.2427,120.23725,2025-05-10T21:57:49,/mnt/L2_plus/events_trello/DN250510_01/WRF/wrfout_d04_2025-05-10_12:00:00,2025-05-10_12:00:00,2025-05-10_22:30:00,-33.95049285888672,-30.87523651123047,118.17926025390625,121.8660888671875,2025-05-10_12:00:00,43,,
DN250510_01,-32.2427,120.23725,2025-05-10T21:57:49,/mnt/L2_plus/events_trello/DN250510_01/WRF/wrfout_d04_2025-05-10_18:00:00,2025-05-10_18:00:00,2025-05-10_22:30:00,-33.95049285888672,-30.87523651123047,118.17926025390625,121.8660888671875,2025-05-10_18:00:00,19,,
DN250529_02,21.100989956480262,54.709363379692775,2025-05-29T16:13:11,/mnt/L2_plus/events_trello/DN250529_02/WRF/wrfout_d04_2025-05-28_18:00:00,2025-05-28_18:00:00,2025-05-29_16:45:00,19.383586883544922,22.45266342163086,52.86181640625,56.171600341796875,2025-05-28_18:00:00,92,,
DN250529_02,21.100989956480262,54.709363379692775,2025-05-29T16:13:11,/mnt/L2_plus/events_trello/DN250529_02/WRF/wrfout_d04_2025-05-29_00:00:00,2025-05-29_00:00:00,2025-05-29_16:45:00,19.383586883544922,22.45266342163086,52.86181640625,56.171600341796875,2025-05-29_00:00:00,68,,
DN250529_02,21.100989956480262,54.709363379692775,2025-05-29T16:13:11,/mnt/L2_plus/events_trello/DN250529_02/WRF/wrfout_d04_2025-05-29_06:00:00,2025-05-29_06:00:00,2025-05-29_16:45:00,19.383586883544922,22.45266342163086,52.86181640625,56.171600341796875,2025-05-29_06:00:00,44,,
DN250529_02,21.100989956480262,54.709363379692775,2025-05-29T16:13:11,/mnt/L2_plus/events_trello/DN250529_02/WRF/wrfout_d04_2025-05-29_12:00:00,2025-05-29_12:00:00,2025-05-29_16:45:00,19.383586883544922,22.45266342163086,52.86181640625,56.171600341796875,2025-05-29_12:00:00,20,,
DN250626_01,-31.862483,125.18249109,2025-06-26T11:03:26,/mnt/L2_plus/events_trello/DN250626_01/WRF/wrfout_d04_2025-06-25_12:00:00,2025-06-25_12:00:00,2025-06-26_11:30:00,-33.5703010559082,-30.495237350463867,123.133544921875,126.80419921875,2025-06-25_12:00:00,95,,
DN250626_01,-31.862483,125.18249109,2025-06-26T11:03:26,/mnt/L2_plus/events_trello/DN250626_01/WRF/wrfout_d04_2025-06-25_18:00:00,2025-06-25_18:00:00,2025-06-26_11:30:00,-33.5703010559082,-30.495237350463867,123.133544921875,126.80419921875,2025-06-25_18:00:00,71,,
DN250626_01,-31.862483,125.18249109,2025-06-26T11:03:26,/mnt/L2_plus/events_trello/DN250626_01/WRF/wrfout_d04_2025-06-26_00:00:00,2025-06-26_00:00:00,2025-06-26_11:30:00,-33.5703010559082,-30.495237350463867,123.133544921875,126.80419921875,2025-06-26_00:00:00,47,,
DN250626_01,-31.862483,125.18249109,2025-06-26T11:03:26,/mnt/L2_plus/events_trello/DN250626_01/WRF/wrfout_d04_2025-06-26_06:00:00,2025-06-26_06:00:00,2025-06-26_11:30:00,-33.5703010559082,-30.495237350463867,123.133544921875,126.80419921875,2025-06-26_06:00:00,23,,
DN250702_01,56.846,-4.234,2025-07-02T23:50:12,/mnt/L2_plus/events_trello/DN250702_01/WRF/wrfout_d04_2025-07-02_00:00:00,2025-07-02_00:00:00,2025-07-03_00:15:00,55.10090637207031,58.1978645324707,-7.47247314453125,-1.670196533203125,2025-07-02_00:00:00,98,,
DN250702_01,56.846,-4.234,2025-07-02T23:50:12,/mnt/L2_plus/events_trello/DN250702_01/WRF/wrfout_d04_2025-07-02_06:00:00,2025-07-02_06:00:00,2025-07-03_00:15:00,55.10090637207031,58.1978645324707,-7.47247314453125,-1.670196533203125,2025-07-02_06:00:00,74,,
DN250702_01,56.846,-4.234,2025-07-02T23:50:12,/mnt/L2_plus/events_trello/DN250702_01/WRF/wrfout_d04_2025-07-02_12:00:00,2025-07-02_12:00:00,2025-07-03_00:15:00,55.10090637207031,58.1978645324707,-7.47247314453125,-1.670196533203125,2025-07-02_12:00:00,50,,
DN250702_01,56.846,-4.234,2025-07-02T23:50:12,/mnt/L2_plus/events_trello/DN250702_01/WRF/wrfout_d04_2025-07-02_18:00:00,2025-07-02_18:00:00,2025-07-03_00:15:00,55.10090637207031,58.1978645324707,-7.47247314453125,-1.670196533203125,2025-07-02_18:00:00,26,,
DN250711_02,-29.831337239,124.75865254,2025-07-11T13:03:09,/mnt/L2_plus/events_trello/DN250711_02/WRF/wrfout_d04_2025-07-10_18:00:00,2025-07-10_18:00:00,2025-07-11_13:30:00,-31.53908920288086,-28.46527862548828,122.755615234375,126.343994140625,2025-07-10_18:00:00,79,,
DN250711_02,-29.831337239,124.75865254,2025-07-11T13:03:09,/mnt/L2_plus/events_trello/DN250711_02/WRF/wrfout_d04_2025-07-11_00:00:00,2025-07-11_00:00:00,2025-07-11_13:30:00,-31.53908920288086,-28.46527862548828,122.755615234375,126.343994140625,2025-07-11_00:00:00,55,,
DN250711_02,-29.831337239,124.75865254,2025-07-11T13:03:09,/mnt/L2_plus/events_trello/DN250711_02/WRF/wrfout_d04_2025-07-11_06:00:00,2025-07-11_06:00:00,2025-07-11_13:30:00,-31.53908920288086,-28.46527862548828,122.755615234375,126.343994140625,2025-07-11_06:00:00,31,,
DN250711_02,-29.831337239,124.75865254,2025-07-11T13:03:09,/mnt/L2_plus/events_trello/DN250711_02/WRF/wrfout_d04_2025-07-11_12:00:00,2025-07-11_12:00:00,2025-07-11_13:30:00,-31.53908920288086,-28.46527862548828,122.755615234375,126.343994140625,2025-07-11_12:00:00,7,,
DN250717_02,-30.06131239609332,122.5434533768051,2025-07-17T17:52:35,/mnt/L2_plus/events_trello/DN250717_02/WRF/wrfout_d04_2025-07-16_18:00:00,2025-07-16_18:00:00,2025-07-17_18:15:00,-31.76914405822754,-28.69515609741211,120.535400390625,124.1328125,2025-07-16_18:00:00,98,,
DN250717_02,-30.06131239609332,122.5434533768051,2025-07-17T17:52:35,/mnt/L2_plus/events_trello/DN250717_02/WRF/wrfout_d04_2025-07-17_00:00:00,2025-07-17_00:00:00,2025-07-17_18:15:00,-31.76914405822754,-28.69515609741211,120.535400390625,124.1328125,2025-07-17_00:00:00,74,,
DN250717_02,-30.06131239609332,122.5434533768051,2025-07-17T17:52:35,/mnt/L2_plus/events_trello/DN250717_02/WRF/wrfout_d04_2025-07-17_06:00:00,2025-07-17_06:00:00,2025-07-17_18:15:00,-31.76914405822754,-28.69515609741211,120.535400390625,124.1328125,2025-07-17_06:00:00,50,,
DN250717_02,-30.06131239609332,122.5434533768051,2025-07-17T17:52:35,/mnt/L2_plus/events_trello/DN250717_02/WRF/wrfout_d04_2025-07-17_12:00:00,2025-07-17_12:00:00,2025-07-17_18:15:00,-31.76914405822754,-28.69515609741211,120.535400390625,124.1328125,2025-07-17_12:00:00,26,,
DN250810_01,-36.946410692510696,143.85780423843192,2025-08-10T09:34:00,/mnt/L2_plus/events_trello/DN250810_01/WRF/wrfout_d04_2025-08-09_12:00:00,2025-08-09_12:00:00,2025-08-10_10:00:00,-38.78770065307617,-35.709293365478516,141.32736206054688,145.25094604492188,2025-08-09_12:00:00,89,,
DN250810_01,-36.946410692510696,143.85780423843192,2025-08-10T09:34:00,/mnt/L2_plus/events_trello/DN250810_01/WRF/wrfout_d04_2025-08-09_18:00:00,2025-08-09_18:00:00,2025-08-10_10:00:00,-38.78770065307617,-35.709293365478516,141.32736206054688,145.25094604492188,2025-08-09_18:00:00,65,,
DN250810_01,-36.946410692510696,143.85780423843192,2025-08-10T09:34:00,/mnt/L2_plus/events_trello/DN250810_01/WRF/wrfout_d04_2025-08-10_00:00:00,2025-08-10_00:00:00,2025-08-10_10:00:00,-38.78770065307617,-35.709293365478516,141.32736206054688,145.25094604492188,2025-08-10_00:00:00,41,,
DN250810_01,-36.946410692510696,143.85780423843192,2025-08-10T09:34:00,/mnt/L2_plus/events_trello/DN250810_01/WRF/wrfout_d04_2025-08-10_06:00:00,2025-08-10_06:00:00,2025-08-10_10:00:00,-38.78770065307617,-35.709293365478516,141.32736206054688,145.25094604492188,2025-08-10_06:00:00,17,,
DN250822_01,-30.3294816085169,122.5245750792654,2025-08-22T20:34:40,/mnt/L2_plus/events_trello/DN250822_01/WRF/wrfout_d04_2025-08-22_00:00:00,2025-08-22_00:00:00,2025-08-22_21:00:00,-32.03728485107422,-28.963151931762695,120.5107421875,124.1185302734375,2025-08-22_00:00:00,85,,
DN250822_01,-30.3294816085169,122.5245750792654,2025-08-22T20:34:40,/mnt/L2_plus/events_trello/DN250822_01/WRF/wrfout_d04_2025-08-22_06:00:00,2025-08-22_06:00:00,2025-08-22_21:00:00,-32.03728485107422,-28.963151931762695,120.5107421875,124.1185302734375,2025-08-22_06:00:00,61,,
DN250822_01,-30.3294816085169,122.5245750792654,2025-08-22T20:34:40,/mnt/L2_plus/events_trello/DN250822_01/WRF/wrfout_d04_2025-08-22_12:00:00,2025-08-22_12:00:00,2025-08-22_21:00:00,-32.03728485107422,-28.963151931762695,120.5107421875,124.1185302734375,2025-08-22_12:00:00,37,,
DN250822_01,-30.3294816085169,122.5245750792654,2025-08-22T20:34:40,/mnt/L2_plus/events_trello/DN250822_01/WRF/wrfout_d04_2025-08-22_18:00:00,2025-08-22_18:00:00,2025-08-22_21:00:00,-32.03728485107422,-28.963151931762695,120.5107421875,124.1185302734375,2025-08-22_18:00:00,13,,
DN250914_03,-30.756246042311847,131.9719744634324,2025-09-14T10:02:30,/mnt/L2_plus/events_trello/DN250914_03/WRF/wrfout_d04_2025-09-13_12:00:00,2025-09-13_12:00:00,2025-09-14_10:30:00,-32.464054107666016,-29.389663696289062,129.94857788085938,133.573486328125,2025-09-13_12:00:00,91,,
DN250914_03,-30.756246042311847,131.9719744634324,2025-09-14T10:02:30,/mnt/L2_plus/events_trello/DN250914_03/WRF/wrfout_d04_2025-09-13_18:00:00,2025-09-13_18:00:00,2025-09-14_10:30:00,-32.464054107666016,-29.389663696289062,129.94857788085938,133.573486328125,2025-09-13_18:00:00,67,,
DN250914_03,-30.756246042311847,131.9719744634324,2025-09-14T10:02:30,/mnt/L2_plus/events_trello/DN250914_03/WRF/wrfout_d04_2025-09-14_00:00:00,2025-09-14_00:00:00,2025-09-14_10:30:00,-32.464054107666016,-29.389663696289062,129.94857788085938,133.573486328125,2025-09-14_00:00:00,43,,
DN250914_03,-30.756246042311847,131.9719744634324,2025-09-14T10:02:30,/mnt/L2_plus/events_trello/DN250914_03/WRF/wrfout_d04_2025-09-14_06:00:00,2025-09-14_06:00:00,2025-09-14_10:30:00,-32.464054107666016,-29.389663696289062,129.94857788085938,133.573486328125,2025-09-14_06:00:00,19,,
DN260327_01,-31.169927746,129.90860720,2026-03-27T19:00:07,/mnt/L2_plus/events_trello/DN260327_01/WRF/wrfout_d03_2026-03-27_00:00:00,2026-03-27_00:00:00,2026-03-27_19:30:00,-32.84123229980469,-29.81287384033203,127.92007446289062,131.50601196289062,2026-03-27_00:00:00,79,,
DN260327_01,-31.169927746,129.90860720,2026-03-27T19:00:07,/mnt/L2_plus/events_trello/DN260327_01/WRF/wrfout_d03_2026-03-27_06:00:00,2026-03-27_06:00:00,2026-03-27_19:30:00,-32.84123229980469,-29.81287384033203,127.92007446289062,131.50601196289062,2026-03-27_06:00:00,55,,
DN260327_01,-31.169927746,129.90860720,2026-03-27T19:00:07,/mnt/L2_plus/events_trello/DN260327_01/WRF/wrfout_d03_2026-03-27_12:00:00,2026-03-27_12:00:00,2026-03-27_19:30:00,-32.84123229980469,-29.81287384033203,127.92007446289062,131.50601196289062,2026-03-27_12:00:00,31,,
DN260327_01,-31.169927746,129.90860720,2026-03-27T19:00:07,/mnt/L2_plus/events_trello/DN260327_01/WRF/wrfout_d03_2026-03-27_18:00:00,2026-03-27_18:00:00,2026-03-27_19:30:00,-32.84123229980469,-29.81287384033203,127.92007446289062,131.50601196289062,2026-03-27_18:00:00,7,,
DN260327_01,-31.169927746,129.90860720,2026-03-27T19:00:07,/mnt/L2_plus/events_trello/DN260327_01/WRF/wrfout_d04_2026-03-27_00:00:00,2026-03-27_00:00:00,2026-03-27_19:30:00,-32.877742767333984,-29.80310821533203,127.8758544921875,131.51751708984375,2026-03-27_00:00:00,79,,
DN260327_01,-31.169927746,129.90860720,2026-03-27T19:00:07,/mnt/L2_plus/events_trello/DN260327_01/WRF/wrfout_d04_2026-03-27_06:00:00,2026-03-27_06:00:00,2026-03-27_19:30:00,-32.877742767333984,-29.80310821533203,127.8758544921875,131.51751708984375,2026-03-27_06:00:00,55,,
DN260327_01,-31.169927746,129.90860720,2026-03-27T19:00:07,/mnt/L2_plus/events_trello/DN260327_01/WRF/wrfout_d04_2026-03-27_12:00:00,2026-03-27_12:00:00,2026-03-27_19:30:00,-32.877742767333984,-29.80310821533203,127.8758544921875,131.51751708984375,2026-03-27_12:00:00,31,,
DN260327_01,-31.169927746,129.90860720,2026-03-27T19:00:07,/mnt/L2_plus/events_trello/DN260327_01/WRF/wrfout_d04_2026-03-27_18:00:00,2026-03-27_18:00:00,2026-03-27_19:30:00,-32.877742767333984,-29.80310821533203,127.8758544921875,131.51751708984375,2026-03-27_18:00:00,7,,
2023-06-04_Belgium-NL,51.43595,3.76079,2023-06-04T22:10:03,/mnt/L2_plus/events_search/2023-06-04_Belgium-NL/WRF/wrfout_d04_2023-06-04_06:00:00,2023-06-04_06:00:00,2023-06-04_22:30:00,50.457908630371094,52.04776382446289,2.187408447265625,4.755401611328125,2023-06-04_06:00:00,67,,
2023-06-04_Belgium-NL,51.43595,3.76079,2023-06-04T22:10:03,/mnt/L2_plus/events_search/2023-06-04_Belgium-NL/WRF/wrfout_d04_2023-06-04_12:00:00,2023-06-04_12:00:00,2023-06-04_22:30:00,50.457908630371094,52.04776382446289,2.187408447265625,4.755401611328125,2023-06-04_12:00:00,43,,
2023-06-04_Belgium-NL,51.43595,3.76079,2023-06-04T22:10:03,/mnt/L2_plus/events_search/2023-06-04_Belgium-NL/WRF/wrfout_d04_2023-06-04_18:00:00,2023-06-04_18:00:00,2023-06-04_18:30:00,50.457908630371094,52.04776382446289,2.187408447265625,4.755401611328125,2023-06-04_18:00:00,3,,
2023-07-21_Binar_HAB,-32.0,117.7,2023-07-21T02:00:00,/mnt/L2_plus/events_search/2023-07-21_Binar_HAB/WRF/wrfout_d04_2023-07-20_06:00:00,2023-07-20_06:00:00,2023-07-21_05:30:00,-33.70781707763672,-30.63268280029297,115.6478271484375,119.32424926757812,2023-07-20_06:00:00,95,,
2023-07-21_Binar_HAB,-32.0,117.7,2023-07-21T02:00:00,/mnt/L2_plus/events_search/2023-07-21_Binar_HAB/WRF/wrfout_d04_2023-07-20_12:00:00,2023-07-20_12:00:00,2023-07-21_05:30:00,-33.70781707763672,-30.63268280029297,115.6478271484375,119.32424926757812,2023-07-20_12:00:00,71,,
2023-07-21_Binar_HAB,-32.0,117.7,2023-07-21T02:00:00,/mnt/L2_plus/events_search/2023-07-21_Binar_HAB/WRF/wrfout_d04_2023-07-20_18:00:00,2023-07-20_18:00:00,2023-07-21_05:30:00,-33.70781707763672,-30.63268280029297,115.6478271484375,119.32424926757812,2023-07-20_18:00:00,47,,
2023-07-21_Binar_HAB,-32.0,117.7,2023-07-21T02:00:00,/mnt/L2_plus/events_search/2023-07-21_Binar_HAB/WRF/wrfout_d04_2023-07-21_00:00:00,2023-07-21_00:00:00,2023-07-21_05:30:00,-33.70781707763672,-30.63268280029297,115.6478271484375,119.32424926757812,2023-07-21_00:00:00,23,,
2024-02-21_Binar_HAB,-31.53877926,118.647052764893,2024-02-21T02:00:01,/mnt/L2_plus/events_search/2024-02-21_Binar_HAB/WRF/wrfout_d04_2024-02-20_12:00:00,2024-02-20_12:00:00,2024-02-21_02:30:00,-33.246559143066406,-30.17171287536621,116.60580444335938,120.26266479492188,2024-02-20_12:00:00,59,/software/projects/pawsey0851/mcu/WRF/run/skelet_4.4.2_setonix_large,
2024-02-21_Binar_HAB,-31.53877926,118.647052764893,2024-02-21T02:00:01,/mnt/L2_plus/events_search/2024-02-21_Binar_HAB/WRF/wrfout_d04_2024-02-20_18:00:00,2024-02-20_18:00:00,2024-02-21_02:30:00,-33.246559143066406,-30.17171287536621,116.60580444335938,120.26266479492188,2024-02-20_18:00:00,35,/software/projects/pawsey0851/mcu/WRF/run/skelet_4.4.2_setonix_large,
2024-02-21_Binar_HAB,-31.53877926,118.647052764893,2024-02-21T02:00:01,/mnt/L2_plus/events_search/2024-02-21_Binar_HAB/WRF/wrfout_d04_2024-02-21_00:00:00,2024-02-21_00:00:00,2024-02-21_02:30:00,-33.246559143066406,-30.17171287536621,116.60580444335938,120.26266479492188,2024-02-21_00:00:00,11,/software/projects/pawsey0851/mcu/WRF/run/skelet_4.4.2_setonix_large,
2024BX1,52.63,12.64,2024-01-21T00:32:00,/mnt/L2_plus/events_search/2024BX1/WRF/wrfout_d03_2024-01-20_06:00:00,2024-01-20_06:00:00,2024-01-21_01:00:00,50.92799758911133,53.972686767578125,9.7999267578125,14.921783447265625,2024-01-20_06:00:00,77,,
2024BX1,52.63,12.64,2024-01-21T00:32:00,/mnt/L2_plus/events_search/2024BX1/WRF/wrfout_d03_2024-01-20_12:00:00,2024-01-20_12:00:00,2024-01-21_01:00:00,50.92799758911133,53.972686767578125,9.7999267578125,14.921783447265625,2024-01-20_12:00:00,53,,
2024BX1,52.63,12.64,2024-01-21T00:32:00,/mnt/L2_plus/events_search/2024BX1/WRF/wrfout_d03_2024-01-20_18:00:00,2024-01-20_18:00:00,2024-01-21_01:00:00,50.92799758911133,53.972686767578125,9.7999267578125,14.921783447265625,2024-01-20_18:00:00,29,,
2024BX1,52.63,12.64,2024-01-21T00:32:00,/mnt/L2_plus/events_search/2024BX1/WRF/wrfout_d03_2024-01-21_00:00:00,2024-01-21_00:00:00,2024-01-21_01:00:00,50.92799758911133,53.972686767578125,9.7999267578125,14.921783447265625,2024-01-21_00:00:00,5,,
2024BX1,52.63,12.64,2024-01-21T00:32:00,/mnt/L2_plus/events_search/2024BX1/WRF/wrfout_d04_2024-01-20_06:00:00,2024-01-20_06:00:00,2024-01-21_01:00:00,50.8901481628418,53.9818229675293,9.7373046875,14.93780517578125,2024-01-20_06:00:00,77,,
2024BX1,52.63,12.64,2024-01-21T00:32:00,/mnt/L2_plus/events_search/2024BX1/WRF/wrfout_d04_2024-01-20_12:00:00,2024-01-20_12:00:00,2024-01-21_01:00:00,50.8901481628418,53.9818229675293,9.7373046875,14.93780517578125,2024-01-20_12:00:00,53,,
2024BX1,52.63,12.64,2024-01-21T00:32:00,/mnt/L2_plus/events_search/2024BX1/WRF/wrfout_d04_2024-01-20_18:00:00,2024-01-20_18:00:00,2024-01-21_01:00:00,50.8901481628418,53.9818229675293,9.7373046875,14.93780517578125,2024-01-20_18:00:00,29,,
2024BX1,52.63,12.64,2024-01-21T00:32:00,/mnt/L2_plus/events_search/2024BX1/WRF/wrfout_d04_2024-01-21_00:00:00,2024-01-21_00:00:00,2024-01-21_01:00:00,50.8901481628418,53.9818229675293,9.7373046875,14.93780517578125,2024-01-21_00:00:00,5,,
2024_XA1,61.018,119.529,2024-12-03T16:14:58,/mnt/L2_plus/events_search/2024_XA1/WRF/wrfout_d04_2024-12-02_18:00:00,2024-12-02_18:00:00,2024-12-03_16:45:00,59.266517639160156,62.36994552612305,115.84982299804688,122.4420166015625,2024-12-02_18:00:00,92,,
2024_XA1,61.018,119.529,2024-12-03T16:14:58,/mnt/L2_plus/events_search/2024_XA1/WRF/wrfout_d04_2024-12-03_00:00:00,2024-12-03_00:00:00,2024-12-03_16:45:00,59.266517639160156,62.36994552612305,115.84982299804688,122.4420166015625,2024-12-03_00:00:00,68,,
2024_XA1,61.018,119.529,2024-12-03T16:14:58,/mnt/L2_plus/events_search/2024_XA1/WRF/wrfout_d04_2024-12-03_06:00:00,2024-12-03_06:00:00,2024-12-03_16:45:00,59.266517639160156,62.36994552612305,115.84982299804688,122.4420166015625,2024-12-03_06:00:00,44,,
2024_XA1,61.018,119.529,2024-12-03T16:14:58,/mnt/L2_plus/events_search/2024_XA1/WRF/wrfout_d04_2024-12-03_12:00:00,2024-12-03_12:00:00,2024-12-03_16:45:00,59.266517639160156,62.36994552612305,115.84982299804688,122.4420166015625,2024-12-03_12:00:00,20,,
2025-03-21_Binar_HAB,-32.84561,116.07043,2025-03-21T02:30:00,/mnt/L2_plus/events_search/2025-03-21_Binar_HAB/WRF/wrfout_d04_2025-03-20_06:00:00,2025-03-20_06:00:00,2025-03-21_03:00:00,-34.55340576171875,-31.477767944335938,113.9976806640625,117.71096801757812,2025-03-20_06:00:00,85,,
2025-03-21_Binar_HAB,-32.84561,116.07043,2025-03-21T02:30:00,/mnt/L2_plus/events_search/2025-03-21_Binar_HAB/WRF/wrfout_d04_2025-03-20_12:00:00,2025-03-20_12:00:00,2025-03-21_03:00:00,-34.55340576171875,-31.477767944335938,113.9976806640625,117.71096801757812,2025-03-20_12:00:00,61,,
2025-03-21_Binar_HAB,-32.84561,116.07043,2025-03-21T02:30:00,/mnt/L2_plus/events_search/2025-03-21_Binar_HAB/WRF/wrfout_d04_2025-03-20_18:00:00,2025-03-20_18:00:00,2025-03-21_03:00:00,-34.55340576171875,-31.477767944335938,113.9976806640625,117.71096801757812,2025-03-20_18:00:00,37,,
2025-03-21_Binar_HAB,-32.84561,116.07043,2025-03-21T02:30:00,/mnt/L2_plus/events_search/2025-03-21_Binar_HAB/WRF/wrfout_d04_2025-03-21_00:00:00,2025-03-21_00:00:00,2025-03-21_03:00:00,-34.55340576171875,-31.477767944335938,113.9976806640625,117.71096801757812,2025-03-21_00:00:00,13,,
BOSNIA_2025-11-09_2253,44.36850,16.87197,2025-11-09T22:53:11,/mnt/L2_plus/events_search/BOSNIA_2025-11-09_2253/WRF/wrfout_d04_2025-11-09_00:00:00,2025-11-09_00:00:00,2025-11-09_23:15:00,42.63658905029297,45.72026443481445,14.4266357421875,18.807525634765625,2025-11-09_00:00:00,94,,
BOSNIA_2025-11-09_2253,44.36850,16.87197,2025-11-09T22:53:11,/mnt/L2_plus/events_search/BOSNIA_2025-11-09_2253/WRF/wrfout_d04_2025-11-09_06:00:00,2025-11-09_06:00:00,2025-11-09_23:15:00,42.63658905029297,45.72026443481445,14.4266357421875,18.807525634765625,2025-11-09_06:00:00,70,,
BOSNIA_2025-11-09_2253,44.36850,16.87197,2025-11-09T22:53:11,/mnt/L2_plus/events_search/BOSNIA_2025-11-09_2253/WRF/wrfout_d04_2025-11-09_12:00:00,2025-11-09_12:00:00,2025-11-09_23:15:00,42.63658905029297,45.72026443481445,14.4266357421875,18.807525634765625,2025-11-09_12:00:00,46,,
BOSNIA_2025-11-09_2253,44.36850,16.87197,2025-11-09T22:53:11,/mnt/L2_plus/events_search/BOSNIA_2025-11-09_2253/WRF/wrfout_d04_2025-11-09_18:00:00,2025-11-09_18:00:00,2025-11-09_23:15:00,42.63658905029297,45.72026443481445,14.4266357421875,18.807525634765625,2025-11-09_18:00:00,22,,
DN220708_10_spacex_debris,-36.13,148.36,2022-07-08T21:00:00,/mnt/L2_plus/events_search/DN220708_10_spacex_debris/WRF/wrfout_d04_2022-07-08_000000,2022-07-08_00:00:00,2022-07-08_21:30:00,-37.852718353271484,-34.74830627441406,146.17828369140625,150.0867919921875,2022-07-08_00:00:00,87,,
DN220708_10_spacex_debris,-36.13,148.36,2022-07-08T21:00:00,/mnt/L2_plus/events_search/DN220708_10_spacex_debris/WRF/wrfout_d04_2022-07-08_060000,2022-07-08_06:00:00,2022-07-08_21:30:00,-37.852718353271484,-34.74830627441406,146.17828369140625,150.0867919921875,2022-07-08_06:00:00,63,,
DN220708_10_spacex_debris,-36.13,148.36,2022-07-08T21:00:00,/mnt/L2_plus/events_search/DN220708_10_spacex_debris/WRF/wrfout_d04_2022-07-08_120000,2022-07-08_12:00:00,2022-07-08_21:30:00,-37.852718353271484,-34.74830627441406,146.17828369140625,150.0867919921875,2022-07-08_12:00:00,39,,
DN220708_10_spacex_debris,-36.13,148.36,2022-07-08T21:00:00,/mnt/L2_plus/events_search/DN220708_10_spacex_debris/WRF/wrfout_d04_2022-07-08_180000,2022-07-08_18:00:00,2022-07-08_21:30:00,-37.852718353271484,-34.74830627441406,146.17828369140625,150.0867919921875,2022-07-08_18:00:00,15,,
DN230807_02_Soyuz_Tas,-41.8900,147.5500,2023-08-07T13:57:22,/mnt/L2_plus/events_search/DN230807_02_Soyuz_Tas/WRF/wrfout_d04_2023-08-06_18:00:00,2023-08-06_18:00:00,2023-08-07_14:30:00,-43.59787368774414,-40.515953063964844,145.19281005859375,149.41571044921875,2023-08-06_18:00:00,83,,
DN230807_02_Soyuz_Tas,-41.8900,147.5500,2023-08-07T13:57:22,/mnt/L2_plus/events_search/DN230807_02_Soyuz_Tas/WRF/wrfout_d04_2023-08-07_00:00:00,2023-08-07_00:00:00,2023-08-07_14:30:00,-43.59787368774414,-40.515953063964844,145.19281005859375,149.41571044921875,2023-08-07_00:00:00,59,,
DN230807_02_Soyuz_Tas,-41.8900,147.5500,2023-08-07T13:57:22,/mnt/L2_plus/events_search/DN230807_02_Soyuz_Tas/WRF/wrfout_d04_2023-08-07_06:00:00,2023-08-07_06:00:00,2023-08-07_14:30:00,-43.59787368774414,-40.515953063964844,145.19281005859375,149.41571044921875,2023-08-07_06:00:00,35,,
DN230807_02_Soyuz_Tas,-41.8900,147.5500,2023-08-07T13:57:22,/mnt/L2_plus/events_search/DN230807_02_Soyuz_Tas/WRF/wrfout_d04_2023-08-07_12:00:00,2023-08-07_12:00:00,2023-08-07_14:30:00,-43.59787368774414,-40.515953063964844,145.19281005859375,149.41571044921875,2023-08-07_12:00:00,11,,
DN250421_10,-29.1,151.6,2025-04-21T09:27:34,/mnt/L2_plus/events_search/DN250421_10/WRF/wrfout_d04_2025-04-20_12:00:00,2025-04-20_12:00:00,2025-04-21_10:00:00,-30.807781219482422,-27.734359741210938,149.61233520507812,153.1732177734375,2025-04-20_12:00:00,89,,
DN250421_10,-29.1,151.6,2025-04-21T09:27:34,/mnt/L2_plus/events_search/DN250421_10/WRF/wrfout_d04_2025-04-20_18:00:00,2025-04-20_18:00:00,2025-04-21_10:00:00,-30.807781219482422,-27.734359741210938,149.61233520507812,153.1732177734375,2025-04-20_18:00:00,65,,
DN250421_10,-29.1,151.6,2025-04-21T09:27:34,/mnt/L2_plus/events_search/DN250421_10/WRF/wrfout_d04_2025-04-21_00:00:00,2025-04-21_00:00:00,2025-04-21_10:00:00,-30.807781219482422,-27.734359741210938,149.61233520507812,153.1732177734375,2025-04-21_00:00:00,41,,
DN250421_10,-29.1,151.6,2025-04-21T09:27:34,/mnt/L2_plus/events_search/DN250421_10/WRF/wrfout_d04_2025-04-21_06:00:00,2025-04-21_06:00:00,2025-04-21_10:00:00,-30.807781219482422,-27.734359741210938,149.61233520507812,153.1732177734375,2025-04-21_06:00:00,17,,
DZA_2023-05-07,36.12400,3.80090,2023-05-07T22:59:59,/mnt/L2_plus/events_search/DZA_2023-05-07/WRF/wrfout_d04_2023-05-07_00:00:00,2023-05-07_00:00:00,2023-05-07_23:30:00,35.150146484375,36.73583984375,2.59332275390625,4.564239501953125,2023-05-07_00:00:00,95,,
DZA_2023-05-07,36.12400,3.80090,2023-05-07T22:59:59,/mnt/L2_plus/events_search/DZA_2023-05-07/WRF/wrfout_d04_2023-05-07_06:00:00,2023-05-07_06:00:00,2023-05-07_23:30:00,35.150146484375,36.73583984375,2.59332275390625,4.564239501953125,2023-05-07_06:00:00,71,,
DZA_2023-05-07,36.12400,3.80090,2023-05-07T22:59:59,/mnt/L2_plus/events_search/DZA_2023-05-07/WRF/wrfout_d04_2023-05-07_12:00:00,2023-05-07_12:00:00,2023-05-07_23:30:00,35.150146484375,36.73583984375,2.59332275390625,4.564239501953125,2023-05-07_12:00:00,47,,
DZA_2023-05-07,36.12400,3.80090,2023-05-07T22:59:59,/mnt/L2_plus/events_search/DZA_2023-05-07/WRF/wrfout_d04_2023-05-07_18:00:00,2023-05-07_18:00:00,2023-05-07_23:30:00,35.150146484375,36.73583984375,2.59332275390625,4.564239501953125,2023-05-07_18:00:00,23,,
FRIPON_20200228T093032_Slovenia,45.852606,15.067279,2020-02-28T09:30:32,/mnt/L2_plus/events_search/FRIPON_20200228T093032_Slovenia/WRF/wrfout_d04_2020-02-27_18:00:00,2020-02-27_18:00:00,2020-02-28_10:00:00,44.343013763427734,46.979576110839844,12.88397216796875,16.71856689453125,2020-02-27_18:00:00,33,,
FRIPON_20200228T093032_Slovenia,45.852606,15.067279,2020-02-28T09:30:32,/mnt/L2_plus/events_search/FRIPON_20200228T093032_Slovenia/WRF/wrfout_d04_2020-02-28_00:00:00,2020-02-28_00:00:00,2020-02-28_10:00:00,44.343013763427734,46.979576110839844,12.88397216796875,16.71856689453125,2020-02-28_00:00:00,21,,
FRIPON_20200228T093032_Slovenia,45.852606,15.067279,2020-02-28T09:30:32,/mnt/L2_plus/events_search/FRIPON_20200228T093032_Slovenia/WRF/wrfout_d04_2020-02-28_06:00:00,2020-02-28_06:00:00,2020-02-28_10:00:00,44.343013763427734,46.979576110839844,12.88397216796875,16.71856689453125,2020-02-28_06:00:00,9,,
FRIPON_20210118T001856_Spain,42.86978,-7.30701,2021-01-18T00:18:56,/mnt/L2_plus/events_search/FRIPON_20210118T001856_Spain/WRF/wrfout_d04_2021-01-17_18:00:00,2021-01-17_18:00:00,2021-01-18_01:00:00,41.36393737792969,43.995975494384766,-9.3773193359375,-5.741180419921875,2021-01-17_18:00:00,22,,
FRIPON_20210118T001856_Spain,42.86978,-7.30701,2021-01-18T00:18:56,/mnt/L2_plus/events_search/FRIPON_20210118T001856_Spain/WRF/wrfout_d04_2021-01-18_00:00:00,2021-01-18_00:00:00,2021-01-18_01:00:00,41.36393737792969,43.995975494384766,-9.3773193359375,-5.741180419921875,2021-01-18_00:00:00,4,,
FRIPON_2023-09-09_2213,47.44791,2.30489,2023-09-09T22:13:00,/mnt/L2_plus/events_search/FRIPON_2023-09-09_2213/WRF/wrfout_d04_2023-09-09_00:00:00,2023-09-09_00:00:00,2023-09-09_22:45:00,45.71329879760742,48.7996711730957,-0.286773681640625,4.356353759765625,2023-09-09_00:00:00,92,,
FRIPON_2023-09-09_2213,47.44791,2.30489,2023-09-09T22:13:00,/mnt/L2_plus/events_search/FRIPON_2023-09-09_2213/WRF/wrfout_d04_2023-09-09_06:00:00,2023-09-09_06:00:00,2023-09-09_22:45:00,45.71329879760742,48.7996711730957,-0.286773681640625,4.356353759765625,2023-09-09_06:00:00,68,,
FRIPON_2023-09-09_2213,47.44791,2.30489,2023-09-09T22:13:00,/mnt/L2_plus/events_search/FRIPON_2023-09-09_2213/WRF/wrfout_d04_2023-09-09_12:00:00,2023-09-09_12:00:00,2023-09-09_22:45:00,45.71329879760742,48.7996711730957,-0.286773681640625,4.356353759765625,2023-09-09_12:00:00,44,,
FRIPON_2023-09-09_2213,47.44791,2.30489,2023-09-09T22:13:00,/mnt/L2_plus/events_search/FRIPON_2023-09-09_2213/WRF/wrfout_d04_2023-09-09_18:00:00,2023-09-09_18:00:00,2023-09-09_22:45:00,45.71329879760742,48.7996711730957,-0.286773681640625,4.356353759765625,2023-09-09_18:00:00,20,,
FRIPON_2024-06-04_235828,47.306485,-0.487465,2024-06-04T23:58:28,/mnt/L2_plus/events_search/FRIPON_2024-06-04_235828/WRF/wrfout_d04_2024-06-04_06:00:00,2024-06-04_06:00:00,2024-06-05_00:30:00,45.57201385498047,48.65825271606445,-3.071868896484375,1.558258056640625,2024-06-04_06:00:00,75,/software/projects/pawsey0851/mcu/WRF/run/skelet_4.4.2_setonix_large_fine_time,24h
FRIPON_2024-06-04_235828,47.306485,-0.487465,2024-06-04T23:58:28,/mnt/L2_plus/events_search/FRIPON_2024-06-04_235828/WRF/wrfout_d04_2024-06-04_12:00:00,2024-06-04_12:00:00,2024-06-05_00:30:00,45.57201385498047,48.65825271606445,-3.071868896484375,1.558258056640625,2024-06-04_12:00:00,51,/software/projects/pawsey0851/mcu/WRF/run/skelet_4.4.2_setonix_large_fine_time,24h
FRIPON_2024-06-04_235828,47.306485,-0.487465,2024-06-04T23:58:28,/mnt/L2_plus/events_search/FRIPON_2024-06-04_235828/WRF/wrfout_d04_2024-06-04_18:00:00,2024-06-04_18:00:00,2024-06-05_00:30:00,45.57201385498047,48.65825271606445,-3.071868896484375,1.558258056640625,2024-06-04_18:00:00,27,/software/projects/pawsey0851/mcu/WRF/run/skelet_4.4.2_setonix_large_fine_time,24h
FRIPON_2025-03-02_0618,45.818263,-72.399023,2025-03-02T06:18:00,/mnt/L2_plus/events_search/FRIPON_2025-03-02_0618/WRF/wrfout_d04_2025-03-01_12:00:00,2025-03-01_12:00:00,2025-03-02_06:45:00,44.08511734008789,47.17002868652344,-74.91021728515625,-70.41128540039062,2025-03-01_12:00:00,76,,
FRIPON_2025-03-02_0618,45.818263,-72.399023,2025-03-02T06:18:00,/mnt/L2_plus/events_search/FRIPON_2025-03-02_0618/WRF/wrfout_d04_2025-03-01_18:00:00,2025-03-01_18:00:00,2025-03-02_06:45:00,44.08511734008789,47.17002868652344,-74.91021728515625,-70.41128540039062,2025-03-01_18:00:00,52,,
FRIPON_2025-03-02_0618,45.818263,-72.399023,2025-03-02T06:18:00,/mnt/L2_plus/events_search/FRIPON_2025-03-02_0618/WRF/wrfout_d04_2025-03-02_00:00:00,2025-03-02_00:00:00,2025-03-02_06:45:00,44.08511734008789,47.17002868652344,-74.91021728515625,-70.41128540039062,2025-03-02_00:00:00,28,,
FRIPON_2025-03-02_0618,45.818263,-72.399023,2025-03-02T06:18:00,/mnt/L2_plus/events_search/FRIPON_2025-03-02_0618/WRF/wrfout_d04_2025-03-02_06:00:00,2025-03-02_06:00:00,2025-03-02_06:45:00,44.08511734008789,47.17002868652344,-74.91021728515625,-70.41128540039062,2025-03-02_06:00:00,4,,
NEXRAD_20160124_Osceola-Florida,30.463389,-82.485716,2016-01-24T15:25:00,/mnt/L2_plus/events_search/NEXRAD_20160124_Osceola-Florida/WRF/wrfout_d04_2016-01-23_18:00:00,2016-01-23_18:00:00,2016-01-24_15:45:00,28.74098014831543,31.815082550048828,-84.49505615234375,-80.89535522460938,2016-01-23_18:00:00,88,/software/projects/pawsey0851/mcu/WRF/run/skelet_4.4.2_setonix_large_27_levels,
NEXRAD_20160124_Osceola-Florida,30.463389,-82.485716,2016-01-24T15:25:00,/mnt/L2_plus/events_search/NEXRAD_20160124_Osceola-Florida/WRF/wrfout_d04_2016-01-24_00:00:00,2016-01-24_00:00:00,2016-01-24_15:45:00,28.74098014831543,31.815082550048828,-84.49505615234375,-80.89535522460938,2016-01-24_00:00:00,64,/software/projects/pawsey0851/mcu/WRF/run/skelet_4.4.2_setonix_large_27_levels,
NEXRAD_20160124_Osceola-Florida,30.463389,-82.485716,2016-01-24T15:25:00,/mnt/L2_plus/events_search/NEXRAD_20160124_Osceola-Florida/WRF/wrfout_d04_2016-01-24_06:00:00,2016-01-24_06:00:00,2016-01-24_15:45:00,28.74098014831543,31.815082550048828,-84.49505615234375,-80.89535522460938,2016-01-24_06:00:00,40,/software/projects/pawsey0851/mcu/WRF/run/skelet_4.4.2_setonix_large_27_levels,
NEXRAD_20160124_Osceola-Florida,30.463389,-82.485716,2016-01-24T15:25:00,/mnt/L2_plus/events_search/NEXRAD_20160124_Osceola-Florida/WRF/wrfout_d04_2016-01-24_12:00:00,2016-01-24_12:00:00,2016-01-24_15:45:00,28.74098014831543,31.815082550048828,-84.49505615234375,-80.89535522460938,2016-01-24_12:00:00,16,/software/projects/pawsey0851/mcu/WRF/run/skelet_4.4.2_setonix_large_27_levels,
NEXRAD_20160218_Mount-Blanco-Texas,33.754207,-101.248789,2016-02-18T03:43:00,/mnt/L2_plus/events_search/NEXRAD_20160218_Mount-Blanco-Texas/WRF/wrfout_d04_2016-02-17_06:00:00,2016-02-17_06:00:00,2016-02-18_04:15:00,32.02983856201172,35.10592269897461,-103.33587646484375,-99.59689331054688,2016-02-17_06:00:00,90,/software/projects/pawsey0851/mcu/WRF/run/skelet_4.4.2_setonix_large_27_levels,
NEXRAD_20160218_Mount-Blanco-Texas,33.754207,-101.248789,2016-02-18T03:43:00,/mnt/L2_plus/events_search/NEXRAD_20160218_Mount-Blanco-Texas/WRF/wrfout_d04_2016-02-17_12:00:00,2016-02-17_12:00:00,2016-02-18_04:15:00,32.02983856201172,35.10592269897461,-103.33587646484375,-99.59689331054688,2016-02-17_12:00:00,66,/software/projects/pawsey0851/mcu/WRF/run/skelet_4.4.2_setonix_large_27_levels,
NEXRAD_20160218_Mount-Blanco-Texas,33.754207,-101.248789,2016-02-18T03:43:00,/mnt/L2_plus/events_search/NEXRAD_20160218_Mount-Blanco-Texas/WRF/wrfout_d04_2016-02-17_18:00:00,2016-02-17_18:00:00,2016-02-18_04:15:00,32.02983856201172,35.10592269897461,-103.33587646484375,-99.59689331054688,2016-02-17_18:00:00,42,/software/projects/pawsey0851/mcu/WRF/run/skelet_4.4.2_setonix_large_27_levels,
NEXRAD_20160218_Mount-Blanco-Texas,33.754207,-101.248789,2016-02-18T03:43:00,/mnt/L2_plus/events_search/NEXRAD_20160218_Mount-Blanco-Texas/WRF/wrfout_d04_2016-02-18_00:00:00,2016-02-18_00:00:00,2016-02-18_04:15:00,32.02983856201172,35.10592269897461,-103.33587646484375,-99.59689331054688,2016-02-18_00:00:00,18,/software/projects/pawsey0851/mcu/WRF/run/skelet_4.4.2_setonix_large_27_levels,
NEXRAD_20160602_Dishchiibikoh-Arizona,33.855281,-110.654072,2016-06-02T10:56:00,/mnt/L2_plus/events_search/NEXRAD_20160602_Dishchiibikoh-Arizona/WRF/wrfout_d04_2016-06-01_12:00:00,2016-06-01_12:00:00,2016-06-02_11:30:00,32.13084411621094,35.20699691772461,-112.7437744140625,-109.00013732910156,2016-06-01_12:00:00,95,/software/projects/pawsey0851/mcu/WRF/run/skelet_4.4.2_setonix_large_32_levels,
NEXRAD_20160602_Dishchiibikoh-Arizona,33.855281,-110.654072,2016-06-02T10:56:00,/mnt/L2_plus/events_search/NEXRAD_20160602_Dishchiibikoh-Arizona/WRF/wrfout_d04_2016-06-01_18:00:00,2016-06-01_18:00:00,2016-06-02_11:30:00,32.13084411621094,35.20699691772461,-112.7437744140625,-109.00013732910156,2016-06-01_18:00:00,71,/software/projects/pawsey0851/mcu/WRF/run/skelet_4.4.2_setonix_large_32_levels,
NEXRAD_20160602_Dishchiibikoh-Arizona,33.855281,-110.654072,2016-06-02T10:56:00,/mnt/L2_plus/events_search/NEXRAD_20160602_Dishchiibikoh-Arizona/WRF/wrfout_d04_2016-06-02_00:00:00,2016-06-02_00:00:00,2016-06-02_11:30:00,32.13084411621094,35.20699691772461,-112.7437744140625,-109.00013732910156,2016-06-02_00:00:00,47,/software/projects/pawsey0851/mcu/WRF/run/skelet_4.4.2_setonix_large_32_levels,
NEXRAD_20160602_Dishchiibikoh-Arizona,33.855281,-110.654072,2016-06-02T10:56:00,/mnt/L2_plus/events_search/NEXRAD_20160602_Dishchiibikoh-Arizona/WRF/wrfout_d04_2016-06-02_06:00:00,2016-06-02_06:00:00,2016-06-02_11:30:00,32.13084411621094,35.20699691772461,-112.7437744140625,-109.00013732910156,2016-06-02_06:00:00,23,/software/projects/pawsey0851/mcu/WRF/run/skelet_4.4.2_setonix_large_32_levels,
NEXRAD_20180117_Hamburg-Michigan,42.441864,-83.820635,2018-01-17T01:08:00,/mnt/L2_plus/events_search/NEXRAD_20180117_Hamburg-Michigan/WRF/wrfout_d04_2018-01-16_06:00:00,2018-01-16_06:00:00,2018-01-17_01:30:00,40.711463928222656,43.79359436035156,-86.18576049804688,-81.94854736328125,2018-01-16_06:00:00,79,/software/projects/pawsey0851/mcu/WRF/run/skelet_4.4.2_setonix_large_32_levels,
NEXRAD_20180117_Hamburg-Michigan,42.441864,-83.820635,2018-01-17T01:08:00,/mnt/L2_plus/events_search/NEXRAD_20180117_Hamburg-Michigan/WRF/wrfout_d04_2018-01-16_12:00:00,2018-01-16_12:00:00,2018-01-17_01:30:00,40.711463928222656,43.79359436035156,-86.18576049804688,-81.94854736328125,2018-01-16_12:00:00,55,/software/projects/pawsey0851/mcu/WRF/run/skelet_4.4.2_setonix_large_32_levels,
NEXRAD_20180117_Hamburg-Michigan,42.441864,-83.820635,2018-01-17T01:08:00,/mnt/L2_plus/events_search/NEXRAD_20180117_Hamburg-Michigan/WRF/wrfout_d04_2018-01-16_18:00:00,2018-01-16_18:00:00,2018-01-17_01:30:00,40.711463928222656,43.79359436035156,-86.18576049804688,-81.94854736328125,2018-01-16_18:00:00,31,/software/projects/pawsey0851/mcu/WRF/run/skelet_4.4.2_setonix_large_32_levels,
NEXRAD_20180117_Hamburg-Michigan,42.441864,-83.820635,2018-01-17T01:08:00,/mnt/L2_plus/events_search/NEXRAD_20180117_Hamburg-Michigan/WRF/wrfout_d04_2018-01-17_00:00:00,2018-01-17_00:00:00,2018-01-17_01:30:00,40.711463928222656,43.79359436035156,-86.18576049804688,-81.94854736328125,2018-01-17_00:00:00,7,/software/projects/pawsey0851/mcu/WRF/run/skelet_4.4.2_setonix_large_32_levels,
NEXRAD_20180308_Pacific-Coast-Washington,47.4312,-124.3448,2018-03-08T03:05:00,/mnt/L2_plus/events_search/NEXRAD_20180308_Pacific-Coast-Washington/WRF/wrfout_d04_2018-03-08_00:00:00,2018-03-08_00:00:00,2018-03-08_03:30:00,45.696590423583984,48.78295135498047,-126.93562316894531,-122.29403686523438,2018-03-08_00:00:00,15,/software/projects/pawsey0851/mcu/WRF/run/skelet_4.4.2_setonix_large_32_levels,
NEXRAD_20180727_Glendale-Arizona,33.683881,-112.222128,2018-07-27T03:22:00,/mnt/L2_plus/events_search/NEXRAD_20180727_Glendale-Arizona/WRF/wrfout_d04_2018-07-26_06:00:00,2018-07-26_06:00:00,2018-07-27_03:45:00,31.959562301635742,35.03559112548828,-114.30740356445312,-110.57168579101562,2018-07-26_06:00:00,88,/software/projects/pawsey0851/mcu/WRF/run/skelet_4.4.2_setonix_large_32_levels,
NEXRAD_20180727_Glendale-Arizona,33.683881,-112.222128,2018-07-27T03:22:00,/mnt/L2_plus/events_search/NEXRAD_20180727_Glendale-Arizona/WRF/wrfout_d04_2018-07-26_12:00:00,2018-07-26_12:00:00,2018-07-27_03:45:00,31.959562301635742,35.03559112548828,-114.30740356445312,-110.57168579101562,2018-07-26_12:00:00,64,/software/projects/pawsey0851/mcu/WRF/run/skelet_4.4.2_setonix_large_32_levels,
NEXRAD_20180727_Glendale-Arizona,33.683881,-112.222128,2018-07-27T03:22:00,/mnt/L2_plus/events_search/NEXRAD_20180727_Glendale-Arizona/WRF/wrfout_d04_2018-07-26_18:00:00,2018-07-26_18:00:00,2018-07-27_03:45:00,31.959562301635742,35.03559112548828,-114.30740356445312,-110.57168579101562,2018-07-26_18:00:00,40,/software/projects/pawsey0851/mcu/WRF/run/skelet_4.4.2_setonix_large_32_levels,
NEXRAD_20180727_Glendale-Arizona,33.683881,-112.222128,2018-07-27T03:22:00,/mnt/L2_plus/events_search/NEXRAD_20180727_Glendale-Arizona/WRF/wrfout_d04_2018-07-27_00:00:00,2018-07-27_00:00:00,2018-07-27_03:45:00,31.959562301635742,35.03559112548828,-114.30740356445312,-110.57168579101562,2018-07-27_00:00:00,16,/software/projects/pawsey0851/mcu/WRF/run/skelet_4.4.2_setonix_large_32_levels,
NEXRAD_20190201_Vinales-Cuba,22.613415,-83.7129,2019-02-01T18:17:00,/mnt/L2_plus/events_search/NEXRAD_20190201_Vinales-Cuba/WRF/wrfout_d04_2019-02-01_00:00:00,2019-02-01_00:00:00,2019-02-01_18:45:00,20.89525032043457,23.965078353881836,-85.58145141601562,-82.2340087890625,2019-02-01_00:00:00,76,/software/projects/pawsey0851/mcu/WRF/run/skelet_4.4.2_setonix_large_32_levels,
NEXRAD_20190201_Vinales-Cuba,22.613415,-83.7129,2019-02-01T18:17:00,/mnt/L2_plus/events_search/NEXRAD_20190201_Vinales-Cuba/WRF/wrfout_d04_2019-02-01_06:00:00,2019-02-01_06:00:00,2019-02-01_18:45:00,20.89525032043457,23.965078353881836,-85.58145141601562,-82.2340087890625,2019-02-01_06:00:00,52,/software/projects/pawsey0851/mcu/WRF/run/skelet_4.4.2_setonix_large_32_levels,
NEXRAD_20190201_Vinales-Cuba,22.613415,-83.7129,2019-02-01T18:17:00,/mnt/L2_plus/events_search/NEXRAD_20190201_Vinales-Cuba/WRF/wrfout_d04_2019-02-01_12:00:00,2019-02-01_12:00:00,2019-02-01_18:45:00,20.89525032043457,23.965078353881836,-85.58145141601562,-82.2340087890625,2019-02-01_12:00:00,28,/software/projects/pawsey0851/mcu/WRF/run/skelet_4.4.2_setonix_large_32_levels,
NEXRAD_20190201_Vinales-Cuba,22.613415,-83.7129,2019-02-01T18:17:00,/mnt/L2_plus/events_search/NEXRAD_20190201_Vinales-Cuba/WRF/wrfout_d04_2019-02-01_18:00:00,2019-02-01_18:00:00,2019-02-01_18:45:00,20.89525032043457,23.965078353881836,-85.58145141601562,-82.2340087890625,2019-02-01_18:00:00,4,/software/projects/pawsey0851/mcu/WRF/run/skelet_4.4.2_setonix_large_32_levels,
NEXRAD_20190404_White-Springs-Florida,30.40967,-82.568493,2019-04-04T04:04:00,/mnt/L2_plus/events_search/NEXRAD_20190404_White-Springs-Florida/WRF/wrfout_d04_2019-04-04_00:00:00,2019-04-04_00:00:00,2019-04-04_04:30:00,28.687280654907227,31.761343002319336,-84.57662963867188,-80.97909545898438,2019-04-04_00:00:00,19,/software/projects/pawsey0851/mcu/WRF/run/skelet_4.4.2_setonix_large_32_levels,
NEXRAD_20190622_Caribbean-Sea-Near-Puerto-Rico,14.998267,-66.336777,2019-06-22T21:24:45,/mnt/L2_plus/events_search/NEXRAD_20190622_Caribbean-Sea-Near-Puerto-Rico/WRF/wrfout_d04_2019-06-22_00:00:00,2019-06-22_00:00:00,2019-06-22_21:45:00,13.283852577209473,16.349945068359375,-68.1162109375,-64.92840576171875,2019-06-22_00:00:00,88,,
NEXRAD_20190622_Caribbean-Sea-Near-Puerto-Rico,14.998267,-66.336777,2019-06-22T21:24:45,/mnt/L2_plus/events_search/NEXRAD_20190622_Caribbean-Sea-Near-Puerto-Rico/WRF/wrfout_d04_2019-06-22_06:00:00,2019-06-22_06:00:00,2019-06-22_21:45:00,13.283852577209473,16.349945068359375,-68.1162109375,-64.92840576171875,2019-06-22_06:00:00,64,,
NEXRAD_20190622_Caribbean-Sea-Near-Puerto-Rico,14.998267,-66.336777,2019-06-22T21:24:45,/mnt/L2_plus/events_search/NEXRAD_20190622_Caribbean-Sea-Near-Puerto-Rico/WRF/wrfout_d04_2019-06-22_12:00:00,2019-06-22_12:00:00,2019-06-22_21:45:00,13.283852577209473,16.349945068359375,-68.1162109375,-64.92840576171875,2019-06-22_12:00:00,40,,
NEXRAD_20190622_Caribbean-Sea-Near-Puerto-Rico,14.998267,-66.336777,2019-06-22T21:24:45,/mnt/L2_plus/events_search/NEXRAD_20190622_Caribbean-Sea-Near-Puerto-Rico/WRF/wrfout_d04_2019-06-22_18:00:00,2019-06-22_18:00:00,2019-06-22_21:45:00,13.283852577209473,16.349945068359375,-68.1162109375,-64.92840576171875,2019-06-22_18:00:00,16,,
NEXRAD_20191111_St-Louis-Missouri,38.769045,-91.310246,2019-11-11T02:51:00,/mnt/L2_plus/events_search/NEXRAD_20191111_St-Louis-Missouri/WRF/wrfout_d04_2019-11-10_06:00:00,2019-11-10_06:00:00,2019-11-11_03:15:00,37.041351318359375,40.120758056640625,-93.54299926757812,-89.54302978515625,2019-11-10_06:00:00,86,,
NEXRAD_20191111_St-Louis-Missouri,38.769045,-91.310246,2019-11-11T02:51:00,/mnt/L2_plus/events_search/NEXRAD_20191111_St-Louis-Missouri/WRF/wrfout_d04_2019-11-10_12:00:00,2019-11-10_12:00:00,2019-11-11_03:15:00,37.041351318359375,40.120758056640625,-93.54299926757812,-89.54302978515625,2019-11-10_12:00:00,62,,
NEXRAD_20191111_St-Louis-Missouri,38.769045,-91.310246,2019-11-11T02:51:00,/mnt/L2_plus/events_search/NEXRAD_20191111_St-Louis-Missouri/WRF/wrfout_d04_2019-11-10_18:00:00,2019-11-10_18:00:00,2019-11-11_03:15:00,37.041351318359375,40.120758056640625,-93.54299926757812,-89.54302978515625,2019-11-10_18:00:00,38,,
NEXRAD_20191111_St-Louis-Missouri,38.769045,-91.310246,2019-11-11T02:51:00,/mnt/L2_plus/events_search/NEXRAD_20191111_St-Louis-Missouri/WRF/wrfout_d04_2019-11-11_00:00:00,2019-11-11_00:00:00,2019-11-11_03:15:00,37.041351318359375,40.120758056640625,-93.54299926757812,-89.54302978515625,2019-11-11_00:00:00,14,,
NEXRAD_20200216_Prescott-AZ,34.717562,-112.747969,2020-02-16T14:17:00,/mnt/L2_plus/events_search/NEXRAD_20200216_Prescott-AZ/WRF/wrfout_d04_2020-02-15_18:00:00,2020-02-15_18:00:00,2020-02-16_14:45:00,32.99256134033203,36.069244384765625,-114.86026000976562,-111.07611083984375,2020-02-15_18:00:00,84,,
NEXRAD_20200216_Prescott-AZ,34.717562,-112.747969,2020-02-16T14:17:00,/mnt/L2_plus/events_search/NEXRAD_20200216_Prescott-AZ/WRF/wrfout_d04_2020-02-16_00:00:00,2020-02-16_00:00:00,2020-02-16_14:45:00,32.99256134033203,36.069244384765625,-114.86026000976562,-111.07611083984375,2020-02-16_00:00:00,60,,
NEXRAD_20200216_Prescott-AZ,34.717562,-112.747969,2020-02-16T14:17:00,/mnt/L2_plus/events_search/NEXRAD_20200216_Prescott-AZ/WRF/wrfout_d04_2020-02-16_06:00:00,2020-02-16_06:00:00,2020-02-16_14:45:00,32.99256134033203,36.069244384765625,-114.86026000976562,-111.07611083984375,2020-02-16_06:00:00,36,,
NEXRAD_20200216_Prescott-AZ,34.717562,-112.747969,2020-02-16T14:17:00,/mnt/L2_plus/events_search/NEXRAD_20200216_Prescott-AZ/WRF/wrfout_d04_2020-02-16_12:00:00,2020-02-16_12:00:00,2020-02-16_14:45:00,32.99256134033203,36.069244384765625,-114.86026000976562,-111.07611083984375,2020-02-16_12:00:00,12,,
NEXRAD_20210326_Yakima-WA-Debris-De-Orbit,46.83516,-120.031275,2021-03-26T04:00:00,/mnt/L2_plus/events_search/NEXRAD_20210326_Yakima-WA-Debris-De-Orbit/WRF/wrfout_d04_2021-03-25_12:00:00,2021-03-25_12:00:00,2021-03-26_04:30:00,45.101112365722656,48.18693161010742,-122.59185791015625,-118.00445556640625,2021-03-25_12:00:00,67,/software/projects/pawsey0851/mcu/WRF/run/skelet_4.4.2_setonix_large_fine_time,24h
NEXRAD_20210326_Yakima-WA-Debris-De-Orbit,46.83516,-120.031275,2021-03-26T04:00:00,/mnt/L2_plus/events_search/NEXRAD_20210326_Yakima-WA-Debris-De-Orbit/WRF/wrfout_d04_2021-03-25_18:00:00,2021-03-25_18:00:00,2021-03-26_04:30:00,45.101112365722656,48.18693161010742,-122.59185791015625,-118.00445556640625,2021-03-25_18:00:00,43,/software/projects/pawsey0851/mcu/WRF/run/skelet_4.4.2_setonix_large_fine_time,24h
NEXRAD_20210326_Yakima-WA-Debris-De-Orbit,46.83516,-120.031275,2021-03-26T04:00:00,/mnt/L2_plus/events_search/NEXRAD_20210326_Yakima-WA-Debris-De-Orbit/WRF/wrfout_d04_2021-03-26_00:00:00,2021-03-26_00:00:00,2021-03-26_04:30:00,45.101112365722656,48.18693161010742,-122.59185791015625,-118.00445556640625,2021-03-26_00:00:00,19,/software/projects/pawsey0851/mcu/WRF/run/skelet_4.4.2_setonix_large_fine_time,24h
NEXRAD_20220120_Patch-Grove-WI,42.939029,-90.972408,2022-01-20T12:48:03,/mnt/L2_plus/events_search/NEXRAD_20220120_Patch-Grove-WI/WRF/wrfout_d04_2022-01-19_18:00:00,2022-01-19_18:00:00,2022-01-20_13:15:00,41.208251953125,44.290771484375,-93.35748291015625,-89.0845947265625,2022-01-19_18:00:00,78,,
NEXRAD_20220120_Patch-Grove-WI,42.939029,-90.972408,2022-01-20T12:48:03,/mnt/L2_plus/events_search/NEXRAD_20220120_Patch-Grove-WI/WRF/wrfout_d04_2022-01-20_00:00:00,2022-01-20_00:00:00,2022-01-20_13:15:00,41.208251953125,44.290771484375,-93.35748291015625,-89.0845947265625,2022-01-20_00:00:00,54,,
NEXRAD_20220120_Patch-Grove-WI,42.939029,-90.972408,2022-01-20T12:48:03,/mnt/L2_plus/events_search/NEXRAD_20220120_Patch-Grove-WI/WRF/wrfout_d04_2022-01-20_06:00:00,2022-01-20_06:00:00,2022-01-20_13:15:00,41.208251953125,44.290771484375,-93.35748291015625,-89.0845947265625,2022-01-20_06:00:00,30,,
NEXRAD_20220120_Patch-Grove-WI,42.939029,-90.972408,2022-01-20T12:48:03,/mnt/L2_plus/events_search/NEXRAD_20220120_Patch-Grove-WI/WRF/wrfout_d04_2022-01-20_12:00:00,2022-01-20_12:00:00,2022-01-20_13:15:00,41.208251953125,44.290771484375,-93.35748291015625,-89.0845947265625,2022-01-20_12:00:00,6,,
NEXRAD_20220427_Cranfield-MS,31.553773,-91.181204,2022-04-27T13:03:00,/mnt/L2_plus/events_search/NEXRAD_20220427_Cranfield-MS/WRF/wrfout_d04_2022-04-26_18:00:00,2022-04-26_18:00:00,2022-04-27_13:30:00,29.83074188232422,32.905487060546875,-93.21490478515625,-89.571533203125,2022-04-26_18:00:00,79,,
NEXRAD_20220427_Cranfield-MS,31.553773,-91.181204,2022-04-27T13:03:00,/mnt/L2_plus/events_search/NEXRAD_20220427_Cranfield-MS/WRF/wrfout_d04_2022-04-27_00:00:00,2022-04-27_00:00:00,2022-04-27_13:30:00,29.83074188232422,32.905487060546875,-93.21490478515625,-89.571533203125,2022-04-27_00:00:00,55,,
NEXRAD_20220427_Cranfield-MS,31.553773,-91.181204,2022-04-27T13:03:00,/mnt/L2_plus/events_search/NEXRAD_20220427_Cranfield-MS/WRF/wrfout_d04_2022-04-27_06:00:00,2022-04-27_06:00:00,2022-04-27_13:30:00,29.83074188232422,32.905487060546875,-93.21490478515625,-89.571533203125,2022-04-27_06:00:00,31,,
NEXRAD_20220427_Cranfield-MS,31.553773,-91.181204,2022-04-27T13:03:00,/mnt/L2_plus/events_search/NEXRAD_20220427_Cranfield-MS/WRF/wrfout_d04_2022-04-27_12:00:00,2022-04-27_12:00:00,2022-04-27_13:30:00,29.83074188232422,32.905487060546875,-93.21490478515625,-89.571533203125,2022-04-27_12:00:00,7,,
NEXRAD_20220813_Great-Salt-Lake-UT,40.733638,-112.419765,2022-08-13T14:31:00,/mnt/L2_plus/events_search/NEXRAD_20220813_Great-Salt-Lake-UT/WRF/wrfout_d04_2022-08-12_18:00:00,2022-08-12_18:00:00,2022-08-13_15:00:00,39.00453186035156,42.08534622192383,-114.72021484375,-110.59890747070312,2022-08-12_18:00:00,85,,
NEXRAD_20220813_Great-Salt-Lake-UT,40.733638,-112.419765,2022-08-13T14:31:00,/mnt/L2_plus/events_search/NEXRAD_20220813_Great-Salt-Lake-UT/WRF/wrfout_d04_2022-08-13_00:00:00,2022-08-13_00:00:00,2022-08-13_15:00:00,39.00453186035156,42.08534622192383,-114.72021484375,-110.59890747070312,2022-08-13_00:00:00,61,,
NEXRAD_20220813_Great-Salt-Lake-UT,40.733638,-112.419765,2022-08-13T14:31:00,/mnt/L2_plus/events_search/NEXRAD_20220813_Great-Salt-Lake-UT/WRF/wrfout_d04_2022-08-13_06:00:00,2022-08-13_06:00:00,2022-08-13_15:00:00,39.00453186035156,42.08534622192383,-114.72021484375,-110.59890747070312,2022-08-13_06:00:00,37,,
NEXRAD_20220813_Great-Salt-Lake-UT,40.733638,-112.419765,2022-08-13T14:31:00,/mnt/L2_plus/events_search/NEXRAD_20220813_Great-Salt-Lake-UT/WRF/wrfout_d04_2022-08-13_12:00:00,2022-08-13_12:00:00,2022-08-13_15:00:00,39.00453186035156,42.08534622192383,-114.72021484375,-110.59890747070312,2022-08-13_12:00:00,13,,
NEXRAD_20220824_Coalmont-CO,40.546356,-106.586326,2022-08-24T02:33:00,/mnt/L2_plus/events_search/NEXRAD_20220824_Coalmont-CO/WRF/wrfout_d04_2022-08-23_06:00:00,2022-08-23_06:00:00,2022-08-24_03:00:00,38.81739807128906,41.89807891845703,-108.88003540039062,-104.77084350585938,2022-08-23_06:00:00,85,,
NEXRAD_20220824_Coalmont-CO,40.546356,-106.586326,2022-08-24T02:33:00,/mnt/L2_plus/events_search/NEXRAD_20220824_Coalmont-CO/WRF/wrfout_d04_2022-08-23_12:00:00,2022-08-23_12:00:00,2022-08-24_03:00:00,38.81739807128906,41.89807891845703,-108.88003540039062,-104.77084350585938,2022-08-23_12:00:00,61,,
NEXRAD_20220824_Coalmont-CO,40.546356,-106.586326,2022-08-24T02:33:00,/mnt/L2_plus/events_search/NEXRAD_20220824_Coalmont-CO/WRF/wrfout_d04_2022-08-23_18:00:00,2022-08-23_18:00:00,2022-08-24_03:00:00,38.81739807128906,41.89807891845703,-108.88003540039062,-104.77084350585938,2022-08-23_18:00:00,37,,
NEXRAD_20220824_Coalmont-CO,40.546356,-106.586326,2022-08-24T02:33:00,/mnt/L2_plus/events_search/NEXRAD_20220824_Coalmont-CO/WRF/wrfout_d04_2022-08-24_00:00:00,2022-08-24_00:00:00,2022-08-24_03:00:00,38.81739807128906,41.89807891845703,-108.88003540039062,-104.77084350585938,2022-08-24_00:00:00,13,,
NEXRAD_20220926_Junction-City-GA,32.629034,-84.396568,2022-09-26T04:04:00,/mnt/L2_plus/events_search/NEXRAD_20220926_Junction-City-GA/WRF/wrfout_d04_2022-09-25_06:00:00,2022-09-25_06:00:00,2022-09-26_04:30:00,30.905323028564453,33.980716705322266,-86.45559692382812,-82.76690673828125,2022-09-25_06:00:00,91,,
NEXRAD_20220926_Junction-City-GA,32.629034,-84.396568,2022-09-26T04:04:00,/mnt/L2_plus/events_search/NEXRAD_20220926_Junction-City-GA/WRF/wrfout_d04_2022-09-25_12:00:00,2022-09-25_12:00:00,2022-09-26_04:30:00,30.905323028564453,33.980716705322266,-86.45559692382812,-82.76690673828125,2022-09-25_12:00:00,67,,
NEXRAD_20220926_Junction-City-GA,32.629034,-84.396568,2022-09-26T04:04:00,/mnt/L2_plus/events_search/NEXRAD_20220926_Junction-City-GA/WRF/wrfout_d04_2022-09-25_18:00:00,2022-09-25_18:00:00,2022-09-26_04:30:00,30.905323028564453,33.980716705322266,-86.45559692382812,-82.76690673828125,2022-09-25_18:00:00,43,,
NEXRAD_20220926_Junction-City-GA,32.629034,-84.396568,2022-09-26T04:04:00,/mnt/L2_plus/events_search/NEXRAD_20220926_Junction-City-GA/WRF/wrfout_d04_2022-09-26_00:00:00,2022-09-26_00:00:00,2022-09-26_04:30:00,30.905323028564453,33.980716705322266,-86.45559692382812,-82.76690673828125,2022-09-26_00:00:00,19,,
NEXRAD_20230120_Muskogee-OK,35.668006,-95.358036,2023-01-20T09:38:00,/mnt/L2_plus/events_search/NEXRAD_20230120_Muskogee-OK/WRF/wrfout_d04_2023-01-19_12:00:00,2023-01-19_12:00:00,2023-01-20_10:00:00,33.942413330078125,37.01972579956055,-97.49649047851562,-93.66546630859375,2023-01-19_12:00:00,89,,
NEXRAD_20230120_Muskogee-OK,35.668006,-95.358036,2023-01-20T09:38:00,/mnt/L2_plus/events_search/NEXRAD_20230120_Muskogee-OK/WRF/wrfout_d04_2023-01-19_18:00:00,2023-01-19_18:00:00,2023-01-20_10:00:00,33.942413330078125,37.01972579956055,-97.49649047851562,-93.66546630859375,2023-01-19_18:00:00,65,,
NEXRAD_20230120_Muskogee-OK,35.668006,-95.358036,2023-01-20T09:38:00,/mnt/L2_plus/events_search/NEXRAD_20230120_Muskogee-OK/WRF/wrfout_d04_2023-01-20_00:00:00,2023-01-20_00:00:00,2023-01-20_10:00:00,33.942413330078125,37.01972579956055,-97.49649047851562,-93.66546630859375,2023-01-20_00:00:00,41,,
NEXRAD_20230120_Muskogee-OK,35.668006,-95.358036,2023-01-20T09:38:00,/mnt/L2_plus/events_search/NEXRAD_20230120_Muskogee-OK/WRF/wrfout_d04_2023-01-20_06:00:00,2023-01-20_06:00:00,2023-01-20_10:00:00,33.942413330078125,37.01972579956055,-97.49649047851562,-93.66546630859375,2023-01-20_06:00:00,17,,
NEXRAD_20230215_El-Sauz-TX,26.592252,-98.629942,2023-02-15T23:22:00,/mnt/L2_plus/events_search/NEXRAD_20230215_El-Sauz-TX/WRF/wrfout_d04_2023-02-15_12:00:00,2023-02-15_12:00:00,2023-02-15_23:45:00,24.872018814086914,27.943944931030273,-100.562744140625,-97.10015869140625,2023-02-15_12:00:00,48,/software/projects/pawsey0851/mcu/WRF/run/skelet_4.4.2_setonix_large_fine_time,24h
NEXRAD_20230215_El-Sauz-TX,26.592252,-98.629942,2023-02-15T23:22:00,/mnt/L2_plus/events_search/NEXRAD_20230215_El-Sauz-TX/WRF/wrfout_d04_2023-02-15_18:00:00,2023-02-15_18:00:00,2023-02-15_23:45:00,24.872018814086914,27.943944931030273,-100.562744140625,-97.10015869140625,2023-02-15_18:00:00,24,/software/projects/pawsey0851/mcu/WRF/run/skelet_4.4.2_setonix_large_fine_time,24h
NEXRAD_20230408_Waite-ME,45.369249,-67.516169,2023-04-08T15:56:00,/mnt/L2_plus/events_search/NEXRAD_20230408_Waite-ME/WRF/wrfout_d04_2023-04-07_18:00:00,2023-04-07_18:00:00,2023-04-08_16:30:00,43.63648223876953,46.721012115478516,-70.00643920898438,-65.54501342773438,2023-04-07_18:00:00,91,,
NEXRAD_20230408_Waite-ME,45.369249,-67.516169,2023-04-08T15:56:00,/mnt/L2_plus/events_search/NEXRAD_20230408_Waite-ME/WRF/wrfout_d04_2023-04-08_00:00:00,2023-04-08_00:00:00,2023-04-08_16:30:00,43.63648223876953,46.721012115478516,-70.00643920898438,-65.54501342773438,2023-04-08_00:00:00,67,,
NEXRAD_20230408_Waite-ME,45.369249,-67.516169,2023-04-08T15:56:00,/mnt/L2_plus/events_search/NEXRAD_20230408_Waite-ME/WRF/wrfout_d04_2023-04-08_06:00:00,2023-04-08_06:00:00,2023-04-08_16:30:00,43.63648223876953,46.721012115478516,-70.00643920898438,-65.54501342773438,2023-04-08_06:00:00,43,,
NEXRAD_20230408_Waite-ME,45.369249,-67.516169,2023-04-08T15:56:00,/mnt/L2_plus/events_search/NEXRAD_20230408_Waite-ME/WRF/wrfout_d04_2023-04-08_12:00:00,2023-04-08_12:00:00,2023-04-08_16:30:00,43.63648223876953,46.721012115478516,-70.00643920898438,-65.54501342773438,2023-04-08_12:00:00,19,,
NEXRAD_20230427_Colorado-Debris-De-Orbit,39.053202,-103.479592,2023-04-27T08:52:00,/mnt/L2_plus/events_search/NEXRAD_20230427_Colorado-Debris-De-Orbit/WRF/wrfout_d04_2023-04-26_12:00:00,2023-04-26_12:00:00,2023-04-27_09:15:00,37.32535171508789,40.404945373535156,-105.72175598144531,-101.70492553710938,2023-04-26_12:00:00,86,,
NEXRAD_20230427_Colorado-Debris-De-Orbit,39.053202,-103.479592,2023-04-27T08:52:00,/mnt/L2_plus/events_search/NEXRAD_20230427_Colorado-Debris-De-Orbit/WRF/wrfout_d04_2023-04-26_18:00:00,2023-04-26_18:00:00,2023-04-27_09:15:00,37.32535171508789,40.404945373535156,-105.72175598144531,-101.70492553710938,2023-04-26_18:00:00,62,,
NEXRAD_20230427_Colorado-Debris-De-Orbit,39.053202,-103.479592,2023-04-27T08:52:00,/mnt/L2_plus/events_search/NEXRAD_20230427_Colorado-Debris-De-Orbit/WRF/wrfout_d04_2023-04-27_00:00:00,2023-04-27_00:00:00,2023-04-27_09:15:00,37.32535171508789,40.404945373535156,-105.72175598144531,-101.70492553710938,2023-04-27_00:00:00,38,,
NEXRAD_20230427_Colorado-Debris-De-Orbit,39.053202,-103.479592,2023-04-27T08:52:00,/mnt/L2_plus/events_search/NEXRAD_20230427_Colorado-Debris-De-Orbit/WRF/wrfout_d04_2023-04-27_06:00:00,2023-04-27_06:00:00,2023-04-27_09:15:00,37.32535171508789,40.404945373535156,-105.72175598144531,-101.70492553710938,2023-04-27_06:00:00,14,,
NEXRAD_20230508_Hopewell-NJ,40.3069,-74.84,2023-05-08T16:23:00,/mnt/L2_plus/events_search/NEXRAD_20230508_Hopewell-NJ/WRF/wrfout_d04_2023-05-07_18:00:00,2023-05-07_18:00:00,2023-05-08_16:45:00,38.578128814697266,41.65863037109375,-77.12518310546875,-73.03125,2023-05-07_18:00:00,92,,
NEXRAD_20230508_Hopewell-NJ,40.3069,-74.84,2023-05-08T16:23:00,/mnt/L2_plus/events_search/NEXRAD_20230508_Hopewell-NJ/WRF/wrfout_d04_2023-05-08_00:00:00,2023-05-08_00:00:00,2023-05-08_16:45:00,38.578128814697266,41.65863037109375,-77.12518310546875,-73.03125,2023-05-08_00:00:00,68,,
NEXRAD_20230508_Hopewell-NJ,40.3069,-74.84,2023-05-08T16:23:00,/mnt/L2_plus/events_search/NEXRAD_20230508_Hopewell-NJ/WRF/wrfout_d04_2023-05-08_06:00:00,2023-05-08_06:00:00,2023-05-08_16:45:00,38.578128814697266,41.65863037109375,-77.12518310546875,-73.03125,2023-05-08_06:00:00,44,,
NEXRAD_20230508_Hopewell-NJ,40.3069,-74.84,2023-05-08T16:23:00,/mnt/L2_plus/events_search/NEXRAD_20230508_Hopewell-NJ/WRF/wrfout_d04_2023-05-08_12:00:00,2023-05-08_12:00:00,2023-05-08_16:45:00,38.578128814697266,41.65863037109375,-77.12518310546875,-73.03125,2023-05-08_12:00:00,20,,
NEXRAD_20230802_Kingsport-TN-02,36.587573,-82.614954,2023-08-02T06:13:00,/mnt/L2_plus/events_search/NEXRAD_20230802_Kingsport-TN-02/WRF/wrfout_d04_2023-08-01_12:00:00,2023-08-01_12:00:00,2023-08-02_06:45:00,34.86137771606445,37.93928146362305,-84.77984619140625,-80.90142822265625,2023-08-01_12:00:00,76,,
NEXRAD_20230802_Kingsport-TN-02,36.587573,-82.614954,2023-08-02T06:13:00,/mnt/L2_plus/events_search/NEXRAD_20230802_Kingsport-TN-02/WRF/wrfout_d04_2023-08-01_18:00:00,2023-08-01_18:00:00,2023-08-02_06:45:00,34.86137771606445,37.93928146362305,-84.77984619140625,-80.90142822265625,2023-08-01_18:00:00,52,,
NEXRAD_20230802_Kingsport-TN-02,36.587573,-82.614954,2023-08-02T06:13:00,/mnt/L2_plus/events_search/NEXRAD_20230802_Kingsport-TN-02/WRF/wrfout_d04_2023-08-02_00:00:00,2023-08-02_00:00:00,2023-08-02_06:45:00,34.86137771606445,37.93928146362305,-84.77984619140625,-80.90142822265625,2023-08-02_00:00:00,28,,
NEXRAD_20230802_Kingsport-TN-02,36.587573,-82.614954,2023-08-02T06:13:00,/mnt/L2_plus/events_search/NEXRAD_20230802_Kingsport-TN-02/WRF/wrfout_d04_2023-08-02_06:00:00,2023-08-02_06:00:00,2023-08-02_06:45:00,34.86137771606445,37.93928146362305,-84.77984619140625,-80.90142822265625,2023-08-02_06:00:00,4,,
NEXRAD_20231123_Gunsight-Butte-AZ,33.991066,-110.896376,2023-11-23T02:55:00,/mnt/L2_plus/events_search/NEXRAD_20231123_Gunsight-Butte-AZ/WRF/wrfout_d04_2023-11-22_06:00:00,2023-11-22_06:00:00,2023-11-23_03:15:00,32.26655960083008,35.34278869628906,-112.98953247070312,-109.23966979980469,2023-11-22_06:00:00,86,,
NEXRAD_20231123_Gunsight-Butte-AZ,33.991066,-110.896376,2023-11-23T02:55:00,/mnt/L2_plus/events_search/NEXRAD_20231123_Gunsight-Butte-AZ/WRF/wrfout_d04_2023-11-22_12:00:00,2023-11-22_12:00:00,2023-11-23_03:15:00,32.26655960083008,35.34278869628906,-112.98953247070312,-109.23966979980469,2023-11-22_12:00:00,62,,
NEXRAD_20231123_Gunsight-Butte-AZ,33.991066,-110.896376,2023-11-23T02:55:00,/mnt/L2_plus/events_search/NEXRAD_20231123_Gunsight-Butte-AZ/WRF/wrfout_d04_2023-11-22_18:00:00,2023-11-22_18:00:00,2023-11-23_03:15:00,32.26655960083008,35.34278869628906,-112.98953247070312,-109.23966979980469,2023-11-22_18:00:00,38,,
NEXRAD_20231123_Gunsight-Butte-AZ,33.991066,-110.896376,2023-11-23T02:55:00,/mnt/L2_plus/events_search/NEXRAD_20231123_Gunsight-Butte-AZ/WRF/wrfout_d04_2023-11-23_00:00:00,2023-11-23_00:00:00,2023-11-23_03:15:00,32.26655960083008,35.34278869628906,-112.98953247070312,-109.23966979980469,2023-11-23_00:00:00,14,,
NEXRAD_20240308_Naples-FL-Debris-Deorbit,24.273945,-83.179773,2024-03-08T19:29:00,/mnt/L2_plus/events_search/NEXRAD_20240308_Naples-FL-Debris-Deorbit/WRF/wrfout_d04_2024-03-08_06:00:00,2024-03-08_06:00:00,2024-03-08_20:00:00,22.55491065979004,25.625606536865234,-85.07354736328125,-81.68093872070312,2024-03-08_06:00:00,57,/software/projects/pawsey0851/mcu/WRF/run/skelet_4.4.2_setonix_large_fine_time,24h
NEXRAD_20240308_Naples-FL-Debris-Deorbit,24.273945,-83.179773,2024-03-08T19:29:00,/mnt/L2_plus/events_search/NEXRAD_20240308_Naples-FL-Debris-Deorbit/WRF/wrfout_d04_2024-03-08_12:00:00,2024-03-08_12:00:00,2024-03-08_20:00:00,22.55491065979004,25.625606536865234,-85.07354736328125,-81.68093872070312,2024-03-08_12:00:00,33,/software/projects/pawsey0851/mcu/WRF/run/skelet_4.4.2_setonix_large_fine_time,24h
NEXRAD_20240308_Naples-FL-Debris-Deorbit,24.273945,-83.179773,2024-03-08T19:29:00,/mnt/L2_plus/events_search/NEXRAD_20240308_Naples-FL-Debris-Deorbit/WRF/wrfout_d04_2024-03-08_18:00:00,2024-03-08_18:00:00,2024-03-08_20:00:00,22.55491065979004,25.625606536865234,-85.07354736328125,-81.68093872070312,2024-03-08_18:00:00,9,/software/projects/pawsey0851/mcu/WRF/run/skelet_4.4.2_setonix_large_fine_time,24h
NEXRAD_20240417_Clanton-Well-AZ,33.319924,-113.324176,2024-04-17T02:59:00,/mnt/L2_plus/events_search/NEXRAD_20240417_Clanton-Well-AZ/WRF/wrfout_d04_2024-04-16_06:00:00,2024-04-16_06:00:00,2024-04-17_03:30:00,31.595779418945312,34.67158508300781,-115.40022277832031,-111.6810302734375,2024-04-16_06:00:00,87,,
NEXRAD_20240417_Clanton-Well-AZ,33.319924,-113.324176,2024-04-17T02:59:00,/mnt/L2_plus/events_search/NEXRAD_20240417_Clanton-Well-AZ/WRF/wrfout_d04_2024-04-16_12:00:00,2024-04-16_12:00:00,2024-04-17_03:30:00,31.595779418945312,34.67158508300781,-115.40022277832031,-111.6810302734375,2024-04-16_12:00:00,63,,
NEXRAD_20240417_Clanton-Well-AZ,33.319924,-113.324176,2024-04-17T02:59:00,/mnt/L2_plus/events_search/NEXRAD_20240417_Clanton-Well-AZ/WRF/wrfout_d04_2024-04-16_18:00:00,2024-04-16_18:00:00,2024-04-17_03:30:00,31.595779418945312,34.67158508300781,-115.40022277832031,-111.6810302734375,2024-04-16_18:00:00,39,,
NEXRAD_20240417_Clanton-Well-AZ,33.319924,-113.324176,2024-04-17T02:59:00,/mnt/L2_plus/events_search/NEXRAD_20240417_Clanton-Well-AZ/WRF/wrfout_d04_2024-04-17_00:00:00,2024-04-17_00:00:00,2024-04-17_03:30:00,31.595779418945312,34.67158508300781,-115.40022277832031,-111.6810302734375,2024-04-17_00:00:00,15,,
NEXRAD_20240716_Edison-NJ,40.512663,-74.428437,2024-07-16T15:17:00,/mnt/L2_plus/events_search/NEXRAD_20240716_Edison-NJ/WRF/wrfout_d04_2024-07-15_18:00:00,2024-07-15_18:00:00,2024-07-16_15:45:00,38.783729553222656,41.8643798828125,-76.720947265625,-72.6138916015625,2024-07-15_18:00:00,88,,
NEXRAD_20240716_Edison-NJ,40.512663,-74.428437,2024-07-16T15:17:00,/mnt/L2_plus/events_search/NEXRAD_20240716_Edison-NJ/WRF/wrfout_d04_2024-07-16_00:00:00,2024-07-16_00:00:00,2024-07-16_15:45:00,38.783729553222656,41.8643798828125,-76.720947265625,-72.6138916015625,2024-07-16_00:00:00,64,,
NEXRAD_20240716_Edison-NJ,40.512663,-74.428437,2024-07-16T15:17:00,/mnt/L2_plus/events_search/NEXRAD_20240716_Edison-NJ/WRF/wrfout_d04_2024-07-16_06:00:00,2024-07-16_06:00:00,2024-07-16_15:45:00,38.783729553222656,41.8643798828125,-76.720947265625,-72.6138916015625,2024-07-16_06:00:00,40,,
NEXRAD_20240716_Edison-NJ,40.512663,-74.428437,2024-07-16T15:17:00,/mnt/L2_plus/events_search/NEXRAD_20240716_Edison-NJ/WRF/wrfout_d04_2024-07-16_12:00:00,2024-07-16_12:00:00,2024-07-16_15:45:00,38.783729553222656,41.8643798828125,-76.720947265625,-72.6138916015625,2024-07-16_12:00:00,16,,
NEXRAD_20240830_Ingalls-NC,35.95212,-82.00403,2024-08-30T05:14:00,/mnt/L2_plus/events_search/NEXRAD_20240830_Ingalls-NC/WRF/wrfout_d04_2024-08-29_18:00:00,2024-08-29_18:00:00,2024-08-30_05:45:00,34.22636032104492,37.30384063720703,-84.1505126953125,-80.30508422851562,2024-08-29_18:00:00,48,/software/projects/pawsey0851/mcu/WRF/run/skelet_4.4.2_setonix_large_fine_time,24h
NEXRAD_20240830_Ingalls-NC,35.95212,-82.00403,2024-08-30T05:14:00,/mnt/L2_plus/events_search/NEXRAD_20240830_Ingalls-NC/WRF/wrfout_d04_2024-08-30_00:00:00,2024-08-30_00:00:00,2024-08-30_05:45:00,34.22636032104492,37.30384063720703,-84.1505126953125,-80.30508422851562,2024-08-30_00:00:00,24,/software/projects/pawsey0851/mcu/WRF/run/skelet_4.4.2_setonix_large_fine_time,24h
NEXRAD_20241202_Pontiac-KS,37.781231,-96.698163,2024-12-02T19:10:00,/mnt/L2_plus/events_search/NEXRAD_20241202_Pontiac-KS/WRF/wrfout_d04_2024-12-02_00:00:00,2024-12-02_00:00:00,2024-12-02_19:30:00,36.054237365722656,39.132957458496094,-98.8992919921875,-94.95599365234375,2024-12-02_00:00:00,79,,
NEXRAD_20241202_Pontiac-KS,37.781231,-96.698163,2024-12-02T19:10:00,/mnt/L2_plus/events_search/NEXRAD_20241202_Pontiac-KS/WRF/wrfout_d04_2024-12-02_06:00:00,2024-12-02_06:00:00,2024-12-02_19:30:00,36.054237365722656,39.132957458496094,-98.8992919921875,-94.95599365234375,2024-12-02_06:00:00,55,,
NEXRAD_20241202_Pontiac-KS,37.781231,-96.698163,2024-12-02T19:10:00,/mnt/L2_plus/events_search/NEXRAD_20241202_Pontiac-KS/WRF/wrfout_d04_2024-12-02_12:00:00,2024-12-02_12:00:00,2024-12-02_19:30:00,36.054237365722656,39.132957458496094,-98.8992919921875,-94.95599365234375,2024-12-02_12:00:00,31,,
NEXRAD_20241202_Pontiac-KS,37.781231,-96.698163,2024-12-02T19:10:00,/mnt/L2_plus/events_search/NEXRAD_20241202_Pontiac-KS/WRF/wrfout_d04_2024-12-02_18:00:00,2024-12-02_18:00:00,2024-12-02_19:30:00,36.054237365722656,39.132957458496094,-98.8992919921875,-94.95599365234375,2024-12-02_18:00:00,7,,
NEXRAD_20241210_Amo-IN,39.648753,-86.701441,2024-12-10T09:04:00,/mnt/L2_plus/events_search/NEXRAD_20241210_Amo-IN/WRF/wrfout_d04_2024-12-09_12:00:00,2024-12-09_12:00:00,2024-12-10_09:30:00,37.920448303222656,41.00047302246094,-88.963623046875,-84.910888671875,2024-12-09_12:00:00,87,,
NEXRAD_20241210_Amo-IN,39.648753,-86.701441,2024-12-10T09:04:00,/mnt/L2_plus/events_search/NEXRAD_20241210_Amo-IN/WRF/wrfout_d04_2024-12-09_18:00:00,2024-12-09_18:00:00,2024-12-10_09:30:00,37.920448303222656,41.00047302246094,-88.963623046875,-84.910888671875,2024-12-09_18:00:00,63,,
NEXRAD_20241210_Amo-IN,39.648753,-86.701441,2024-12-10T09:04:00,/mnt/L2_plus/events_search/NEXRAD_20241210_Amo-IN/WRF/wrfout_d04_2024-12-10_00:00:00,2024-12-10_00:00:00,2024-12-10_09:30:00,37.920448303222656,41.00047302246094,-88.963623046875,-84.910888671875,2024-12-10_00:00:00,39,,
NEXRAD_20241210_Amo-IN,39.648753,-86.701441,2024-12-10T09:04:00,/mnt/L2_plus/events_search/NEXRAD_20241210_Amo-IN/WRF/wrfout_d04_2024-12-10_06:00:00,2024-12-10_06:00:00,2024-12-10_09:30:00,37.920448303222656,41.00047302246094,-88.963623046875,-84.910888671875,2024-12-10_06:00:00,15,,
NEXRAD_20241222_Gaojing-1-02-De-Orbit,33.820552,-90.310355,2024-12-22T04:08:00,/mnt/L2_plus/events_search/NEXRAD_20241222_Gaojing-1-02-De-Orbit/WRF/wrfout_d04_2024-12-21_12:00:00,2024-12-21_12:00:00,2024-12-22_04:30:00,32.09614562988281,35.17226791381836,-92.39910888671875,-88.65716552734375,2024-12-21_12:00:00,67,/software/projects/pawsey0851/mcu/WRF/run/skelet_4.4.2_setonix_large_fine_time,24h
NEXRAD_20241222_Gaojing-1-02-De-Orbit,33.820552,-90.310355,2024-12-22T04:08:00,/mnt/L2_plus/events_search/NEXRAD_20241222_Gaojing-1-02-De-Orbit/WRF/wrfout_d04_2024-12-21_18:00:00,2024-12-21_18:00:00,2024-12-22_04:30:00,32.09614562988281,35.17226791381836,-92.39910888671875,-88.65716552734375,2024-12-21_18:00:00,43,/software/projects/pawsey0851/mcu/WRF/run/skelet_4.4.2_setonix_large_fine_time,24h
NEXRAD_20241222_Gaojing-1-02-De-Orbit,33.820552,-90.310355,2024-12-22T04:08:00,/mnt/L2_plus/events_search/NEXRAD_20241222_Gaojing-1-02-De-Orbit/WRF/wrfout_d04_2024-12-22_00:00:00,2024-12-22_00:00:00,2024-12-22_04:30:00,32.09614562988281,35.17226791381836,-92.39910888671875,-88.65716552734375,2024-12-22_00:00:00,19,/software/projects/pawsey0851/mcu/WRF/run/skelet_4.4.2_setonix_large_fine_time,24h
NEXRAD_20250221_Codyville-ME,45.463787,-67.822154,2025-02-21T01:05:00,/mnt/L2_plus/events_search/NEXRAD_20250221_Codyville-ME/WRF/wrfout_d04_2025-02-20_06:00:00,2025-02-20_06:00:00,2025-02-21_01:30:00,43.73094940185547,46.81554412841797,-70.31680297851562,-65.8475341796875,2025-02-20_06:00:00,79,,
NEXRAD_20250221_Codyville-ME,45.463787,-67.822154,2025-02-21T01:05:00,/mnt/L2_plus/events_search/NEXRAD_20250221_Codyville-ME/WRF/wrfout_d04_2025-02-20_12:00:00,2025-02-20_12:00:00,2025-02-21_01:30:00,43.73094940185547,46.81554412841797,-70.31680297851562,-65.8475341796875,2025-02-20_12:00:00,55,,
NEXRAD_20250221_Codyville-ME,45.463787,-67.822154,2025-02-21T01:05:00,/mnt/L2_plus/events_search/NEXRAD_20250221_Codyville-ME/WRF/wrfout_d04_2025-02-20_18:00:00,2025-02-20_18:00:00,2025-02-21_01:30:00,43.73094940185547,46.81554412841797,-70.31680297851562,-65.8475341796875,2025-02-20_18:00:00,31,,
NEXRAD_20250221_Codyville-ME,45.463787,-67.822154,2025-02-21T01:05:00,/mnt/L2_plus/events_search/NEXRAD_20250221_Codyville-ME/WRF/wrfout_d04_2025-02-21_00:00:00,2025-02-21_00:00:00,2025-02-21_01:30:00,43.73094940185547,46.81554412841797,-70.31680297851562,-65.8475341796875,2025-02-21_00:00:00,7,,
NEXRAD_20250318_Muses-Mills-KY,38.35011,-83.547775,2025-03-18T03:23:00,/mnt/L2_plus/events_search/NEXRAD_20250318_Muses-Mills-KY/WRF/wrfout_d04_2025-03-17_06:00:00,2025-03-17_06:00:00,2025-03-18_03:45:00,36.62273406982422,39.70183563232422,-85.76693725585938,-81.79132080078125,2025-03-17_06:00:00,88,,
NEXRAD_20250318_Muses-Mills-KY,38.35011,-83.547775,2025-03-18T03:23:00,/mnt/L2_plus/events_search/NEXRAD_20250318_Muses-Mills-KY/WRF/wrfout_d04_2025-03-17_12:00:00,2025-03-17_12:00:00,2025-03-18_03:45:00,36.62273406982422,39.70183563232422,-85.76693725585938,-81.79132080078125,2025-03-17_12:00:00,64,,
NEXRAD_20250318_Muses-Mills-KY,38.35011,-83.547775,2025-03-18T03:23:00,/mnt/L2_plus/events_search/NEXRAD_20250318_Muses-Mills-KY/WRF/wrfout_d04_2025-03-17_18:00:00,2025-03-17_18:00:00,2025-03-18_03:45:00,36.62273406982422,39.70183563232422,-85.76693725585938,-81.79132080078125,2025-03-17_18:00:00,40,,
NEXRAD_20250318_Muses-Mills-KY,38.35011,-83.547775,2025-03-18T03:23:00,/mnt/L2_plus/events_search/NEXRAD_20250318_Muses-Mills-KY/WRF/wrfout_d04_2025-03-18_00:00:00,2025-03-18_00:00:00,2025-03-18_03:45:00,36.62273406982422,39.70183563232422,-85.76693725585938,-81.79132080078125,2025-03-18_00:00:00,16,,
NEXRAD_20250424_Whitefish-Lake-AK,61.0389,-154.119973,2025-04-24T18:30:00,/mnt/L2_plus/events_search/NEXRAD_20250424_Whitefish-Lake-AK/WRF/wrfout_d04_2025-04-24_18:00:00,2025-04-24_18:00:00,2025-04-24_19:00:00,59.28738021850586,62.390846252441406,-157.8017120361328,-151.20494079589844,2025-04-24_18:00:00,5,/software/projects/pawsey0851/mcu/WRF/run/skelet_4.4.2_setonix_large_fine_time,24h
NEXRAD_20250624_La-Petite-Belgique-Quebec,46.280013,-72.018,2025-06-24T07:56:00,/mnt/L2_plus/events_search/NEXRAD_20250624_La-Petite-Belgique-Quebec/WRF/wrfout_d04_2025-06-23_12:00:00,2025-06-23_12:00:00,2025-06-24_08:30:00,44.54646682739258,47.631778717041016,-74.55133056640625,-70.01275634765625,2025-06-23_12:00:00,83,,
NEXRAD_20250624_La-Petite-Belgique-Quebec,46.280013,-72.018,2025-06-24T07:56:00,/mnt/L2_plus/events_search/NEXRAD_20250624_La-Petite-Belgique-Quebec/WRF/wrfout_d04_2025-06-23_18:00:00,2025-06-23_18:00:00,2025-06-24_08:30:00,44.54646682739258,47.631778717041016,-74.55133056640625,-70.01275634765625,2025-06-23_18:00:00,59,,
NEXRAD_20250624_La-Petite-Belgique-Quebec,46.280013,-72.018,2025-06-24T07:56:00,/mnt/L2_plus/events_search/NEXRAD_20250624_La-Petite-Belgique-Quebec/WRF/wrfout_d04_2025-06-24_00:00:00,2025-06-24_00:00:00,2025-06-24_08:30:00,44.54646682739258,47.631778717041016,-74.55133056640625,-70.01275634765625,2025-06-24_00:00:00,35,,
NEXRAD_20250624_La-Petite-Belgique-Quebec,46.280013,-72.018,2025-06-24T07:56:00,/mnt/L2_plus/events_search/NEXRAD_20250624_La-Petite-Belgique-Quebec/WRF/wrfout_d04_2025-06-24_06:00:00,2025-06-24_06:00:00,2025-06-24_08:30:00,44.54646682739258,47.631778717041016,-74.55133056640625,-70.01275634765625,2025-06-24_06:00:00,11,,
NEXRAD_20250626_Mcdonough-GA,33.395741,-84.204474,2025-06-26T16:24:00,/mnt/L2_plus/events_search/NEXRAD_20250626_Mcdonough-GA/WRF/wrfout_d04_2025-06-25_18:00:00,2025-06-25_18:00:00,2025-06-26_16:45:00,31.671560287475586,34.7474250793457,-86.28244018554688,-82.559814453125,2025-06-25_18:00:00,92,,
NEXRAD_20250626_Mcdonough-GA,33.395741,-84.204474,2025-06-26T16:24:00,/mnt/L2_plus/events_search/NEXRAD_20250626_Mcdonough-GA/WRF/wrfout_d04_2025-06-26_00:00:00,2025-06-26_00:00:00,2025-06-26_16:45:00,31.671560287475586,34.7474250793457,-86.28244018554688,-82.559814453125,2025-06-26_00:00:00,68,,
NEXRAD_20250626_Mcdonough-GA,33.395741,-84.204474,2025-06-26T16:24:00,/mnt/L2_plus/events_search/NEXRAD_20250626_Mcdonough-GA/WRF/wrfout_d04_2025-06-26_06:00:00,2025-06-26_06:00:00,2025-06-26_16:45:00,31.671560287475586,34.7474250793457,-86.28244018554688,-82.559814453125,2025-06-26_06:00:00,44,,
NEXRAD_20250626_Mcdonough-GA,33.395741,-84.204474,2025-06-26T16:24:00,/mnt/L2_plus/events_search/NEXRAD_20250626_Mcdonough-GA/WRF/wrfout_d04_2025-06-26_12:00:00,2025-06-26_12:00:00,2025-06-26_16:45:00,31.671560287475586,34.7474250793457,-86.28244018554688,-82.559814453125,2025-06-26_12:00:00,20,,
NEXRAD_20250817_Gateway-AR,36.470542,-93.901816,2025-08-17T01:35:00,/mnt/L2_plus/events_search/NEXRAD_20250817_Gateway-AR/WRF/wrfout_d04_2025-08-16_06:00:00,2025-08-16_06:00:00,2025-08-17_02:00:00,34.744441986083984,37.822261810302734,-96.06329345703125,-92.1910400390625,2025-08-16_06:00:00,81,,
NEXRAD_20250817_Gateway-AR,36.470542,-93.901816,2025-08-17T01:35:00,/mnt/L2_plus/events_search/NEXRAD_20250817_Gateway-AR/WRF/wrfout_d04_2025-08-16_12:00:00,2025-08-16_12:00:00,2025-08-17_02:00:00,34.744441986083984,37.822261810302734,-96.06329345703125,-92.1910400390625,2025-08-16_12:00:00,57,,
NEXRAD_20250817_Gateway-AR,36.470542,-93.901816,2025-08-17T01:35:00,/mnt/L2_plus/events_search/NEXRAD_20250817_Gateway-AR/WRF/wrfout_d04_2025-08-16_18:00:00,2025-08-16_18:00:00,2025-08-17_02:00:00,34.744441986083984,37.822261810302734,-96.06329345703125,-92.1910400390625,2025-08-16_18:00:00,33,,
NEXRAD_20250817_Gateway-AR,36.470542,-93.901816,2025-08-17T01:35:00,/mnt/L2_plus/events_search/NEXRAD_20250817_Gateway-AR/WRF/wrfout_d04_2025-08-17_00:00:00,2025-08-17_00:00:00,2025-08-17_02:00:00,34.744441986083984,37.822261810302734,-96.06329345703125,-92.1910400390625,2025-08-17_00:00:00,9,,
NEXRAD_20251106_Pebble-AL,34.353008,-87.53902,2025-11-06T06:40:00,/mnt/L2_plus/events_search/NEXRAD_20251106_Pebble-AL/WRF/wrfout_d04_2025-11-05_12:00:00,2025-11-05_12:00:00,2025-11-06_07:00:00,32.62825012207031,35.704715728759766,-89.64163208007812,-85.87478637695312,2025-11-05_12:00:00,77,,
NEXRAD_20251106_Pebble-AL,34.353008,-87.53902,2025-11-06T06:40:00,/mnt/L2_plus/events_search/NEXRAD_20251106_Pebble-AL/WRF/wrfout_d04_2025-11-05_18:00:00,2025-11-05_18:00:00,2025-11-06_07:00:00,32.62825012207031,35.704715728759766,-89.64163208007812,-85.87478637695312,2025-11-05_18:00:00,53,,
NEXRAD_20251106_Pebble-AL,34.353008,-87.53902,2025-11-06T06:40:00,/mnt/L2_plus/events_search/NEXRAD_20251106_Pebble-AL/WRF/wrfout_d04_2025-11-06_00:00:00,2025-11-06_00:00:00,2025-11-06_07:00:00,32.62825012207031,35.704715728759766,-89.64163208007812,-85.87478637695312,2025-11-06_00:00:00,29,,
NEXRAD_20251106_Pebble-AL,34.353008,-87.53902,2025-11-06T06:40:00,/mnt/L2_plus/events_search/NEXRAD_20251106_Pebble-AL/WRF/wrfout_d04_2025-11-06_06:00:00,2025-11-06_06:00:00,2025-11-06_07:00:00,32.62825012207031,35.704715728759766,-89.64163208007812,-85.87478637695312,2025-11-06_06:00:00,5,,
NEXRAD_20260124_Cz-4c-Rocket-Body-Re-Entry-Minnesota,46.62914,-93.23138,2026-01-24T06:20:00,/mnt/L2_plus/events_search/NEXRAD_20260124_Cz-4c-Rocket-Body-Re-Entry-Minnesota/WRF/wrfout_d04_2026-01-23_12:00:00,2026-01-23_12:00:00,2026-01-24_06:45:00,44.895286560058594,47.98091125488281,-95.78170776367188,-91.212646484375,2026-01-23_12:00:00,76,,
NEXRAD_20260124_Cz-4c-Rocket-Body-Re-Entry-Minnesota,46.62914,-93.23138,2026-01-24T06:20:00,/mnt/L2_plus/events_search/NEXRAD_20260124_Cz-4c-Rocket-Body-Re-Entry-Minnesota/WRF/wrfout_d04_2026-01-23_18:00:00,2026-01-23_18:00:00,2026-01-24_06:45:00,44.895286560058594,47.98091125488281,-95.78170776367188,-91.212646484375,2026-01-23_18:00:00,52,,
NEXRAD_20260124_Cz-4c-Rocket-Body-Re-Entry-Minnesota,46.62914,-93.23138,2026-01-24T06:20:00,/mnt/L2_plus/events_search/NEXRAD_20260124_Cz-4c-Rocket-Body-Re-Entry-Minnesota/WRF/wrfout_d04_2026-01-24_00:00:00,2026-01-24_00:00:00,2026-01-24_06:45:00,44.895286560058594,47.98091125488281,-95.78170776367188,-91.212646484375,2026-01-24_00:00:00,28,,
NEXRAD_20260124_Cz-4c-Rocket-Body-Re-Entry-Minnesota,46.62914,-93.23138,2026-01-24T06:20:00,/mnt/L2_plus/events_search/NEXRAD_20260124_Cz-4c-Rocket-Body-Re-Entry-Minnesota/WRF/wrfout_d04_2026-01-24_06:00:00,2026-01-24_06:00:00,2026-01-24_06:45:00,44.895286560058594,47.98091125488281,-95.78170776367188,-91.212646484375,2026-01-24_06:00:00,4,,
NEXRAD_20260317_Windfall-OH,41.057158,-81.800047,2026-03-17T12:56:00,/mnt/L2_plus/events_search/NEXRAD_20260317_Windfall-OH/WRF/wrfout_d04_2026-03-16_18:00:00,2026-03-16_18:00:00,2026-03-17_13:30:00,39.327842712402344,42.408912658691406,-84.11239624023438,-79.96981811523438,2026-03-16_18:00:00,79,,
NEXRAD_20260317_Windfall-OH,41.057158,-81.800047,2026-03-17T12:56:00,/mnt/L2_plus/events_search/NEXRAD_20260317_Windfall-OH/WRF/wrfout_d04_2026-03-17_00:00:00,2026-03-17_00:00:00,2026-03-17_13:30:00,39.327842712402344,42.408912658691406,-84.11239624023438,-79.96981811523438,2026-03-17_00:00:00,55,,
NEXRAD_20260317_Windfall-OH,41.057158,-81.800047,2026-03-17T12:56:00,/mnt/L2_plus/events_search/NEXRAD_20260317_Windfall-OH/WRF/wrfout_d04_2026-03-17_06:00:00,2026-03-17_06:00:00,2026-03-17_13:30:00,39.327842712402344,42.408912658691406,-84.11239624023438,-79.96981811523438,2026-03-17_06:00:00,31,,
NEXRAD_20260317_Windfall-OH,41.057158,-81.800047,2026-03-17T12:56:00,/mnt/L2_plus/events_search/NEXRAD_20260317_Windfall-OH/WRF/wrfout_d04_2026-03-17_12:00:00,2026-03-17_12:00:00,2026-03-17_13:30:00,39.327842712402344,42.408912658691406,-84.11239624023438,-79.96981811523438,2026-03-17_12:00:00,7,,
NEXRAD_20260321_Houston-TX,30.048492,-95.47391,2026-03-21T21:40:00,/mnt/L2_plus/events_search/NEXRAD_20260321_Houston-TX/WRF/wrfout_d04_2026-03-21_00:00:00,2026-03-21_00:00:00,2026-03-21_22:00:00,28.326311111450195,31.400169372558594,-97.4742431640625,-93.89068603515625,2026-03-21_00:00:00,89,,
NEXRAD_20260321_Houston-TX,30.048492,-95.47391,2026-03-21T21:40:00,/mnt/L2_plus/events_search/NEXRAD_20260321_Houston-TX/WRF/wrfout_d04_2026-03-21_06:00:00,2026-03-21_06:00:00,2026-03-21_22:00:00,28.326311111450195,31.400169372558594,-97.4742431640625,-93.89068603515625,2026-03-21_06:00:00,65,,
NEXRAD_20260321_Houston-TX,30.048492,-95.47391,2026-03-21T21:40:00,/mnt/L2_plus/events_search/NEXRAD_20260321_Houston-TX/WRF/wrfout_d04_2026-03-21_12:00:00,2026-03-21_12:00:00,2026-03-21_22:00:00,28.326311111450195,31.400169372558594,-97.4742431640625,-93.89068603515625,2026-03-21_12:00:00,41,,
NEXRAD_20260321_Houston-TX,30.048492,-95.47391,2026-03-21T21:40:00,/mnt/L2_plus/events_search/NEXRAD_20260321_Houston-TX/WRF/wrfout_d04_2026-03-21_18:00:00,2026-03-21_18:00:00,2026-03-21_22:00:00,28.326311111450195,31.400169372558594,-97.4742431640625,-93.89068603515625,2026-03-21_18:00:00,17,,
NEXRAD_20260410_Artemis-II-Splashdown,32.4175,-117.707,2026-04-10T00:07:00,/mnt/L2_plus/events_search/NEXRAD_20260410_Artemis-II-Splashdown/WRF/wrfout_d04_2026-04-09_06:00:00,2026-04-09_06:00:00,2026-04-10_00:30:00,30.69394874572754,33.76920700073242,-119.76094055175781,-116.08135986328125,2026-04-09_06:00:00,75,,
NEXRAD_20260410_Artemis-II-Splashdown,32.4175,-117.707,2026-04-10T00:07:00,/mnt/L2_plus/events_search/NEXRAD_20260410_Artemis-II-Splashdown/WRF/wrfout_d04_2026-04-09_12:00:00,2026-04-09_12:00:00,2026-04-10_00:30:00,30.69394874572754,33.76920700073242,-119.76094055175781,-116.08135986328125,2026-04-09_12:00:00,51,,
NEXRAD_20260410_Artemis-II-Splashdown,32.4175,-117.707,2026-04-10T00:07:00,/mnt/L2_plus/events_search/NEXRAD_20260410_Artemis-II-Splashdown/WRF/wrfout_d04_2026-04-09_18:00:00,2026-04-09_18:00:00,2026-04-10_00:30:00,30.69394874572754,33.76920700073242,-119.76094055175781,-116.08135986328125,2026-04-09_18:00:00,27,,
NEXRAD_20260410_Artemis-II-Splashdown,32.4175,-117.707,2026-04-10T00:07:00,/mnt/L2_plus/events_search/NEXRAD_20260410_Artemis-II-Splashdown/WRF/wrfout_d04_2026-04-10_00:00:00,2026-04-10_00:00:00,2026-04-10_00:30:00,30.69394874572754,33.76920700073242,-119.76094055175781,-116.08135986328125,2026-04-10_00:00:00,3,,
NZ_2024-03-13,-44.132380,170.390146,2024-03-13T08:04:11,/mnt/L2_plus/events_search/NZ_2024-03-13/WRF/wrfout_d03_2024-03-12_12:00:00,2024-03-12_12:00:00,2024-03-13_08:30:00,-46.54319381713867,-42.00279998779297,166.88897705078125,173.41436767578125,2024-03-12_12:00:00,83,/software/projects/pawsey0851/mcu/WRF/run/skelet_4.4.2_setonix_large_fine_time,24h
NZ_2024-03-13,-44.132380,170.390146,2024-03-13T08:04:11,/mnt/L2_plus/events_search/NZ_2024-03-13/WRF/wrfout_d03_2024-03-12_18:00:00,2024-03-12_18:00:00,2024-03-13_08:30:00,-46.54319381713867,-42.00279998779297,166.88897705078125,173.41436767578125,2024-03-12_18:00:00,59,/software/projects/pawsey0851/mcu/WRF/run/skelet_4.4.2_setonix_large_fine_time,24h
NZ_2024-03-13,-44.132380,170.390146,2024-03-13T08:04:11,/mnt/L2_plus/events_search/NZ_2024-03-13/WRF/wrfout_d03_2024-03-13_06:00:00,2024-03-13_06:00:00,2024-03-13_08:30:00,-46.54319381713867,-42.00279998779297,166.88897705078125,173.41436767578125,2024-03-13_06:00:00,11,/software/projects/pawsey0851/mcu/WRF/run/skelet_4.4.2_setonix_large_fine_time,24h
NZ_2024-03-13,-44.132380,170.390146,2024-03-13T08:04:11,/mnt/L2_plus/events_search/NZ_2024-03-13/WRF/wrfout_d04_2024-03-12_12:00:00,2024-03-12_12:00:00,2024-03-13_08:30:00,-45.84024429321289,-42.75653839111328,167.93994140625,172.32958984375,2024-03-12_12:00:00,83,/software/projects/pawsey0851/mcu/WRF/run/skelet_4.4.2_setonix_large_fine_time,24h
NZ_2024-03-13,-44.132380,170.390146,2024-03-13T08:04:11,/mnt/L2_plus/events_search/NZ_2024-03-13/WRF/wrfout_d04_2024-03-12_18:00:00,2024-03-12_18:00:00,2024-03-13_08:30:00,-45.84024429321289,-42.75653839111328,167.93994140625,172.32958984375,2024-03-12_18:00:00,59,/software/projects/pawsey0851/mcu/WRF/run/skelet_4.4.2_setonix_large_fine_time,24h
NZ_2024-03-13,-44.132380,170.390146,2024-03-13T08:04:11,/mnt/L2_plus/events_search/NZ_2024-03-13/WRF/wrfout_d04_2024-03-13_00:00:00,2024-03-13_00:00:00,2024-03-13_08:30:00,-45.84024429321289,-42.75653839111328,167.93994140625,172.32958984375,2024-03-13_00:00:00,35,/software/projects/pawsey0851/mcu/WRF/run/skelet_4.4.2_setonix_large_fine_time,24h
NZ_2024-03-13,-44.132380,170.390146,2024-03-13T08:04:11,/mnt/L2_plus/events_search/NZ_2024-03-13/WRF/wrfout_d04_2024-03-13_06:00:00,2024-03-13_06:00:00,2024-03-13_08:30:00,-45.84024429321289,-42.75653839111328,167.93994140625,172.32958984375,2024-03-13_06:00:00,11,/software/projects/pawsey0851/mcu/WRF/run/skelet_4.4.2_setonix_large_fine_time,24h
NZ_2025-03-12,-40.05125,176.734029,2025-03-12T09:49:43,/mnt/L2_plus/events_search/NZ_2025-03-12/WRF/wrfout_d04_2025-03-11_12:00:00,2025-03-11_12:00:00,2025-03-12_10:15:00,-41.759117126464844,-38.6785888671875,174.445556640625,178.54541015625,2025-03-11_12:00:00,90,,
NZ_2025-03-12,-40.05125,176.734029,2025-03-12T09:49:43,/mnt/L2_plus/events_search/NZ_2025-03-12/WRF/wrfout_d04_2025-03-11_18:00:00,2025-03-11_18:00:00,2025-03-12_10:15:00,-41.759117126464844,-38.6785888671875,174.445556640625,178.54541015625,2025-03-11_18:00:00,66,,
NZ_2025-03-12,-40.05125,176.734029,2025-03-12T09:49:43,/mnt/L2_plus/events_search/NZ_2025-03-12/WRF/wrfout_d04_2025-03-12_00:00:00,2025-03-12_00:00:00,2025-03-12_10:15:00,-41.759117126464844,-38.6785888671875,174.445556640625,178.54541015625,2025-03-12_00:00:00,42,,
NZ_2025-03-12,-40.05125,176.734029,2025-03-12T09:49:43,/mnt/L2_plus/events_search/NZ_2025-03-12/WRF/wrfout_d04_2025-03-12_06:00:00,2025-03-12_06:00:00,2025-03-12_10:15:00,-41.759117126464844,-38.6785888671875,174.445556640625,178.54541015625,2025-03-12_06:00:00,18,,
NZ_2025-03-22,-37.394703,174.914593,2025-03-22T14:42:51,/mnt/L2_plus/events_search/NZ_2025-03-22/WRF/wrfout_d04_2025-03-21_18:00:00,2025-03-21_18:00:00,2025-03-22_15:15:00,-39.10253143310547,-36.02391052246094,172.71478271484375,176.65576171875,2025-03-21_18:00:00,86,,
NZ_2025-03-22,-37.394703,174.914593,2025-03-22T14:42:51,/mnt/L2_plus/events_search/NZ_2025-03-22/WRF/wrfout_d04_2025-03-22_00:00:00,2025-03-22_00:00:00,2025-03-22_15:15:00,-39.10253143310547,-36.02391052246094,172.71478271484375,176.65576171875,2025-03-22_00:00:00,62,,
NZ_2025-03-22,-37.394703,174.914593,2025-03-22T14:42:51,/mnt/L2_plus/events_search/NZ_2025-03-22/WRF/wrfout_d04_2025-03-22_06:00:00,2025-03-22_06:00:00,2025-03-22_15:15:00,-39.10253143310547,-36.02391052246094,172.71478271484375,176.65576171875,2025-03-22_06:00:00,38,,
NZ_2025-03-22,-37.394703,174.914593,2025-03-22T14:42:51,/mnt/L2_plus/events_search/NZ_2025-03-22/WRF/wrfout_d04_2025-03-22_12:00:00,2025-03-22_12:00:00,2025-03-22_15:15:00,-39.10253143310547,-36.02391052246094,172.71478271484375,176.65576171875,2025-03-22_12:00:00,14,,
RU_2024-06-06_232957,43.977016,42.898926,2024-06-06T23:29:57,/mnt/L2_plus/events_search/RU_2024-06-06_232957/WRF/wrfout_d04_2024-06-06_18:00:00,2024-06-06_18:00:00,2024-06-07_00:00:00,42.24540328979492,45.32875442504883,40.47052001953125,44.821044921875,2024-06-06_18:00:00,25,/software/projects/pawsey0851/mcu/WRF/run/skelet_4.4.2_setonix_large_fine_time,24h
Ural2025_23_03,55.658656,61.835723,2025-03-22T23:30:20,/mnt/L2_plus/events_search/RU_2025-03-22/WRF/wrfout_d04_2025-03-22_00:00:00,2025-03-22_00:00:00,2025-03-23_00:00:00,53.9151725769043,57.010520935058594,58.701080322265625,64.3172607421875,2025-03-22_00:00:00,97,,
Ural2025_23_03,55.658656,61.835723,2025-03-22T23:30:20,/mnt/L2_plus/events_search/RU_2025-03-22/WRF/wrfout_d04_2025-03-22_06:00:00,2025-03-22_06:00:00,2025-03-23_00:00:00,53.9151725769043,57.010520935058594,58.701080322265625,64.3172607421875,2025-03-22_06:00:00,73,,
Ural2025_23_03,55.658656,61.835723,2025-03-22T23:30:20,/mnt/L2_plus/events_search/RU_2025-03-22/WRF/wrfout_d04_2025-03-22_12:00:00,2025-03-22_12:00:00,2025-03-23_00:00:00,53.9151725769043,57.010520935058594,58.701080322265625,64.3172607421875,2025-03-22_12:00:00,49,,
Ural2025_23_03,55.658656,61.835723,2025-03-22T23:30:20,/mnt/L2_plus/events_search/RU_2025-03-22/WRF/wrfout_d04_2025-03-22_18:00:00,2025-03-22_18:00:00,2025-03-23_00:00:00,53.9151725769043,57.010520935058594,58.701080322265625,64.3172607421875,2025-03-22_18:00:00,25,,
UK_2025-04-23T01-38,52.163047,0.637265,2025-04-23T01:38:26,/mnt/L2_plus/events_search/UK_2025-04-23T01-38/WRF/wrfout_d04_2025-04-22_06:00:00,2025-04-22_06:00:00,2025-04-23_02:00:00,50.423728942871094,53.514869689941406,-2.233428955078125,2.90972900390625,2025-04-22_06:00:00,81,,
UK_2025-04-23T01-38,52.163047,0.637265,2025-04-23T01:38:26,/mnt/L2_plus/events_search/UK_2025-04-23T01-38/WRF/wrfout_d04_2025-04-22_12:00:00,2025-04-22_12:00:00,2025-04-23_02:00:00,50.423728942871094,53.514869689941406,-2.233428955078125,2.90972900390625,2025-04-22_12:00:00,57,,
UK_2025-04-23T01-38,52.163047,0.637265,2025-04-23T01:38:26,/mnt/L2_plus/events_search/UK_2025-04-23T01-38/WRF/wrfout_d04_2025-04-22_18:00:00,2025-04-22_18:00:00,2025-04-23_02:00:00,50.423728942871094,53.514869689941406,-2.233428955078125,2.90972900390625,2025-04-22_18:00:00,33,,
UK_2025-04-23T01-38,52.163047,0.637265,2025-04-23T01:38:26,/mnt/L2_plus/events_search/UK_2025-04-23T01-38/WRF/wrfout_d04_2025-04-23_00:00:00,2025-04-23_00:00:00,2025-04-23_02:00:00,50.423728942871094,53.514869689941406,-2.233428955078125,2.90972900390625,2025-04-23_00:00:00,9,,
UKR_2025-03-12T213229,50.310,30.324,2025-03-12T21:32:29,/mnt/L2_plus/events_search/UKR_2025-03-12T213229/WRF/wrfout_d04_2025-03-12_00:00:00,2025-03-12_00:00:00,2025-03-12_22:00:00,48.57262420654297,51.66178894042969,27.572052001953125,32.502349853515625,2025-03-12_00:00:00,89,,
UKR_2025-03-12T213229,50.310,30.324,2025-03-12T21:32:29,/mnt/L2_plus/events_search/UKR_2025-03-12T213229/WRF/wrfout_d04_2025-03-12_06:00:00,2025-03-12_06:00:00,2025-03-12_22:00:00,48.57262420654297,51.66178894042969,27.572052001953125,32.502349853515625,2025-03-12_06:00:00,65,,
UKR_2025-03-12T213229,50.310,30.324,2025-03-12T21:32:29,/mnt/L2_plus/events_search/UKR_2025-03-12T213229/WRF/wrfout_d04_2025-03-12_12:00:00,2025-03-12_12:00:00,2025-03-12_22:00:00,48.57262420654297,51.66178894042969,27.572052001953125,32.502349853515625,2025-03-12_12:00:00,41,,
UKR_2025-03-12T213229,50.310,30.324,2025-03-12T21:32:29,/mnt/L2_plus/events_search/UKR_2025-03-12T213229/WRF/wrfout_d04_2025-03-12_18:00:00,2025-03-12_18:00:00,2025-03-12_22:00:00,48.57262420654297,51.66178894042969,27.572052001953125,32.502349853515625,2025-03-12_18:00:00,17,,
USG_2013-07-31T03-50,-31.81852,137.02830,2013-07-31T03:52:09,/mnt/L2_plus/events_search/USG_2013-07-31T03-50/WRF/wrfout_d04_2013-07-30_12:00:00,2013-07-30_12:00:00,2013-07-31_04:30:00,-33.24591827392578,-30.69601058959961,135.36953735351562,138.40875244140625,2013-07-30_12:00:00,34,,
USG_2013-07-31T03-50,-31.81852,137.02830,2013-07-31T03:52:09,/mnt/L2_plus/events_search/USG_2013-07-31T03-50/WRF/wrfout_d04_2013-07-30_18:00:00,2013-07-30_18:00:00,2013-07-31_04:30:00,-33.24591827392578,-30.69601058959961,135.36953735351562,138.40875244140625,2013-07-30_18:00:00,22,,
USG_2013-07-31T03-50,-31.81852,137.02830,2013-07-31T03:52:09,/mnt/L2_plus/events_search/USG_2013-07-31T03-50/WRF/wrfout_d04_2013-07-31_00:00:00,2013-07-31_00:00:00,2013-07-31_04:30:00,-33.24591827392578,-30.69601058959961,135.36953735351562,138.40875244140625,2013-07-31_00:00:00,10,,
USG_2016-06-05T06-12,-17.4,138.3,2016-06-05T06:12:55,/mnt/L2_plus/events_search/USG_2016-06-05T06-12/WRF/wrfout_d04_2016-06-04_12:00:00,2016-06-04_12:00:00,2016-06-05_06:45:00,-19.107755661010742,-16.040468215942383,136.49322509765625,139.72994995117188,2016-06-04_12:00:00,76,,
USG_2016-06-05T06-12,-17.4,138.3,2016-06-05T06:12:55,/mnt/L2_plus/events_search/USG_2016-06-05T06-12/WRF/wrfout_d04_2016-06-04_18:00:00,2016-06-04_18:00:00,2016-06-05_06:45:00,-19.107755661010742,-16.040468215942383,136.49322509765625,139.72994995117188,2016-06-04_18:00:00,52,,
USG_2016-06-05T06-12,-17.4,138.3,2016-06-05T06:12:55,/mnt/L2_plus/events_search/USG_2016-06-05T06-12/WRF/wrfout_d04_2016-06-05_00:00:00,2016-06-05_00:00:00,2016-06-05_06:45:00,-19.107755661010742,-16.040468215942383,136.49322509765625,139.72994995117188,2016-06-05_00:00:00,28,,
USG_2016-06-05T06-12,-17.4,138.3,2016-06-05T06:12:55,/mnt/L2_plus/events_search/USG_2016-06-05T06-12/WRF/wrfout_d04_2016-06-05_06:00:00,2016-06-05_06:00:00,2016-06-05_06:45:00,-19.107755661010742,-16.040468215942383,136.49322509765625,139.72994995117188,2016-06-05_06:00:00,4,,
USG_2019-05-19T14-47,-23.6,132.8,2019-05-19T14:47:03,/mnt/L2_plus/events_search/USG_2019-05-19T14-47/WRF/wrfout_d04_2019-05-19_06:00:00,2019-05-19_06:00:00,2019-05-19_15:00:00,-24.994176864624023,-22.637537002563477,131.20175170898438,133.80511474609375,2019-05-19_06:00:00,28,,
USG_2019-05-19T14-47,-23.6,132.8,2019-05-19T14:47:03,/mnt/L2_plus/events_search/USG_2019-05-19T14-47/WRF/wrfout_d04_2019-05-19_12:00:00,2019-05-19_12:00:00,2019-05-19_15:00:00,-24.994176864624023,-22.637537002563477,131.20175170898438,133.80511474609375,2019-05-19_12:00:00,10,,
USG_2023-05-20,-17.8,141.9,2023-05-20T16:00:00,/mnt/L2_plus/events_search/USG_2023-05-20T11-22/WRF/wrfout_d04_2023-05-19_12:00:00,2023-05-19_12:00:00,2023-05-20_12:00:00,-18.768104553222656,-17.1854248046875,140.87762451171875,142.54623413085938,2023-05-19_12:00:00,73,,
USG_2023-05-20,-17.8,141.9,2023-05-20T16:00:00,/mnt/L2_plus/events_search/USG_2023-05-20T11-22/WRF/wrfout_d04_2023-05-19_18:00:00,2023-05-19_18:00:00,2023-05-20_12:00:00,-18.768104553222656,-17.1854248046875,140.87762451171875,142.54623413085938,2023-05-19_18:00:00,55,,
USG_2023-05-20,-17.8,141.9,2023-05-20T16:00:00,/mnt/L2_plus/events_search/USG_2023-05-20T11-22/WRF/wrfout_d04_2023-05-20_00:00:00,2023-05-20_00:00:00,2023-05-20_12:00:00,-18.768104553222656,-17.1854248046875,140.87762451171875,142.54623413085938,2023-05-20_00:00:00,37,,
USG_2023-05-20,-17.8,141.9,2023-05-20T16:00:00,/mnt/L2_plus/events_search/USG_2023-05-20T11-22/WRF/wrfout_d04_2023-05-20_06:00:00,2023-05-20_06:00:00,2023-05-20_12:00:00,-18.768104553222656,-17.1854248046875,140.87762451171875,142.54623413085938,2023-05-20_06:00:00,19,,
