EVENT_ID,EVENT_LAT,EVENT_LON,EVENT_TIME,wrfout_path,time_start,time_end,lat_min,lat_max,lon_min,lon_max,simulation_time_start,dst_path,n_timesteps_kept,n_timesteps_simulation,time_resolution_m,spatial_resolution_km,zenodo_deposition_id,zenodo_file_url,zenodo_status,record_update_time
NEXRAD_20200216_Prescott-AZ,34.717562,-112.747969,2020-02-16T14:17:00,/mnt/L2_plus/events_search/NEXRAD_20200216_Prescott-AZ/WRF/wrfout_d04_2020-02-15_18:00:00,2020-02-16_14:15:00,2020-02-16_14:45:00,32.99256134033203,36.069244384765625,-114.86026000976562,-111.07611083984375,2020-02-15_18:00:00,/mnt/L2_plus/winds_data_products/2020/NEXRAD_20200216_Prescott-AZ/wrfout_d04_2020-02-15_180000.nc4,3,84,15.0,1.0,19965051,https://zenodo.org/records/19965051/files/WRF_models_NEXRAD_20200216_Prescott-AZ.zip,uploaded,
NEXRAD_20200216_Prescott-AZ,34.717562,-112.747969,2020-02-16T14:17:00,/mnt/L2_plus/events_search/NEXRAD_20200216_Prescott-AZ/WRF/wrfout_d04_2020-02-16_00:00:00,2020-02-16_14:15:00,2020-02-16_14:45:00,32.99256134033203,36.069244384765625,-114.86026000976562,-111.07611083984375,2020-02-16_00:00:00,/mnt/L2_plus/winds_data_products/2020/NEXRAD_20200216_Prescott-AZ/wrfout_d04_2020-02-16_000000.nc4,3,60,15.0,1.0,19965051,https://zenodo.org/records/19965051/files/WRF_models_NEXRAD_20200216_Prescott-AZ.zip,uploaded,
NEXRAD_20200216_Prescott-AZ,34.717562,-112.747969,2020-02-16T14:17:00,/mnt/L2_plus/events_search/NEXRAD_20200216_Prescott-AZ/WRF/wrfout_d04_2020-02-16_06:00:00,2020-02-16_14:15:00,2020-02-16_14:45:00,32.99256134033203,36.069244384765625,-114.86026000976562,-111.07611083984375,2020-02-16_06:00:00,/mnt/L2_plus/winds_data_products/2020/NEXRAD_20200216_Prescott-AZ/wrfout_d04_2020-02-16_060000.nc4,3,36,15.0,1.0,19965051,https://zenodo.org/records/19965051/files/WRF_models_NEXRAD_20200216_Prescott-AZ.zip,uploaded,
NEXRAD_20200216_Prescott-AZ,34.717562,-112.747969,2020-02-16T14:17:00,/mnt/L2_plus/events_search/NEXRAD_20200216_Prescott-AZ/WRF/wrfout_d04_2020-02-16_12:00:00,2020-02-16_14:15:00,2020-02-16_14:45:00,32.99256134033203,36.069244384765625,-114.86026000976562,-111.07611083984375,2020-02-16_12:00:00,/mnt/L2_plus/winds_data_products/2020/NEXRAD_20200216_Prescott-AZ/wrfout_d04_2020-02-16_120000.nc4,3,12,15.0,1.0,19965051,https://zenodo.org/records/19965051/files/WRF_models_NEXRAD_20200216_Prescott-AZ.zip,uploaded,
NEXRAD_20210326_Yakima-WA-Debris-De-Orbit,46.83516,-120.031275,2021-03-26T04:00:00,/mnt/L2_plus/events_search/NEXRAD_20210326_Yakima-WA-Debris-De-Orbit/WRF/wrfout_d04_2021-03-25_12:00:00,2021-03-26_03:45:00,2021-03-26_04:30:00,45.101112365722656,48.18693161010742,-122.59185791015625,-118.00445556640625,2021-03-25_12:00:00,/mnt/L2_plus/winds_data_products/2021/NEXRAD_20210326_Yakima-WA-Debris-De-Orbit/wrfout_d04_2021-03-25_120000.nc4,4,67,15.0,1.0,19998571,https://zenodo.org/records/19998571/files/WRF_models_NEXRAD_20210326_Yakima-WA-Debris-De-Orbit.zip,uploaded,
NEXRAD_20210326_Yakima-WA-Debris-De-Orbit,46.83516,-120.031275,2021-03-26T04:00:00,/mnt/L2_plus/events_search/NEXRAD_20210326_Yakima-WA-Debris-De-Orbit/WRF/wrfout_d04_2021-03-25_18:00:00,2021-03-26_03:45:00,2021-03-26_04:30:00,45.101112365722656,48.18693161010742,-122.59185791015625,-118.00445556640625,2021-03-25_18:00:00,/mnt/L2_plus/winds_data_products/2021/NEXRAD_20210326_Yakima-WA-Debris-De-Orbit/wrfout_d04_2021-03-25_180000.nc4,4,43,15.0,1.0,19998571,https://zenodo.org/records/19998571/files/WRF_models_NEXRAD_20210326_Yakima-WA-Debris-De-Orbit.zip,uploaded,
NEXRAD_20210326_Yakima-WA-Debris-De-Orbit,46.83516,-120.031275,2021-03-26T04:00:00,/mnt/L2_plus/events_search/NEXRAD_20210326_Yakima-WA-Debris-De-Orbit/WRF/wrfout_d04_2021-03-26_00:00:00,2021-03-26_03:45:00,2021-03-26_04:30:00,45.101112365722656,48.18693161010742,-122.59185791015625,-118.00445556640625,2021-03-26_00:00:00,/mnt/L2_plus/winds_data_products/2021/NEXRAD_20210326_Yakima-WA-Debris-De-Orbit/wrfout_d04_2021-03-26_000000.nc4,4,19,15.0,1.0,19998571,https://zenodo.org/records/19998571/files/WRF_models_NEXRAD_20210326_Yakima-WA-Debris-De-Orbit.zip,uploaded,
NEXRAD_20220120_Patch-Grove-WI,42.939029,-90.972408,2022-01-20T12:48:03,/mnt/L2_plus/events_search/NEXRAD_20220120_Patch-Grove-WI/WRF/wrfout_d04_2022-01-19_18:00:00,2022-01-20_12:45:00,2022-01-20_13:15:00,41.208251953125,44.290771484375,-93.35748291015625,-89.0845947265625,2022-01-19_18:00:00,/mnt/L2_plus/winds_data_products/2022/NEXRAD_20220120_Patch-Grove-WI/wrfout_d04_2022-01-19_180000.nc4,3,78,15.0,1.0,19965662,https://zenodo.org/records/19965662/files/WRF_models_NEXRAD_20220120_Patch-Grove-WI.zip,uploaded,
NEXRAD_20220120_Patch-Grove-WI,42.939029,-90.972408,2022-01-20T12:48:03,/mnt/L2_plus/events_search/NEXRAD_20220120_Patch-Grove-WI/WRF/wrfout_d04_2022-01-20_00:00:00,2022-01-20_12:45:00,2022-01-20_13:15:00,41.208251953125,44.290771484375,-93.35748291015625,-89.0845947265625,2022-01-20_00:00:00,/mnt/L2_plus/winds_data_products/2022/NEXRAD_20220120_Patch-Grove-WI/wrfout_d04_2022-01-20_000000.nc4,3,54,15.0,1.0,19965662,https://zenodo.org/records/19965662/files/WRF_models_NEXRAD_20220120_Patch-Grove-WI.zip,uploaded,
NEXRAD_20220120_Patch-Grove-WI,42.939029,-90.972408,2022-01-20T12:48:03,/mnt/L2_plus/events_search/NEXRAD_20220120_Patch-Grove-WI/WRF/wrfout_d04_2022-01-20_06:00:00,2022-01-20_12:45:00,2022-01-20_13:15:00,41.208251953125,44.290771484375,-93.35748291015625,-89.0845947265625,2022-01-20_06:00:00,/mnt/L2_plus/winds_data_products/2022/NEXRAD_20220120_Patch-Grove-WI/wrfout_d04_2022-01-20_060000.nc4,3,30,15.0,1.0,19965662,https://zenodo.org/records/19965662/files/WRF_models_NEXRAD_20220120_Patch-Grove-WI.zip,uploaded,
NEXRAD_20220120_Patch-Grove-WI,42.939029,-90.972408,2022-01-20T12:48:03,/mnt/L2_plus/events_search/NEXRAD_20220120_Patch-Grove-WI/WRF/wrfout_d04_2022-01-20_12:00:00,2022-01-20_12:45:00,2022-01-20_13:15:00,41.208251953125,44.290771484375,-93.35748291015625,-89.0845947265625,2022-01-20_12:00:00,/mnt/L2_plus/winds_data_products/2022/NEXRAD_20220120_Patch-Grove-WI/wrfout_d04_2022-01-20_120000.nc4,3,6,15.0,1.0,19965662,https://zenodo.org/records/19965662/files/WRF_models_NEXRAD_20220120_Patch-Grove-WI.zip,uploaded,
NEXRAD_20220427_Cranfield-MS,31.553773,-91.181204,2022-04-27T13:03:00,/mnt/L2_plus/events_search/NEXRAD_20220427_Cranfield-MS/WRF/wrfout_d04_2022-04-26_18:00:00,2022-04-27_13:00:00,2022-04-27_13:30:00,29.83074188232422,32.905487060546875,-93.21490478515625,-89.571533203125,2022-04-26_18:00:00,/mnt/L2_plus/winds_data_products/2022/NEXRAD_20220427_Cranfield-MS/wrfout_d04_2022-04-26_180000.nc4,3,79,15.0,1.0,19965662,https://zenodo.org/records/19965662/files/WRF_models_NEXRAD_20220427_Cranfield-MS.zip,uploaded,
NEXRAD_20220427_Cranfield-MS,31.553773,-91.181204,2022-04-27T13:03:00,/mnt/L2_plus/events_search/NEXRAD_20220427_Cranfield-MS/WRF/wrfout_d04_2022-04-27_00:00:00,2022-04-27_13:00:00,2022-04-27_13:30:00,29.83074188232422,32.905487060546875,-93.21490478515625,-89.571533203125,2022-04-27_00:00:00,/mnt/L2_plus/winds_data_products/2022/NEXRAD_20220427_Cranfield-MS/wrfout_d04_2022-04-27_000000.nc4,3,55,15.0,1.0,19965662,https://zenodo.org/records/19965662/files/WRF_models_NEXRAD_20220427_Cranfield-MS.zip,uploaded,
NEXRAD_20220427_Cranfield-MS,31.553773,-91.181204,2022-04-27T13:03:00,/mnt/L2_plus/events_search/NEXRAD_20220427_Cranfield-MS/WRF/wrfout_d04_2022-04-27_06:00:00,2022-04-27_13:00:00,2022-04-27_13:30:00,29.83074188232422,32.905487060546875,-93.21490478515625,-89.571533203125,2022-04-27_06:00:00,/mnt/L2_plus/winds_data_products/2022/NEXRAD_20220427_Cranfield-MS/wrfout_d04_2022-04-27_060000.nc4,3,31,15.0,1.0,19965662,https://zenodo.org/records/19965662/files/WRF_models_NEXRAD_20220427_Cranfield-MS.zip,uploaded,
NEXRAD_20220427_Cranfield-MS,31.553773,-91.181204,2022-04-27T13:03:00,/mnt/L2_plus/events_search/NEXRAD_20220427_Cranfield-MS/WRF/wrfout_d04_2022-04-27_12:00:00,2022-04-27_13:00:00,2022-04-27_13:30:00,29.83074188232422,32.905487060546875,-93.21490478515625,-89.571533203125,2022-04-27_12:00:00,/mnt/L2_plus/winds_data_products/2022/NEXRAD_20220427_Cranfield-MS/wrfout_d04_2022-04-27_120000.nc4,3,7,15.0,1.0,19965662,https://zenodo.org/records/19965662/files/WRF_models_NEXRAD_20220427_Cranfield-MS.zip,uploaded,
NEXRAD_20220813_Great-Salt-Lake-UT,40.733638,-112.419765,2022-08-13T14:31:00,/mnt/L2_plus/events_search/NEXRAD_20220813_Great-Salt-Lake-UT/WRF/wrfout_d04_2022-08-12_18:00:00,2022-08-13_14:30:00,2022-08-13_15:00:00,39.00453186035156,42.08534622192383,-114.72021484375,-110.59890747070312,2022-08-12_18:00:00,/mnt/L2_plus/winds_data_products/2022/NEXRAD_20220813_Great-Salt-Lake-UT/wrfout_d04_2022-08-12_180000.nc4,3,85,15.0,1.0,19965662,https://zenodo.org/records/19965662/files/WRF_models_NEXRAD_20220813_Great-Salt-Lake-UT.zip,uploaded,
NEXRAD_20220813_Great-Salt-Lake-UT,40.733638,-112.419765,2022-08-13T14:31:00,/mnt/L2_plus/events_search/NEXRAD_20220813_Great-Salt-Lake-UT/WRF/wrfout_d04_2022-08-13_00:00:00,2022-08-13_14:30:00,2022-08-13_15:00:00,39.00453186035156,42.08534622192383,-114.72021484375,-110.59890747070312,2022-08-13_00:00:00,/mnt/L2_plus/winds_data_products/2022/NEXRAD_20220813_Great-Salt-Lake-UT/wrfout_d04_2022-08-13_000000.nc4,3,61,15.0,1.0,19965662,https://zenodo.org/records/19965662/files/WRF_models_NEXRAD_20220813_Great-Salt-Lake-UT.zip,uploaded,
NEXRAD_20220813_Great-Salt-Lake-UT,40.733638,-112.419765,2022-08-13T14:31:00,/mnt/L2_plus/events_search/NEXRAD_20220813_Great-Salt-Lake-UT/WRF/wrfout_d04_2022-08-13_06:00:00,2022-08-13_14:30:00,2022-08-13_15:00:00,39.00453186035156,42.08534622192383,-114.72021484375,-110.59890747070312,2022-08-13_06:00:00,/mnt/L2_plus/winds_data_products/2022/NEXRAD_20220813_Great-Salt-Lake-UT/wrfout_d04_2022-08-13_060000.nc4,3,37,15.0,1.0,19965662,https://zenodo.org/records/19965662/files/WRF_models_NEXRAD_20220813_Great-Salt-Lake-UT.zip,uploaded,
NEXRAD_20220813_Great-Salt-Lake-UT,40.733638,-112.419765,2022-08-13T14:31:00,/mnt/L2_plus/events_search/NEXRAD_20220813_Great-Salt-Lake-UT/WRF/wrfout_d04_2022-08-13_12:00:00,2022-08-13_14:30:00,2022-08-13_15:00:00,39.00453186035156,42.08534622192383,-114.72021484375,-110.59890747070312,2022-08-13_12:00:00,/mnt/L2_plus/winds_data_products/2022/NEXRAD_20220813_Great-Salt-Lake-UT/wrfout_d04_2022-08-13_120000.nc4,3,13,15.0,1.0,19965662,https://zenodo.org/records/19965662/files/WRF_models_NEXRAD_20220813_Great-Salt-Lake-UT.zip,uploaded,
NEXRAD_20220824_Coalmont-CO,40.546356,-106.586326,2022-08-24T02:33:00,/mnt/L2_plus/events_search/NEXRAD_20220824_Coalmont-CO/WRF/wrfout_d04_2022-08-23_06:00:00,2022-08-24_02:30:00,2022-08-24_03:00:00,38.81739807128906,41.89807891845703,-108.88003540039062,-104.77084350585938,2022-08-23_06:00:00,/mnt/L2_plus/winds_data_products/2022/NEXRAD_20220824_Coalmont-CO/wrfout_d04_2022-08-23_060000.nc4,3,85,15.0,1.0,19965662,https://zenodo.org/records/19965662/files/WRF_models_NEXRAD_20220824_Coalmont-CO.zip,uploaded,
NEXRAD_20220824_Coalmont-CO,40.546356,-106.586326,2022-08-24T02:33:00,/mnt/L2_plus/events_search/NEXRAD_20220824_Coalmont-CO/WRF/wrfout_d04_2022-08-23_12:00:00,2022-08-24_02:30:00,2022-08-24_03:00:00,38.81739807128906,41.89807891845703,-108.88003540039062,-104.77084350585938,2022-08-23_12:00:00,/mnt/L2_plus/winds_data_products/2022/NEXRAD_20220824_Coalmont-CO/wrfout_d04_2022-08-23_120000.nc4,3,61,15.0,1.0,19965662,https://zenodo.org/records/19965662/files/WRF_models_NEXRAD_20220824_Coalmont-CO.zip,uploaded,
NEXRAD_20220824_Coalmont-CO,40.546356,-106.586326,2022-08-24T02:33:00,/mnt/L2_plus/events_search/NEXRAD_20220824_Coalmont-CO/WRF/wrfout_d04_2022-08-23_18:00:00,2022-08-24_02:30:00,2022-08-24_03:00:00,38.81739807128906,41.89807891845703,-108.88003540039062,-104.77084350585938,2022-08-23_18:00:00,/mnt/L2_plus/winds_data_products/2022/NEXRAD_20220824_Coalmont-CO/wrfout_d04_2022-08-23_180000.nc4,3,37,15.0,1.0,19965662,https://zenodo.org/records/19965662/files/WRF_models_NEXRAD_20220824_Coalmont-CO.zip,uploaded,
NEXRAD_20220824_Coalmont-CO,40.546356,-106.586326,2022-08-24T02:33:00,/mnt/L2_plus/events_search/NEXRAD_20220824_Coalmont-CO/WRF/wrfout_d04_2022-08-24_00:00:00,2022-08-24_02:30:00,2022-08-24_03:00:00,38.81739807128906,41.89807891845703,-108.88003540039062,-104.77084350585938,2022-08-24_00:00:00,/mnt/L2_plus/winds_data_products/2022/NEXRAD_20220824_Coalmont-CO/wrfout_d04_2022-08-24_000000.nc4,3,13,15.0,1.0,19965662,https://zenodo.org/records/19965662/files/WRF_models_NEXRAD_20220824_Coalmont-CO.zip,uploaded,
NEXRAD_20220926_Junction-City-GA,32.629034,-84.396568,2022-09-26T04:04:00,/mnt/L2_plus/events_search/NEXRAD_20220926_Junction-City-GA/WRF/wrfout_d04_2022-09-25_06:00:00,2022-09-26_04:00:00,2022-09-26_04:30:00,30.905323028564453,33.980716705322266,-86.45559692382812,-82.76690673828125,2022-09-25_06:00:00,/mnt/L2_plus/winds_data_products/2022/NEXRAD_20220926_Junction-City-GA/wrfout_d04_2022-09-25_060000.nc4,3,91,15.0,1.0,19965662,https://zenodo.org/records/19965662/files/WRF_models_NEXRAD_20220926_Junction-City-GA.zip,uploaded,
NEXRAD_20220926_Junction-City-GA,32.629034,-84.396568,2022-09-26T04:04:00,/mnt/L2_plus/events_search/NEXRAD_20220926_Junction-City-GA/WRF/wrfout_d04_2022-09-25_12:00:00,2022-09-26_04:00:00,2022-09-26_04:30:00,30.905323028564453,33.980716705322266,-86.45559692382812,-82.76690673828125,2022-09-25_12:00:00,/mnt/L2_plus/winds_data_products/2022/NEXRAD_20220926_Junction-City-GA/wrfout_d04_2022-09-25_120000.nc4,3,67,15.0,1.0,19965662,https://zenodo.org/records/19965662/files/WRF_models_NEXRAD_20220926_Junction-City-GA.zip,uploaded,
NEXRAD_20220926_Junction-City-GA,32.629034,-84.396568,2022-09-26T04:04:00,/mnt/L2_plus/events_search/NEXRAD_20220926_Junction-City-GA/WRF/wrfout_d04_2022-09-25_18:00:00,2022-09-26_04:00:00,2022-09-26_04:30:00,30.905323028564453,33.980716705322266,-86.45559692382812,-82.76690673828125,2022-09-25_18:00:00,/mnt/L2_plus/winds_data_products/2022/NEXRAD_20220926_Junction-City-GA/wrfout_d04_2022-09-25_180000.nc4,3,43,15.0,1.0,19965662,https://zenodo.org/records/19965662/files/WRF_models_NEXRAD_20220926_Junction-City-GA.zip,uploaded,
NEXRAD_20220926_Junction-City-GA,32.629034,-84.396568,2022-09-26T04:04:00,/mnt/L2_plus/events_search/NEXRAD_20220926_Junction-City-GA/WRF/wrfout_d04_2022-09-26_00:00:00,2022-09-26_04:00:00,2022-09-26_04:30:00,30.905323028564453,33.980716705322266,-86.45559692382812,-82.76690673828125,2022-09-26_00:00:00,/mnt/L2_plus/winds_data_products/2022/NEXRAD_20220926_Junction-City-GA/wrfout_d04_2022-09-26_000000.nc4,3,19,15.0,1.0,19965662,https://zenodo.org/records/19965662/files/WRF_models_NEXRAD_20220926_Junction-City-GA.zip,uploaded,
NEXRAD_20230120_Muskogee-OK,35.668006,-95.358036,2023-01-20T09:38:00,/mnt/L2_plus/events_search/NEXRAD_20230120_Muskogee-OK/WRF/wrfout_d04_2023-01-19_12:00:00,2023-01-20_09:30:00,2023-01-20_10:00:00,33.942413330078125,37.01972579956055,-97.49649047851562,-93.66546630859375,2023-01-19_12:00:00,/mnt/L2_plus/winds_data_products/2023/NEXRAD_20230120_Muskogee-OK/wrfout_d04_2023-01-19_120000.nc4,3,89,15.0,1.0,19966241,https://zenodo.org/records/19966241/files/WRF_models_NEXRAD_20230120_Muskogee-OK.zip,uploaded,
NEXRAD_20230120_Muskogee-OK,35.668006,-95.358036,2023-01-20T09:38:00,/mnt/L2_plus/events_search/NEXRAD_20230120_Muskogee-OK/WRF/wrfout_d04_2023-01-19_18:00:00,2023-01-20_09:30:00,2023-01-20_10:00:00,33.942413330078125,37.01972579956055,-97.49649047851562,-93.66546630859375,2023-01-19_18:00:00,/mnt/L2_plus/winds_data_products/2023/NEXRAD_20230120_Muskogee-OK/wrfout_d04_2023-01-19_180000.nc4,3,65,15.0,1.0,19966241,https://zenodo.org/records/19966241/files/WRF_models_NEXRAD_20230120_Muskogee-OK.zip,uploaded,
NEXRAD_20230120_Muskogee-OK,35.668006,-95.358036,2023-01-20T09:38:00,/mnt/L2_plus/events_search/NEXRAD_20230120_Muskogee-OK/WRF/wrfout_d04_2023-01-20_00:00:00,2023-01-20_09:30:00,2023-01-20_10:00:00,33.942413330078125,37.01972579956055,-97.49649047851562,-93.66546630859375,2023-01-20_00:00:00,/mnt/L2_plus/winds_data_products/2023/NEXRAD_20230120_Muskogee-OK/wrfout_d04_2023-01-20_000000.nc4,3,41,15.0,1.0,19966241,https://zenodo.org/records/19966241/files/WRF_models_NEXRAD_20230120_Muskogee-OK.zip,uploaded,
NEXRAD_20230120_Muskogee-OK,35.668006,-95.358036,2023-01-20T09:38:00,/mnt/L2_plus/events_search/NEXRAD_20230120_Muskogee-OK/WRF/wrfout_d04_2023-01-20_06:00:00,2023-01-20_09:30:00,2023-01-20_10:00:00,33.942413330078125,37.01972579956055,-97.49649047851562,-93.66546630859375,2023-01-20_06:00:00,/mnt/L2_plus/winds_data_products/2023/NEXRAD_20230120_Muskogee-OK/wrfout_d04_2023-01-20_060000.nc4,3,17,15.0,1.0,19966241,https://zenodo.org/records/19966241/files/WRF_models_NEXRAD_20230120_Muskogee-OK.zip,uploaded,
NEXRAD_20230215_El-Sauz-TX,26.592252,-98.629942,2023-02-15T23:22:00,/mnt/L2_plus/events_search/NEXRAD_20230215_El-Sauz-TX/WRF/wrfout_d04_2023-02-15_12:00:00,2023-02-15_23:15:00,2023-02-15_23:45:00,24.872018814086914,27.943944931030273,-100.562744140625,-97.10015869140625,2023-02-15_12:00:00,/mnt/L2_plus/winds_data_products/2023/NEXRAD_20230215_El-Sauz-TX/wrfout_d04_2023-02-15_120000.nc4,3,48,15.0,1.0,19966241,https://zenodo.org/records/19966241/files/WRF_models_NEXRAD_20230215_El-Sauz-TX.zip,uploaded,
NEXRAD_20230215_El-Sauz-TX,26.592252,-98.629942,2023-02-15T23:22:00,/mnt/L2_plus/events_search/NEXRAD_20230215_El-Sauz-TX/WRF/wrfout_d04_2023-02-15_18:00:00,2023-02-15_23:15:00,2023-02-15_23:45:00,24.872018814086914,27.943944931030273,-100.562744140625,-97.10015869140625,2023-02-15_18:00:00,/mnt/L2_plus/winds_data_products/2023/NEXRAD_20230215_El-Sauz-TX/wrfout_d04_2023-02-15_180000.nc4,3,24,15.0,1.0,19966241,https://zenodo.org/records/19966241/files/WRF_models_NEXRAD_20230215_El-Sauz-TX.zip,uploaded,
NEXRAD_20230408_Waite-ME,45.369249,-67.516169,2023-04-08T15:56:00,/mnt/L2_plus/events_search/NEXRAD_20230408_Waite-ME/WRF/wrfout_d04_2023-04-07_18:00:00,2023-04-08_15:45:00,2023-04-08_16:30:00,43.63648223876953,46.721012115478516,-70.00643920898438,-65.54501342773438,2023-04-07_18:00:00,/mnt/L2_plus/winds_data_products/2023/NEXRAD_20230408_Waite-ME/wrfout_d04_2023-04-07_180000.nc4,4,91,15.0,1.0,19966241,https://zenodo.org/records/19966241/files/WRF_models_NEXRAD_20230408_Waite-ME.zip,uploaded,
NEXRAD_20230408_Waite-ME,45.369249,-67.516169,2023-04-08T15:56:00,/mnt/L2_plus/events_search/NEXRAD_20230408_Waite-ME/WRF/wrfout_d04_2023-04-08_00:00:00,2023-04-08_15:45:00,2023-04-08_16:30:00,43.63648223876953,46.721012115478516,-70.00643920898438,-65.54501342773438,2023-04-08_00:00:00,/mnt/L2_plus/winds_data_products/2023/NEXRAD_20230408_Waite-ME/wrfout_d04_2023-04-08_000000.nc4,4,67,15.0,1.0,19966241,https://zenodo.org/records/19966241/files/WRF_models_NEXRAD_20230408_Waite-ME.zip,uploaded,
NEXRAD_20230408_Waite-ME,45.369249,-67.516169,2023-04-08T15:56:00,/mnt/L2_plus/events_search/NEXRAD_20230408_Waite-ME/WRF/wrfout_d04_2023-04-08_06:00:00,2023-04-08_15:45:00,2023-04-08_16:30:00,43.63648223876953,46.721012115478516,-70.00643920898438,-65.54501342773438,2023-04-08_06:00:00,/mnt/L2_plus/winds_data_products/2023/NEXRAD_20230408_Waite-ME/wrfout_d04_2023-04-08_060000.nc4,4,43,15.0,1.0,19966241,https://zenodo.org/records/19966241/files/WRF_models_NEXRAD_20230408_Waite-ME.zip,uploaded,
NEXRAD_20230408_Waite-ME,45.369249,-67.516169,2023-04-08T15:56:00,/mnt/L2_plus/events_search/NEXRAD_20230408_Waite-ME/WRF/wrfout_d04_2023-04-08_12:00:00,2023-04-08_15:45:00,2023-04-08_16:30:00,43.63648223876953,46.721012115478516,-70.00643920898438,-65.54501342773438,2023-04-08_12:00:00,/mnt/L2_plus/winds_data_products/2023/NEXRAD_20230408_Waite-ME/wrfout_d04_2023-04-08_120000.nc4,4,19,15.0,1.0,19966241,https://zenodo.org/records/19966241/files/WRF_models_NEXRAD_20230408_Waite-ME.zip,uploaded,
NEXRAD_20230427_Colorado-Debris-De-Orbit,39.053202,-103.479592,2023-04-27T08:52:00,/mnt/L2_plus/events_search/NEXRAD_20230427_Colorado-Debris-De-Orbit/WRF/wrfout_d04_2023-04-26_12:00:00,2023-04-27_08:45:00,2023-04-27_09:15:00,37.32535171508789,40.404945373535156,-105.72175598144531,-101.70492553710938,2023-04-26_12:00:00,/mnt/L2_plus/winds_data_products/2023/NEXRAD_20230427_Colorado-Debris-De-Orbit/wrfout_d04_2023-04-26_120000.nc4,3,86,15.0,1.0,19998571,https://zenodo.org/records/19998571/files/WRF_models_NEXRAD_20230427_Colorado-Debris-De-Orbit.zip,uploaded,
NEXRAD_20230427_Colorado-Debris-De-Orbit,39.053202,-103.479592,2023-04-27T08:52:00,/mnt/L2_plus/events_search/NEXRAD_20230427_Colorado-Debris-De-Orbit/WRF/wrfout_d04_2023-04-26_18:00:00,2023-04-27_08:45:00,2023-04-27_09:15:00,37.32535171508789,40.404945373535156,-105.72175598144531,-101.70492553710938,2023-04-26_18:00:00,/mnt/L2_plus/winds_data_products/2023/NEXRAD_20230427_Colorado-Debris-De-Orbit/wrfout_d04_2023-04-26_180000.nc4,3,62,15.0,1.0,19998571,https://zenodo.org/records/19998571/files/WRF_models_NEXRAD_20230427_Colorado-Debris-De-Orbit.zip,uploaded,
NEXRAD_20230427_Colorado-Debris-De-Orbit,39.053202,-103.479592,2023-04-27T08:52:00,/mnt/L2_plus/events_search/NEXRAD_20230427_Colorado-Debris-De-Orbit/WRF/wrfout_d04_2023-04-27_00:00:00,2023-04-27_08:45:00,2023-04-27_09:15:00,37.32535171508789,40.404945373535156,-105.72175598144531,-101.70492553710938,2023-04-27_00:00:00,/mnt/L2_plus/winds_data_products/2023/NEXRAD_20230427_Colorado-Debris-De-Orbit/wrfout_d04_2023-04-27_000000.nc4,3,38,15.0,1.0,19998571,https://zenodo.org/records/19998571/files/WRF_models_NEXRAD_20230427_Colorado-Debris-De-Orbit.zip,uploaded,
NEXRAD_20230427_Colorado-Debris-De-Orbit,39.053202,-103.479592,2023-04-27T08:52:00,/mnt/L2_plus/events_search/NEXRAD_20230427_Colorado-Debris-De-Orbit/WRF/wrfout_d04_2023-04-27_06:00:00,2023-04-27_08:45:00,2023-04-27_09:15:00,37.32535171508789,40.404945373535156,-105.72175598144531,-101.70492553710938,2023-04-27_06:00:00,/mnt/L2_plus/winds_data_products/2023/NEXRAD_20230427_Colorado-Debris-De-Orbit/wrfout_d04_2023-04-27_060000.nc4,3,14,15.0,1.0,19998571,https://zenodo.org/records/19998571/files/WRF_models_NEXRAD_20230427_Colorado-Debris-De-Orbit.zip,uploaded,
NEXRAD_20230508_Hopewell-NJ,40.3069,-74.84,2023-05-08T16:23:00,/mnt/L2_plus/events_search/NEXRAD_20230508_Hopewell-NJ/WRF/wrfout_d04_2023-05-07_18:00:00,2023-05-08_16:15:00,2023-05-08_16:45:00,38.578128814697266,41.65863037109375,-77.12518310546875,-73.03125,2023-05-07_18:00:00,/mnt/L2_plus/winds_data_products/2023/NEXRAD_20230508_Hopewell-NJ/wrfout_d04_2023-05-07_180000.nc4,3,92,15.0,1.0,19966241,https://zenodo.org/records/19966241/files/WRF_models_NEXRAD_20230508_Hopewell-NJ.zip,uploaded,
NEXRAD_20230508_Hopewell-NJ,40.3069,-74.84,2023-05-08T16:23:00,/mnt/L2_plus/events_search/NEXRAD_20230508_Hopewell-NJ/WRF/wrfout_d04_2023-05-08_00:00:00,2023-05-08_16:15:00,2023-05-08_16:45:00,38.578128814697266,41.65863037109375,-77.12518310546875,-73.03125,2023-05-08_00:00:00,/mnt/L2_plus/winds_data_products/2023/NEXRAD_20230508_Hopewell-NJ/wrfout_d04_2023-05-08_000000.nc4,3,68,15.0,1.0,19966241,https://zenodo.org/records/19966241/files/WRF_models_NEXRAD_20230508_Hopewell-NJ.zip,uploaded,
NEXRAD_20230508_Hopewell-NJ,40.3069,-74.84,2023-05-08T16:23:00,/mnt/L2_plus/events_search/NEXRAD_20230508_Hopewell-NJ/WRF/wrfout_d04_2023-05-08_06:00:00,2023-05-08_16:15:00,2023-05-08_16:45:00,38.578128814697266,41.65863037109375,-77.12518310546875,-73.03125,2023-05-08_06:00:00,/mnt/L2_plus/winds_data_products/2023/NEXRAD_20230508_Hopewell-NJ/wrfout_d04_2023-05-08_060000.nc4,3,44,15.0,1.0,19966241,https://zenodo.org/records/19966241/files/WRF_models_NEXRAD_20230508_Hopewell-NJ.zip,uploaded,
NEXRAD_20230508_Hopewell-NJ,40.3069,-74.84,2023-05-08T16:23:00,/mnt/L2_plus/events_search/NEXRAD_20230508_Hopewell-NJ/WRF/wrfout_d04_2023-05-08_12:00:00,2023-05-08_16:15:00,2023-05-08_16:45:00,38.578128814697266,41.65863037109375,-77.12518310546875,-73.03125,2023-05-08_12:00:00,/mnt/L2_plus/winds_data_products/2023/NEXRAD_20230508_Hopewell-NJ/wrfout_d04_2023-05-08_120000.nc4,3,20,15.0,1.0,19966241,https://zenodo.org/records/19966241/files/WRF_models_NEXRAD_20230508_Hopewell-NJ.zip,uploaded,
NEXRAD_20230802_Kingsport-TN-02,36.587573,-82.614954,2023-08-02T06:13:00,/mnt/L2_plus/events_search/NEXRAD_20230802_Kingsport-TN-02/WRF/wrfout_d04_2023-08-01_12:00:00,2023-08-02_06:00:00,2023-08-02_06:45:00,34.86137771606445,37.93928146362305,-84.77984619140625,-80.90142822265625,2023-08-01_12:00:00,/mnt/L2_plus/winds_data_products/2023/NEXRAD_20230802_Kingsport-TN-02/wrfout_d04_2023-08-01_120000.nc4,4,76,15.0,1.0,19966241,https://zenodo.org/records/19966241/files/WRF_models_NEXRAD_20230802_Kingsport-TN-02.zip,uploaded,
NEXRAD_20230802_Kingsport-TN-02,36.587573,-82.614954,2023-08-02T06:13:00,/mnt/L2_plus/events_search/NEXRAD_20230802_Kingsport-TN-02/WRF/wrfout_d04_2023-08-01_18:00:00,2023-08-02_06:00:00,2023-08-02_06:45:00,34.86137771606445,37.93928146362305,-84.77984619140625,-80.90142822265625,2023-08-01_18:00:00,/mnt/L2_plus/winds_data_products/2023/NEXRAD_20230802_Kingsport-TN-02/wrfout_d04_2023-08-01_180000.nc4,4,52,15.0,1.0,19966241,https://zenodo.org/records/19966241/files/WRF_models_NEXRAD_20230802_Kingsport-TN-02.zip,uploaded,
NEXRAD_20230802_Kingsport-TN-02,36.587573,-82.614954,2023-08-02T06:13:00,/mnt/L2_plus/events_search/NEXRAD_20230802_Kingsport-TN-02/WRF/wrfout_d04_2023-08-02_00:00:00,2023-08-02_06:00:00,2023-08-02_06:45:00,34.86137771606445,37.93928146362305,-84.77984619140625,-80.90142822265625,2023-08-02_00:00:00,/mnt/L2_plus/winds_data_products/2023/NEXRAD_20230802_Kingsport-TN-02/wrfout_d04_2023-08-02_000000.nc4,4,28,15.0,1.0,19966241,https://zenodo.org/records/19966241/files/WRF_models_NEXRAD_20230802_Kingsport-TN-02.zip,uploaded,
NEXRAD_20230802_Kingsport-TN-02,36.587573,-82.614954,2023-08-02T06:13:00,/mnt/L2_plus/events_search/NEXRAD_20230802_Kingsport-TN-02/WRF/wrfout_d04_2023-08-02_06:00:00,2023-08-02_06:00:00,2023-08-02_06:45:00,34.86137771606445,37.93928146362305,-84.77984619140625,-80.90142822265625,2023-08-02_06:00:00,/mnt/L2_plus/winds_data_products/2023/NEXRAD_20230802_Kingsport-TN-02/wrfout_d04_2023-08-02_060000.nc4,4,4,15.0,1.0,19966241,https://zenodo.org/records/19966241/files/WRF_models_NEXRAD_20230802_Kingsport-TN-02.zip,uploaded,
NEXRAD_20231123_Gunsight-Butte-AZ,33.991066,-110.896376,2023-11-23T02:55:00,/mnt/L2_plus/events_search/NEXRAD_20231123_Gunsight-Butte-AZ/WRF/wrfout_d04_2023-11-22_06:00:00,2023-11-23_02:45:00,2023-11-23_03:15:00,32.26655960083008,35.34278869628906,-112.98953247070312,-109.23966979980469,2023-11-22_06:00:00,/mnt/L2_plus/winds_data_products/2023/NEXRAD_20231123_Gunsight-Butte-AZ/wrfout_d04_2023-11-22_060000.nc4,3,86,15.0,1.0,19966241,https://zenodo.org/records/19966241/files/WRF_models_NEXRAD_20231123_Gunsight-Butte-AZ.zip,uploaded,
NEXRAD_20231123_Gunsight-Butte-AZ,33.991066,-110.896376,2023-11-23T02:55:00,/mnt/L2_plus/events_search/NEXRAD_20231123_Gunsight-Butte-AZ/WRF/wrfout_d04_2023-11-22_12:00:00,2023-11-23_02:45:00,2023-11-23_03:15:00,32.26655960083008,35.34278869628906,-112.98953247070312,-109.23966979980469,2023-11-22_12:00:00,/mnt/L2_plus/winds_data_products/2023/NEXRAD_20231123_Gunsight-Butte-AZ/wrfout_d04_2023-11-22_120000.nc4,3,62,15.0,1.0,19966241,https://zenodo.org/records/19966241/files/WRF_models_NEXRAD_20231123_Gunsight-Butte-AZ.zip,uploaded,
NEXRAD_20231123_Gunsight-Butte-AZ,33.991066,-110.896376,2023-11-23T02:55:00,/mnt/L2_plus/events_search/NEXRAD_20231123_Gunsight-Butte-AZ/WRF/wrfout_d04_2023-11-22_18:00:00,2023-11-23_02:45:00,2023-11-23_03:15:00,32.26655960083008,35.34278869628906,-112.98953247070312,-109.23966979980469,2023-11-22_18:00:00,/mnt/L2_plus/winds_data_products/2023/NEXRAD_20231123_Gunsight-Butte-AZ/wrfout_d04_2023-11-22_180000.nc4,3,38,15.0,1.0,19966241,https://zenodo.org/records/19966241/files/WRF_models_NEXRAD_20231123_Gunsight-Butte-AZ.zip,uploaded,
NEXRAD_20231123_Gunsight-Butte-AZ,33.991066,-110.896376,2023-11-23T02:55:00,/mnt/L2_plus/events_search/NEXRAD_20231123_Gunsight-Butte-AZ/WRF/wrfout_d04_2023-11-23_00:00:00,2023-11-23_02:45:00,2023-11-23_03:15:00,32.26655960083008,35.34278869628906,-112.98953247070312,-109.23966979980469,2023-11-23_00:00:00,/mnt/L2_plus/winds_data_products/2023/NEXRAD_20231123_Gunsight-Butte-AZ/wrfout_d04_2023-11-23_000000.nc4,3,14,15.0,1.0,19966241,https://zenodo.org/records/19966241/files/WRF_models_NEXRAD_20231123_Gunsight-Butte-AZ.zip,uploaded,
NEXRAD_20240308_Naples-FL-Debris-Deorbit,24.273945,-83.179773,2024-03-08T19:29:00,/mnt/L2_plus/events_search/NEXRAD_20240308_Naples-FL-Debris-Deorbit/WRF/wrfout_d04_2024-03-08_06:00:00,2024-03-08_19:15:00,2024-03-08_20:00:00,22.55491065979004,25.625606536865234,-85.07354736328125,-81.68093872070312,2024-03-08_06:00:00,/mnt/L2_plus/winds_data_products/2024/NEXRAD_20240308_Naples-FL-Debris-Deorbit/wrfout_d04_2024-03-08_060000.nc4,4,57,15.0,1.0,19998571,https://zenodo.org/records/19998571/files/WRF_models_NEXRAD_20240308_Naples-FL-Debris-Deorbit.zip,uploaded,
NEXRAD_20240308_Naples-FL-Debris-Deorbit,24.273945,-83.179773,2024-03-08T19:29:00,/mnt/L2_plus/events_search/NEXRAD_20240308_Naples-FL-Debris-Deorbit/WRF/wrfout_d04_2024-03-08_12:00:00,2024-03-08_19:15:00,2024-03-08_20:00:00,22.55491065979004,25.625606536865234,-85.07354736328125,-81.68093872070312,2024-03-08_12:00:00,/mnt/L2_plus/winds_data_products/2024/NEXRAD_20240308_Naples-FL-Debris-Deorbit/wrfout_d04_2024-03-08_120000.nc4,4,33,15.0,1.0,19998571,https://zenodo.org/records/19998571/files/WRF_models_NEXRAD_20240308_Naples-FL-Debris-Deorbit.zip,uploaded,
NEXRAD_20240308_Naples-FL-Debris-Deorbit,24.273945,-83.179773,2024-03-08T19:29:00,/mnt/L2_plus/events_search/NEXRAD_20240308_Naples-FL-Debris-Deorbit/WRF/wrfout_d04_2024-03-08_18:00:00,2024-03-08_19:15:00,2024-03-08_20:00:00,22.55491065979004,25.625606536865234,-85.07354736328125,-81.68093872070312,2024-03-08_18:00:00,/mnt/L2_plus/winds_data_products/2024/NEXRAD_20240308_Naples-FL-Debris-Deorbit/wrfout_d04_2024-03-08_180000.nc4,4,9,15.0,1.0,19998571,https://zenodo.org/records/19998571/files/WRF_models_NEXRAD_20240308_Naples-FL-Debris-Deorbit.zip,uploaded,
NEXRAD_20240417_Clanton-Well-AZ,33.319924,-113.324176,2024-04-17T02:59:00,/mnt/L2_plus/events_search/NEXRAD_20240417_Clanton-Well-AZ/WRF/wrfout_d04_2024-04-16_06:00:00,2024-04-17_02:45:00,2024-04-17_03:30:00,31.595779418945312,34.67158508300781,-115.40022277832031,-111.6810302734375,2024-04-16_06:00:00,/mnt/L2_plus/winds_data_products/2024/NEXRAD_20240417_Clanton-Well-AZ/wrfout_d04_2024-04-16_060000.nc4,4,87,15.0,1.0,19967163,https://zenodo.org/records/19967163/files/WRF_models_NEXRAD_20240417_Clanton-Well-AZ.zip,uploaded,
NEXRAD_20240417_Clanton-Well-AZ,33.319924,-113.324176,2024-04-17T02:59:00,/mnt/L2_plus/events_search/NEXRAD_20240417_Clanton-Well-AZ/WRF/wrfout_d04_2024-04-16_12:00:00,2024-04-17_02:45:00,2024-04-17_03:30:00,31.595779418945312,34.67158508300781,-115.40022277832031,-111.6810302734375,2024-04-16_12:00:00,/mnt/L2_plus/winds_data_products/2024/NEXRAD_20240417_Clanton-Well-AZ/wrfout_d04_2024-04-16_120000.nc4,4,63,15.0,1.0,19967163,https://zenodo.org/records/19967163/files/WRF_models_NEXRAD_20240417_Clanton-Well-AZ.zip,uploaded,
NEXRAD_20240417_Clanton-Well-AZ,33.319924,-113.324176,2024-04-17T02:59:00,/mnt/L2_plus/events_search/NEXRAD_20240417_Clanton-Well-AZ/WRF/wrfout_d04_2024-04-16_18:00:00,2024-04-17_02:45:00,2024-04-17_03:30:00,31.595779418945312,34.67158508300781,-115.40022277832031,-111.6810302734375,2024-04-16_18:00:00,/mnt/L2_plus/winds_data_products/2024/NEXRAD_20240417_Clanton-Well-AZ/wrfout_d04_2024-04-16_180000.nc4,4,39,15.0,1.0,19967163,https://zenodo.org/records/19967163/files/WRF_models_NEXRAD_20240417_Clanton-Well-AZ.zip,uploaded,
NEXRAD_20240417_Clanton-Well-AZ,33.319924,-113.324176,2024-04-17T02:59:00,/mnt/L2_plus/events_search/NEXRAD_20240417_Clanton-Well-AZ/WRF/wrfout_d04_2024-04-17_00:00:00,2024-04-17_02:45:00,2024-04-17_03:30:00,31.595779418945312,34.67158508300781,-115.40022277832031,-111.6810302734375,2024-04-17_00:00:00,/mnt/L2_plus/winds_data_products/2024/NEXRAD_20240417_Clanton-Well-AZ/wrfout_d04_2024-04-17_000000.nc4,4,15,15.0,1.0,19967163,https://zenodo.org/records/19967163/files/WRF_models_NEXRAD_20240417_Clanton-Well-AZ.zip,uploaded,
NEXRAD_20240716_Edison-NJ,40.512663,-74.428437,2024-07-16T15:17:00,/mnt/L2_plus/events_search/NEXRAD_20240716_Edison-NJ/WRF/wrfout_d04_2024-07-15_18:00:00,2024-07-16_15:15:00,2024-07-16_15:45:00,38.783729553222656,41.8643798828125,-76.720947265625,-72.6138916015625,2024-07-15_18:00:00,/mnt/L2_plus/winds_data_products/2024/NEXRAD_20240716_Edison-NJ/wrfout_d04_2024-07-15_180000.nc4,3,88,15.0,1.0,19967163,https://zenodo.org/records/19967163/files/WRF_models_NEXRAD_20240716_Edison-NJ.zip,uploaded,
NEXRAD_20240716_Edison-NJ,40.512663,-74.428437,2024-07-16T15:17:00,/mnt/L2_plus/events_search/NEXRAD_20240716_Edison-NJ/WRF/wrfout_d04_2024-07-16_00:00:00,2024-07-16_15:15:00,2024-07-16_15:45:00,38.783729553222656,41.8643798828125,-76.720947265625,-72.6138916015625,2024-07-16_00:00:00,/mnt/L2_plus/winds_data_products/2024/NEXRAD_20240716_Edison-NJ/wrfout_d04_2024-07-16_000000.nc4,3,64,15.0,1.0,19967163,https://zenodo.org/records/19967163/files/WRF_models_NEXRAD_20240716_Edison-NJ.zip,uploaded,
NEXRAD_20240716_Edison-NJ,40.512663,-74.428437,2024-07-16T15:17:00,/mnt/L2_plus/events_search/NEXRAD_20240716_Edison-NJ/WRF/wrfout_d04_2024-07-16_06:00:00,2024-07-16_15:15:00,2024-07-16_15:45:00,38.783729553222656,41.8643798828125,-76.720947265625,-72.6138916015625,2024-07-16_06:00:00,/mnt/L2_plus/winds_data_products/2024/NEXRAD_20240716_Edison-NJ/wrfout_d04_2024-07-16_060000.nc4,3,40,15.0,1.0,19967163,https://zenodo.org/records/19967163/files/WRF_models_NEXRAD_20240716_Edison-NJ.zip,uploaded,
NEXRAD_20240716_Edison-NJ,40.512663,-74.428437,2024-07-16T15:17:00,/mnt/L2_plus/events_search/NEXRAD_20240716_Edison-NJ/WRF/wrfout_d04_2024-07-16_12:00:00,2024-07-16_15:15:00,2024-07-16_15:45:00,38.783729553222656,41.8643798828125,-76.720947265625,-72.6138916015625,2024-07-16_12:00:00,/mnt/L2_plus/winds_data_products/2024/NEXRAD_20240716_Edison-NJ/wrfout_d04_2024-07-16_120000.nc4,3,16,15.0,1.0,19967163,https://zenodo.org/records/19967163/files/WRF_models_NEXRAD_20240716_Edison-NJ.zip,uploaded,
NEXRAD_20240830_Ingalls-NC,35.95212,-82.00403,2024-08-30T05:14:00,/mnt/L2_plus/events_search/NEXRAD_20240830_Ingalls-NC/WRF/wrfout_d04_2024-08-29_18:00:00,2024-08-30_05:00:00,2024-08-30_05:45:00,34.22636032104492,37.30384063720703,-84.1505126953125,-80.30508422851562,2024-08-29_18:00:00,/mnt/L2_plus/winds_data_products/2024/NEXRAD_20240830_Ingalls-NC/wrfout_d04_2024-08-29_180000.nc4,4,48,15.0,1.0,19967163,https://zenodo.org/records/19967163/files/WRF_models_NEXRAD_20240830_Ingalls-NC.zip,uploaded,
NEXRAD_20240830_Ingalls-NC,35.95212,-82.00403,2024-08-30T05:14:00,/mnt/L2_plus/events_search/NEXRAD_20240830_Ingalls-NC/WRF/wrfout_d04_2024-08-30_00:00:00,2024-08-30_05:00:00,2024-08-30_05:45:00,34.22636032104492,37.30384063720703,-84.1505126953125,-80.30508422851562,2024-08-30_00:00:00,/mnt/L2_plus/winds_data_products/2024/NEXRAD_20240830_Ingalls-NC/wrfout_d04_2024-08-30_000000.nc4,4,24,15.0,1.0,19967163,https://zenodo.org/records/19967163/files/WRF_models_NEXRAD_20240830_Ingalls-NC.zip,uploaded,
NEXRAD_20241202_Pontiac-KS,37.781231,-96.698163,2024-12-02T19:10:00,/mnt/L2_plus/events_search/NEXRAD_20241202_Pontiac-KS/WRF/wrfout_d04_2024-12-02_00:00:00,2024-12-02_19:00:00,2024-12-02_19:30:00,36.054237365722656,39.132957458496094,-98.8992919921875,-94.95599365234375,2024-12-02_00:00:00,/mnt/L2_plus/winds_data_products/2024/NEXRAD_20241202_Pontiac-KS/wrfout_d04_2024-12-02_000000.nc4,3,79,15.0,1.0,19967163,https://zenodo.org/records/19967163/files/WRF_models_NEXRAD_20241202_Pontiac-KS.zip,uploaded,
NEXRAD_20241202_Pontiac-KS,37.781231,-96.698163,2024-12-02T19:10:00,/mnt/L2_plus/events_search/NEXRAD_20241202_Pontiac-KS/WRF/wrfout_d04_2024-12-02_06:00:00,2024-12-02_19:00:00,2024-12-02_19:30:00,36.054237365722656,39.132957458496094,-98.8992919921875,-94.95599365234375,2024-12-02_06:00:00,/mnt/L2_plus/winds_data_products/2024/NEXRAD_20241202_Pontiac-KS/wrfout_d04_2024-12-02_060000.nc4,3,55,15.0,1.0,19967163,https://zenodo.org/records/19967163/files/WRF_models_NEXRAD_20241202_Pontiac-KS.zip,uploaded,
NEXRAD_20241202_Pontiac-KS,37.781231,-96.698163,2024-12-02T19:10:00,/mnt/L2_plus/events_search/NEXRAD_20241202_Pontiac-KS/WRF/wrfout_d04_2024-12-02_12:00:00,2024-12-02_19:00:00,2024-12-02_19:30:00,36.054237365722656,39.132957458496094,-98.8992919921875,-94.95599365234375,2024-12-02_12:00:00,/mnt/L2_plus/winds_data_products/2024/NEXRAD_20241202_Pontiac-KS/wrfout_d04_2024-12-02_120000.nc4,3,31,15.0,1.0,19967163,https://zenodo.org/records/19967163/files/WRF_models_NEXRAD_20241202_Pontiac-KS.zip,uploaded,
NEXRAD_20241202_Pontiac-KS,37.781231,-96.698163,2024-12-02T19:10:00,/mnt/L2_plus/events_search/NEXRAD_20241202_Pontiac-KS/WRF/wrfout_d04_2024-12-02_18:00:00,2024-12-02_19:00:00,2024-12-02_19:30:00,36.054237365722656,39.132957458496094,-98.8992919921875,-94.95599365234375,2024-12-02_18:00:00,/mnt/L2_plus/winds_data_products/2024/NEXRAD_20241202_Pontiac-KS/wrfout_d04_2024-12-02_180000.nc4,3,7,15.0,1.0,19967163,https://zenodo.org/records/19967163/files/WRF_models_NEXRAD_20241202_Pontiac-KS.zip,uploaded,
NEXRAD_20241210_Amo-IN,39.648753,-86.701441,2024-12-10T09:04:00,/mnt/L2_plus/events_search/NEXRAD_20241210_Amo-IN/WRF/wrfout_d04_2024-12-09_12:00:00,2024-12-10_09:00:00,2024-12-10_09:30:00,37.920448303222656,41.00047302246094,-88.963623046875,-84.910888671875,2024-12-09_12:00:00,/mnt/L2_plus/winds_data_products/2024/NEXRAD_20241210_Amo-IN/wrfout_d04_2024-12-09_120000.nc4,3,87,15.0,1.0,19967163,https://zenodo.org/records/19967163/files/WRF_models_NEXRAD_20241210_Amo-IN.zip,uploaded,
NEXRAD_20241210_Amo-IN,39.648753,-86.701441,2024-12-10T09:04:00,/mnt/L2_plus/events_search/NEXRAD_20241210_Amo-IN/WRF/wrfout_d04_2024-12-09_18:00:00,2024-12-10_09:00:00,2024-12-10_09:30:00,37.920448303222656,41.00047302246094,-88.963623046875,-84.910888671875,2024-12-09_18:00:00,/mnt/L2_plus/winds_data_products/2024/NEXRAD_20241210_Amo-IN/wrfout_d04_2024-12-09_180000.nc4,3,63,15.0,1.0,19967163,https://zenodo.org/records/19967163/files/WRF_models_NEXRAD_20241210_Amo-IN.zip,uploaded,
NEXRAD_20241210_Amo-IN,39.648753,-86.701441,2024-12-10T09:04:00,/mnt/L2_plus/events_search/NEXRAD_20241210_Amo-IN/WRF/wrfout_d04_2024-12-10_00:00:00,2024-12-10_09:00:00,2024-12-10_09:30:00,37.920448303222656,41.00047302246094,-88.963623046875,-84.910888671875,2024-12-10_00:00:00,/mnt/L2_plus/winds_data_products/2024/NEXRAD_20241210_Amo-IN/wrfout_d04_2024-12-10_000000.nc4,3,39,15.0,1.0,19967163,https://zenodo.org/records/19967163/files/WRF_models_NEXRAD_20241210_Amo-IN.zip,uploaded,
NEXRAD_20241210_Amo-IN,39.648753,-86.701441,2024-12-10T09:04:00,/mnt/L2_plus/events_search/NEXRAD_20241210_Amo-IN/WRF/wrfout_d04_2024-12-10_06:00:00,2024-12-10_09:00:00,2024-12-10_09:30:00,37.920448303222656,41.00047302246094,-88.963623046875,-84.910888671875,2024-12-10_06:00:00,/mnt/L2_plus/winds_data_products/2024/NEXRAD_20241210_Amo-IN/wrfout_d04_2024-12-10_060000.nc4,3,15,15.0,1.0,19967163,https://zenodo.org/records/19967163/files/WRF_models_NEXRAD_20241210_Amo-IN.zip,uploaded,
NEXRAD_20241222_Gaojing-1-02-De-Orbit,33.820552,-90.310355,2024-12-22T04:08:00,/mnt/L2_plus/events_search/NEXRAD_20241222_Gaojing-1-02-De-Orbit/WRF/wrfout_d04_2024-12-21_12:00:00,2024-12-22_04:00:00,2024-12-22_04:30:00,32.09614562988281,35.17226791381836,-92.39910888671875,-88.65716552734375,2024-12-21_12:00:00,/mnt/L2_plus/winds_data_products/2024/NEXRAD_20241222_Gaojing-1-02-De-Orbit/wrfout_d04_2024-12-21_120000.nc4,3,67,15.0,1.0,19998571,https://zenodo.org/records/19998571/files/WRF_models_NEXRAD_20241222_Gaojing-1-02-De-Orbit.zip,uploaded,
NEXRAD_20241222_Gaojing-1-02-De-Orbit,33.820552,-90.310355,2024-12-22T04:08:00,/mnt/L2_plus/events_search/NEXRAD_20241222_Gaojing-1-02-De-Orbit/WRF/wrfout_d04_2024-12-21_18:00:00,2024-12-22_04:00:00,2024-12-22_04:30:00,32.09614562988281,35.17226791381836,-92.39910888671875,-88.65716552734375,2024-12-21_18:00:00,/mnt/L2_plus/winds_data_products/2024/NEXRAD_20241222_Gaojing-1-02-De-Orbit/wrfout_d04_2024-12-21_180000.nc4,3,43,15.0,1.0,19998571,https://zenodo.org/records/19998571/files/WRF_models_NEXRAD_20241222_Gaojing-1-02-De-Orbit.zip,uploaded,
NEXRAD_20241222_Gaojing-1-02-De-Orbit,33.820552,-90.310355,2024-12-22T04:08:00,/mnt/L2_plus/events_search/NEXRAD_20241222_Gaojing-1-02-De-Orbit/WRF/wrfout_d04_2024-12-22_00:00:00,2024-12-22_04:00:00,2024-12-22_04:30:00,32.09614562988281,35.17226791381836,-92.39910888671875,-88.65716552734375,2024-12-22_00:00:00,/mnt/L2_plus/winds_data_products/2024/NEXRAD_20241222_Gaojing-1-02-De-Orbit/wrfout_d04_2024-12-22_000000.nc4,3,19,15.0,1.0,19998571,https://zenodo.org/records/19998571/files/WRF_models_NEXRAD_20241222_Gaojing-1-02-De-Orbit.zip,uploaded,
NEXRAD_20250221_Codyville-ME,45.463787,-67.822154,2025-02-21T01:05:00,/mnt/L2_plus/events_search/NEXRAD_20250221_Codyville-ME/WRF/wrfout_d04_2025-02-20_06:00:00,2025-02-21_01:00:00,2025-02-21_01:30:00,43.73094940185547,46.81554412841797,-70.31680297851562,-65.8475341796875,2025-02-20_06:00:00,/mnt/L2_plus/winds_data_products/2025/NEXRAD_20250221_Codyville-ME/wrfout_d04_2025-02-20_060000.nc4,3,79,15.0,1.0,19967974,https://zenodo.org/records/19967974/files/WRF_models_NEXRAD_20250221_Codyville-ME.zip,uploaded,
NEXRAD_20250221_Codyville-ME,45.463787,-67.822154,2025-02-21T01:05:00,/mnt/L2_plus/events_search/NEXRAD_20250221_Codyville-ME/WRF/wrfout_d04_2025-02-20_12:00:00,2025-02-21_01:00:00,2025-02-21_01:30:00,43.73094940185547,46.81554412841797,-70.31680297851562,-65.8475341796875,2025-02-20_12:00:00,/mnt/L2_plus/winds_data_products/2025/NEXRAD_20250221_Codyville-ME/wrfout_d04_2025-02-20_120000.nc4,3,55,15.0,1.0,19967974,https://zenodo.org/records/19967974/files/WRF_models_NEXRAD_20250221_Codyville-ME.zip,uploaded,
NEXRAD_20250221_Codyville-ME,45.463787,-67.822154,2025-02-21T01:05:00,/mnt/L2_plus/events_search/NEXRAD_20250221_Codyville-ME/WRF/wrfout_d04_2025-02-20_18:00:00,2025-02-21_01:00:00,2025-02-21_01:30:00,43.73094940185547,46.81554412841797,-70.31680297851562,-65.8475341796875,2025-02-20_18:00:00,/mnt/L2_plus/winds_data_products/2025/NEXRAD_20250221_Codyville-ME/wrfout_d04_2025-02-20_180000.nc4,3,31,15.0,1.0,19967974,https://zenodo.org/records/19967974/files/WRF_models_NEXRAD_20250221_Codyville-ME.zip,uploaded,
NEXRAD_20250221_Codyville-ME,45.463787,-67.822154,2025-02-21T01:05:00,/mnt/L2_plus/events_search/NEXRAD_20250221_Codyville-ME/WRF/wrfout_d04_2025-02-21_00:00:00,2025-02-21_01:00:00,2025-02-21_01:30:00,43.73094940185547,46.81554412841797,-70.31680297851562,-65.8475341796875,2025-02-21_00:00:00,/mnt/L2_plus/winds_data_products/2025/NEXRAD_20250221_Codyville-ME/wrfout_d04_2025-02-21_000000.nc4,3,7,15.0,1.0,19967974,https://zenodo.org/records/19967974/files/WRF_models_NEXRAD_20250221_Codyville-ME.zip,uploaded,
NEXRAD_20250318_Muses-Mills-KY,38.35011,-83.547775,2025-03-18T03:23:00,/mnt/L2_plus/events_search/NEXRAD_20250318_Muses-Mills-KY/WRF/wrfout_d04_2025-03-17_06:00:00,2025-03-18_03:15:00,2025-03-18_03:45:00,36.62273406982422,39.70183563232422,-85.76693725585938,-81.79132080078125,2025-03-17_06:00:00,/mnt/L2_plus/winds_data_products/2025/NEXRAD_20250318_Muses-Mills-KY/wrfout_d04_2025-03-17_060000.nc4,3,88,15.0,1.0,19967974,https://zenodo.org/records/19967974/files/WRF_models_NEXRAD_20250318_Muses-Mills-KY.zip,uploaded,
NEXRAD_20250318_Muses-Mills-KY,38.35011,-83.547775,2025-03-18T03:23:00,/mnt/L2_plus/events_search/NEXRAD_20250318_Muses-Mills-KY/WRF/wrfout_d04_2025-03-17_12:00:00,2025-03-18_03:15:00,2025-03-18_03:45:00,36.62273406982422,39.70183563232422,-85.76693725585938,-81.79132080078125,2025-03-17_12:00:00,/mnt/L2_plus/winds_data_products/2025/NEXRAD_20250318_Muses-Mills-KY/wrfout_d04_2025-03-17_120000.nc4,3,64,15.0,1.0,19967974,https://zenodo.org/records/19967974/files/WRF_models_NEXRAD_20250318_Muses-Mills-KY.zip,uploaded,
NEXRAD_20250318_Muses-Mills-KY,38.35011,-83.547775,2025-03-18T03:23:00,/mnt/L2_plus/events_search/NEXRAD_20250318_Muses-Mills-KY/WRF/wrfout_d04_2025-03-17_18:00:00,2025-03-18_03:15:00,2025-03-18_03:45:00,36.62273406982422,39.70183563232422,-85.76693725585938,-81.79132080078125,2025-03-17_18:00:00,/mnt/L2_plus/winds_data_products/2025/NEXRAD_20250318_Muses-Mills-KY/wrfout_d04_2025-03-17_180000.nc4,3,40,15.0,1.0,19967974,https://zenodo.org/records/19967974/files/WRF_models_NEXRAD_20250318_Muses-Mills-KY.zip,uploaded,
NEXRAD_20250318_Muses-Mills-KY,38.35011,-83.547775,2025-03-18T03:23:00,/mnt/L2_plus/events_search/NEXRAD_20250318_Muses-Mills-KY/WRF/wrfout_d04_2025-03-18_00:00:00,2025-03-18_03:15:00,2025-03-18_03:45:00,36.62273406982422,39.70183563232422,-85.76693725585938,-81.79132080078125,2025-03-18_00:00:00,/mnt/L2_plus/winds_data_products/2025/NEXRAD_20250318_Muses-Mills-KY/wrfout_d04_2025-03-18_000000.nc4,3,16,15.0,1.0,19967974,https://zenodo.org/records/19967974/files/WRF_models_NEXRAD_20250318_Muses-Mills-KY.zip,uploaded,
NEXRAD_20250424_Whitefish-Lake-AK,61.0389,-154.119973,2025-04-24T18:30:00,/mnt/L2_plus/events_search/NEXRAD_20250424_Whitefish-Lake-AK/WRF/wrfout_d04_2025-04-24_18:00:00,2025-04-24_18:15:00,2025-04-24_19:00:00,59.28738021850586,62.390846252441406,-157.8017120361328,-151.20494079589844,2025-04-24_18:00:00,/mnt/L2_plus/winds_data_products/2025/NEXRAD_20250424_Whitefish-Lake-AK/wrfout_d04_2025-04-24_180000.nc4,4,5,15.0,1.0,19967974,https://zenodo.org/records/19967974/files/WRF_models_NEXRAD_20250424_Whitefish-Lake-AK.zip,uploaded,
NEXRAD_20250624_La-Petite-Belgique-Quebec,46.280013,-72.018,2025-06-24T07:56:00,/mnt/L2_plus/events_search/NEXRAD_20250624_La-Petite-Belgique-Quebec/WRF/wrfout_d04_2025-06-23_12:00:00,2025-06-24_07:45:00,2025-06-24_08:30:00,44.54646682739258,47.631778717041016,-74.55133056640625,-70.01275634765625,2025-06-23_12:00:00,/mnt/L2_plus/winds_data_products/2025/NEXRAD_20250624_La-Petite-Belgique-Quebec/wrfout_d04_2025-06-23_120000.nc4,4,83,15.0,1.0,19967974,https://zenodo.org/records/19967974/files/WRF_models_NEXRAD_20250624_La-Petite-Belgique-Quebec.zip,uploaded,
NEXRAD_20250624_La-Petite-Belgique-Quebec,46.280013,-72.018,2025-06-24T07:56:00,/mnt/L2_plus/events_search/NEXRAD_20250624_La-Petite-Belgique-Quebec/WRF/wrfout_d04_2025-06-23_18:00:00,2025-06-24_07:45:00,2025-06-24_08:30:00,44.54646682739258,47.631778717041016,-74.55133056640625,-70.01275634765625,2025-06-23_18:00:00,/mnt/L2_plus/winds_data_products/2025/NEXRAD_20250624_La-Petite-Belgique-Quebec/wrfout_d04_2025-06-23_180000.nc4,4,59,15.0,1.0,19967974,https://zenodo.org/records/19967974/files/WRF_models_NEXRAD_20250624_La-Petite-Belgique-Quebec.zip,uploaded,
NEXRAD_20250624_La-Petite-Belgique-Quebec,46.280013,-72.018,2025-06-24T07:56:00,/mnt/L2_plus/events_search/NEXRAD_20250624_La-Petite-Belgique-Quebec/WRF/wrfout_d04_2025-06-24_00:00:00,2025-06-24_07:45:00,2025-06-24_08:30:00,44.54646682739258,47.631778717041016,-74.55133056640625,-70.01275634765625,2025-06-24_00:00:00,/mnt/L2_plus/winds_data_products/2025/NEXRAD_20250624_La-Petite-Belgique-Quebec/wrfout_d04_2025-06-24_000000.nc4,4,35,15.0,1.0,19967974,https://zenodo.org/records/19967974/files/WRF_models_NEXRAD_20250624_La-Petite-Belgique-Quebec.zip,uploaded,
NEXRAD_20250624_La-Petite-Belgique-Quebec,46.280013,-72.018,2025-06-24T07:56:00,/mnt/L2_plus/events_search/NEXRAD_20250624_La-Petite-Belgique-Quebec/WRF/wrfout_d04_2025-06-24_06:00:00,2025-06-24_07:45:00,2025-06-24_08:30:00,44.54646682739258,47.631778717041016,-74.55133056640625,-70.01275634765625,2025-06-24_06:00:00,/mnt/L2_plus/winds_data_products/2025/NEXRAD_20250624_La-Petite-Belgique-Quebec/wrfout_d04_2025-06-24_060000.nc4,4,11,15.0,1.0,19967974,https://zenodo.org/records/19967974/files/WRF_models_NEXRAD_20250624_La-Petite-Belgique-Quebec.zip,uploaded,
NEXRAD_20250626_Mcdonough-GA,33.395741,-84.204474,2025-06-26T16:24:00,/mnt/L2_plus/events_search/NEXRAD_20250626_Mcdonough-GA/WRF/wrfout_d04_2025-06-25_18:00:00,2025-06-26_16:15:00,2025-06-26_16:45:00,31.671560287475586,34.7474250793457,-86.28244018554688,-82.559814453125,2025-06-25_18:00:00,/mnt/L2_plus/winds_data_products/2025/NEXRAD_20250626_Mcdonough-GA/wrfout_d04_2025-06-25_180000.nc4,3,92,15.0,1.0,19967974,https://zenodo.org/records/19967974/files/WRF_models_NEXRAD_20250626_Mcdonough-GA.zip,uploaded,
NEXRAD_20250626_Mcdonough-GA,33.395741,-84.204474,2025-06-26T16:24:00,/mnt/L2_plus/events_search/NEXRAD_20250626_Mcdonough-GA/WRF/wrfout_d04_2025-06-26_00:00:00,2025-06-26_16:15:00,2025-06-26_16:45:00,31.671560287475586,34.7474250793457,-86.28244018554688,-82.559814453125,2025-06-26_00:00:00,/mnt/L2_plus/winds_data_products/2025/NEXRAD_20250626_Mcdonough-GA/wrfout_d04_2025-06-26_000000.nc4,3,68,15.0,1.0,19967974,https://zenodo.org/records/19967974/files/WRF_models_NEXRAD_20250626_Mcdonough-GA.zip,uploaded,
NEXRAD_20250626_Mcdonough-GA,33.395741,-84.204474,2025-06-26T16:24:00,/mnt/L2_plus/events_search/NEXRAD_20250626_Mcdonough-GA/WRF/wrfout_d04_2025-06-26_06:00:00,2025-06-26_16:15:00,2025-06-26_16:45:00,31.671560287475586,34.7474250793457,-86.28244018554688,-82.559814453125,2025-06-26_06:00:00,/mnt/L2_plus/winds_data_products/2025/NEXRAD_20250626_Mcdonough-GA/wrfout_d04_2025-06-26_060000.nc4,3,44,15.0,1.0,19967974,https://zenodo.org/records/19967974/files/WRF_models_NEXRAD_20250626_Mcdonough-GA.zip,uploaded,
NEXRAD_20250626_Mcdonough-GA,33.395741,-84.204474,2025-06-26T16:24:00,/mnt/L2_plus/events_search/NEXRAD_20250626_Mcdonough-GA/WRF/wrfout_d04_2025-06-26_12:00:00,2025-06-26_16:15:00,2025-06-26_16:45:00,31.671560287475586,34.7474250793457,-86.28244018554688,-82.559814453125,2025-06-26_12:00:00,/mnt/L2_plus/winds_data_products/2025/NEXRAD_20250626_Mcdonough-GA/wrfout_d04_2025-06-26_120000.nc4,3,20,15.0,1.0,19967974,https://zenodo.org/records/19967974/files/WRF_models_NEXRAD_20250626_Mcdonough-GA.zip,uploaded,
NEXRAD_20250817_Gateway-AR,36.470542,-93.901816,2025-08-17T01:35:00,/mnt/L2_plus/events_search/NEXRAD_20250817_Gateway-AR/WRF/wrfout_d04_2025-08-16_06:00:00,2025-08-17_01:30:00,2025-08-17_02:00:00,34.744441986083984,37.822261810302734,-96.06329345703125,-92.1910400390625,2025-08-16_06:00:00,/mnt/L2_plus/winds_data_products/2025/NEXRAD_20250817_Gateway-AR/wrfout_d04_2025-08-16_060000.nc4,3,81,15.0,1.0,19967974,https://zenodo.org/records/19967974/files/WRF_models_NEXRAD_20250817_Gateway-AR.zip,uploaded,
NEXRAD_20250817_Gateway-AR,36.470542,-93.901816,2025-08-17T01:35:00,/mnt/L2_plus/events_search/NEXRAD_20250817_Gateway-AR/WRF/wrfout_d04_2025-08-16_12:00:00,2025-08-17_01:30:00,2025-08-17_02:00:00,34.744441986083984,37.822261810302734,-96.06329345703125,-92.1910400390625,2025-08-16_12:00:00,/mnt/L2_plus/winds_data_products/2025/NEXRAD_20250817_Gateway-AR/wrfout_d04_2025-08-16_120000.nc4,3,57,15.0,1.0,19967974,https://zenodo.org/records/19967974/files/WRF_models_NEXRAD_20250817_Gateway-AR.zip,uploaded,
NEXRAD_20250817_Gateway-AR,36.470542,-93.901816,2025-08-17T01:35:00,/mnt/L2_plus/events_search/NEXRAD_20250817_Gateway-AR/WRF/wrfout_d04_2025-08-16_18:00:00,2025-08-17_01:30:00,2025-08-17_02:00:00,34.744441986083984,37.822261810302734,-96.06329345703125,-92.1910400390625,2025-08-16_18:00:00,/mnt/L2_plus/winds_data_products/2025/NEXRAD_20250817_Gateway-AR/wrfout_d04_2025-08-16_180000.nc4,3,33,15.0,1.0,19967974,https://zenodo.org/records/19967974/files/WRF_models_NEXRAD_20250817_Gateway-AR.zip,uploaded,
NEXRAD_20250817_Gateway-AR,36.470542,-93.901816,2025-08-17T01:35:00,/mnt/L2_plus/events_search/NEXRAD_20250817_Gateway-AR/WRF/wrfout_d04_2025-08-17_00:00:00,2025-08-17_01:30:00,2025-08-17_02:00:00,34.744441986083984,37.822261810302734,-96.06329345703125,-92.1910400390625,2025-08-17_00:00:00,/mnt/L2_plus/winds_data_products/2025/NEXRAD_20250817_Gateway-AR/wrfout_d04_2025-08-17_000000.nc4,3,9,15.0,1.0,19967974,https://zenodo.org/records/19967974/files/WRF_models_NEXRAD_20250817_Gateway-AR.zip,uploaded,
NEXRAD_20251106_Pebble-AL,34.353008,-87.53902,2025-11-06T06:40:00,/mnt/L2_plus/events_search/NEXRAD_20251106_Pebble-AL/WRF/wrfout_d04_2025-11-05_12:00:00,2025-11-06_06:30:00,2025-11-06_07:00:00,32.62825012207031,35.704715728759766,-89.64163208007812,-85.87478637695312,2025-11-05_12:00:00,/mnt/L2_plus/winds_data_products/2025/NEXRAD_20251106_Pebble-AL/wrfout_d04_2025-11-05_120000.nc4,3,77,15.0,1.0,19967974,https://zenodo.org/records/19967974/files/WRF_models_NEXRAD_20251106_Pebble-AL.zip,uploaded,
NEXRAD_20251106_Pebble-AL,34.353008,-87.53902,2025-11-06T06:40:00,/mnt/L2_plus/events_search/NEXRAD_20251106_Pebble-AL/WRF/wrfout_d04_2025-11-05_18:00:00,2025-11-06_06:30:00,2025-11-06_07:00:00,32.62825012207031,35.704715728759766,-89.64163208007812,-85.87478637695312,2025-11-05_18:00:00,/mnt/L2_plus/winds_data_products/2025/NEXRAD_20251106_Pebble-AL/wrfout_d04_2025-11-05_180000.nc4,3,53,15.0,1.0,19967974,https://zenodo.org/records/19967974/files/WRF_models_NEXRAD_20251106_Pebble-AL.zip,uploaded,
NEXRAD_20251106_Pebble-AL,34.353008,-87.53902,2025-11-06T06:40:00,/mnt/L2_plus/events_search/NEXRAD_20251106_Pebble-AL/WRF/wrfout_d04_2025-11-06_00:00:00,2025-11-06_06:30:00,2025-11-06_07:00:00,32.62825012207031,35.704715728759766,-89.64163208007812,-85.87478637695312,2025-11-06_00:00:00,/mnt/L2_plus/winds_data_products/2025/NEXRAD_20251106_Pebble-AL/wrfout_d04_2025-11-06_000000.nc4,3,29,15.0,1.0,19967974,https://zenodo.org/records/19967974/files/WRF_models_NEXRAD_20251106_Pebble-AL.zip,uploaded,
NEXRAD_20251106_Pebble-AL,34.353008,-87.53902,2025-11-06T06:40:00,/mnt/L2_plus/events_search/NEXRAD_20251106_Pebble-AL/WRF/wrfout_d04_2025-11-06_06:00:00,2025-11-06_06:30:00,2025-11-06_07:00:00,32.62825012207031,35.704715728759766,-89.64163208007812,-85.87478637695312,2025-11-06_06:00:00,/mnt/L2_plus/winds_data_products/2025/NEXRAD_20251106_Pebble-AL/wrfout_d04_2025-11-06_060000.nc4,3,5,15.0,1.0,19967974,https://zenodo.org/records/19967974/files/WRF_models_NEXRAD_20251106_Pebble-AL.zip,uploaded,
NEXRAD_20260124_Cz-4c-Rocket-Body-Re-Entry-Minnesota,46.62914,-93.23138,2026-01-24T06:20:00,/mnt/L2_plus/events_search/NEXRAD_20260124_Cz-4c-Rocket-Body-Re-Entry-Minnesota/WRF/wrfout_d04_2026-01-23_12:00:00,2026-01-24_06:15:00,2026-01-24_06:45:00,44.895286560058594,47.98091125488281,-95.78170776367188,-91.212646484375,2026-01-23_12:00:00,/mnt/L2_plus/winds_data_products/2026/NEXRAD_20260124_Cz-4c-Rocket-Body-Re-Entry-Minnesota/wrfout_d04_2026-01-23_120000.nc4,3,76,15.0,1.0,19998571,https://zenodo.org/records/19998571/files/WRF_models_NEXRAD_20260124_Cz-4c-Rocket-Body-Re-Entry-Minnesota.zip,uploaded,
NEXRAD_20260124_Cz-4c-Rocket-Body-Re-Entry-Minnesota,46.62914,-93.23138,2026-01-24T06:20:00,/mnt/L2_plus/events_search/NEXRAD_20260124_Cz-4c-Rocket-Body-Re-Entry-Minnesota/WRF/wrfout_d04_2026-01-23_18:00:00,2026-01-24_06:15:00,2026-01-24_06:45:00,44.895286560058594,47.98091125488281,-95.78170776367188,-91.212646484375,2026-01-23_18:00:00,/mnt/L2_plus/winds_data_products/2026/NEXRAD_20260124_Cz-4c-Rocket-Body-Re-Entry-Minnesota/wrfout_d04_2026-01-23_180000.nc4,3,52,15.0,1.0,19998571,https://zenodo.org/records/19998571/files/WRF_models_NEXRAD_20260124_Cz-4c-Rocket-Body-Re-Entry-Minnesota.zip,uploaded,
NEXRAD_20260124_Cz-4c-Rocket-Body-Re-Entry-Minnesota,46.62914,-93.23138,2026-01-24T06:20:00,/mnt/L2_plus/events_search/NEXRAD_20260124_Cz-4c-Rocket-Body-Re-Entry-Minnesota/WRF/wrfout_d04_2026-01-24_00:00:00,2026-01-24_06:15:00,2026-01-24_06:45:00,44.895286560058594,47.98091125488281,-95.78170776367188,-91.212646484375,2026-01-24_00:00:00,/mnt/L2_plus/winds_data_products/2026/NEXRAD_20260124_Cz-4c-Rocket-Body-Re-Entry-Minnesota/wrfout_d04_2026-01-24_000000.nc4,3,28,15.0,1.0,19998571,https://zenodo.org/records/19998571/files/WRF_models_NEXRAD_20260124_Cz-4c-Rocket-Body-Re-Entry-Minnesota.zip,uploaded,
NEXRAD_20260124_Cz-4c-Rocket-Body-Re-Entry-Minnesota,46.62914,-93.23138,2026-01-24T06:20:00,/mnt/L2_plus/events_search/NEXRAD_20260124_Cz-4c-Rocket-Body-Re-Entry-Minnesota/WRF/wrfout_d04_2026-01-24_06:00:00,2026-01-24_06:15:00,2026-01-24_06:45:00,44.895286560058594,47.98091125488281,-95.78170776367188,-91.212646484375,2026-01-24_06:00:00,/mnt/L2_plus/winds_data_products/2026/NEXRAD_20260124_Cz-4c-Rocket-Body-Re-Entry-Minnesota/wrfout_d04_2026-01-24_060000.nc4,3,4,15.0,1.0,19998571,https://zenodo.org/records/19998571/files/WRF_models_NEXRAD_20260124_Cz-4c-Rocket-Body-Re-Entry-Minnesota.zip,uploaded,
NEXRAD_20260317_Windfall-OH,41.057158,-81.800047,2026-03-17T12:56:00,/mnt/L2_plus/events_search/NEXRAD_20260317_Windfall-OH/WRF/wrfout_d04_2026-03-16_18:00:00,2026-03-17_12:45:00,2026-03-17_13:30:00,39.327842712402344,42.408912658691406,-84.11239624023438,-79.96981811523438,2026-03-16_18:00:00,/mnt/L2_plus/winds_data_products/2026/NEXRAD_20260317_Windfall-OH/wrfout_d04_2026-03-16_180000.nc4,4,79,15.0,1.0,19968956,https://zenodo.org/records/19968956/files/WRF_models_NEXRAD_20260317_Windfall-OH.zip,uploaded,
NEXRAD_20260317_Windfall-OH,41.057158,-81.800047,2026-03-17T12:56:00,/mnt/L2_plus/events_search/NEXRAD_20260317_Windfall-OH/WRF/wrfout_d04_2026-03-17_00:00:00,2026-03-17_12:45:00,2026-03-17_13:30:00,39.327842712402344,42.408912658691406,-84.11239624023438,-79.96981811523438,2026-03-17_00:00:00,/mnt/L2_plus/winds_data_products/2026/NEXRAD_20260317_Windfall-OH/wrfout_d04_2026-03-17_000000.nc4,4,55,15.0,1.0,19968956,https://zenodo.org/records/19968956/files/WRF_models_NEXRAD_20260317_Windfall-OH.zip,uploaded,
NEXRAD_20260317_Windfall-OH,41.057158,-81.800047,2026-03-17T12:56:00,/mnt/L2_plus/events_search/NEXRAD_20260317_Windfall-OH/WRF/wrfout_d04_2026-03-17_06:00:00,2026-03-17_12:45:00,2026-03-17_13:30:00,39.327842712402344,42.408912658691406,-84.11239624023438,-79.96981811523438,2026-03-17_06:00:00,/mnt/L2_plus/winds_data_products/2026/NEXRAD_20260317_Windfall-OH/wrfout_d04_2026-03-17_060000.nc4,4,31,15.0,1.0,19968956,https://zenodo.org/records/19968956/files/WRF_models_NEXRAD_20260317_Windfall-OH.zip,uploaded,
NEXRAD_20260317_Windfall-OH,41.057158,-81.800047,2026-03-17T12:56:00,/mnt/L2_plus/events_search/NEXRAD_20260317_Windfall-OH/WRF/wrfout_d04_2026-03-17_12:00:00,2026-03-17_12:45:00,2026-03-17_13:30:00,39.327842712402344,42.408912658691406,-84.11239624023438,-79.96981811523438,2026-03-17_12:00:00,/mnt/L2_plus/winds_data_products/2026/NEXRAD_20260317_Windfall-OH/wrfout_d04_2026-03-17_120000.nc4,4,7,15.0,1.0,19968956,https://zenodo.org/records/19968956/files/WRF_models_NEXRAD_20260317_Windfall-OH.zip,uploaded,
NEXRAD_20260321_Houston-TX,30.048492,-95.47391,2026-03-21T21:40:00,/mnt/L2_plus/events_search/NEXRAD_20260321_Houston-TX/WRF/wrfout_d04_2026-03-21_00:00:00,2026-03-21_21:30:00,2026-03-21_22:00:00,28.326311111450195,31.400169372558594,-97.4742431640625,-93.89068603515625,2026-03-21_00:00:00,/mnt/L2_plus/winds_data_products/2026/NEXRAD_20260321_Houston-TX/wrfout_d04_2026-03-21_000000.nc4,3,89,15.0,1.0,19968956,https://zenodo.org/records/19968956/files/WRF_models_NEXRAD_20260321_Houston-TX.zip,uploaded,
NEXRAD_20260321_Houston-TX,30.048492,-95.47391,2026-03-21T21:40:00,/mnt/L2_plus/events_search/NEXRAD_20260321_Houston-TX/WRF/wrfout_d04_2026-03-21_06:00:00,2026-03-21_21:30:00,2026-03-21_22:00:00,28.326311111450195,31.400169372558594,-97.4742431640625,-93.89068603515625,2026-03-21_06:00:00,/mnt/L2_plus/winds_data_products/2026/NEXRAD_20260321_Houston-TX/wrfout_d04_2026-03-21_060000.nc4,3,65,15.0,1.0,19968956,https://zenodo.org/records/19968956/files/WRF_models_NEXRAD_20260321_Houston-TX.zip,uploaded,
NEXRAD_20260321_Houston-TX,30.048492,-95.47391,2026-03-21T21:40:00,/mnt/L2_plus/events_search/NEXRAD_20260321_Houston-TX/WRF/wrfout_d04_2026-03-21_12:00:00,2026-03-21_21:30:00,2026-03-21_22:00:00,28.326311111450195,31.400169372558594,-97.4742431640625,-93.89068603515625,2026-03-21_12:00:00,/mnt/L2_plus/winds_data_products/2026/NEXRAD_20260321_Houston-TX/wrfout_d04_2026-03-21_120000.nc4,3,41,15.0,1.0,19968956,https://zenodo.org/records/19968956/files/WRF_models_NEXRAD_20260321_Houston-TX.zip,uploaded,
NEXRAD_20260321_Houston-TX,30.048492,-95.47391,2026-03-21T21:40:00,/mnt/L2_plus/events_search/NEXRAD_20260321_Houston-TX/WRF/wrfout_d04_2026-03-21_18:00:00,2026-03-21_21:30:00,2026-03-21_22:00:00,28.326311111450195,31.400169372558594,-97.4742431640625,-93.89068603515625,2026-03-21_18:00:00,/mnt/L2_plus/winds_data_products/2026/NEXRAD_20260321_Houston-TX/wrfout_d04_2026-03-21_180000.nc4,3,17,15.0,1.0,19968956,https://zenodo.org/records/19968956/files/WRF_models_NEXRAD_20260321_Houston-TX.zip,uploaded,
NEXRAD_20260410_Artemis-II-Splashdown,32.4175,-117.707,2026-04-10T00:07:00,/mnt/L2_plus/events_search/NEXRAD_20260410_Artemis-II-Splashdown/WRF/wrfout_d04_2026-04-09_06:00:00,2026-04-10_00:00:00,2026-04-10_00:30:00,30.69394874572754,33.76920700073242,-119.76094055175781,-116.08135986328125,2026-04-09_06:00:00,/mnt/L2_plus/winds_data_products/2026/NEXRAD_20260410_Artemis-II-Splashdown/wrfout_d04_2026-04-09_060000.nc4,3,75,15.0,1.0,19998571,https://zenodo.org/records/19998571/files/WRF_models_NEXRAD_20260410_Artemis-II-Splashdown.zip,uploaded,
NEXRAD_20260410_Artemis-II-Splashdown,32.4175,-117.707,2026-04-10T00:07:00,/mnt/L2_plus/events_search/NEXRAD_20260410_Artemis-II-Splashdown/WRF/wrfout_d04_2026-04-09_12:00:00,2026-04-10_00:00:00,2026-04-10_00:30:00,30.69394874572754,33.76920700073242,-119.76094055175781,-116.08135986328125,2026-04-09_12:00:00,/mnt/L2_plus/winds_data_products/2026/NEXRAD_20260410_Artemis-II-Splashdown/wrfout_d04_2026-04-09_120000.nc4,3,51,15.0,1.0,19998571,https://zenodo.org/records/19998571/files/WRF_models_NEXRAD_20260410_Artemis-II-Splashdown.zip,uploaded,
NEXRAD_20260410_Artemis-II-Splashdown,32.4175,-117.707,2026-04-10T00:07:00,/mnt/L2_plus/events_search/NEXRAD_20260410_Artemis-II-Splashdown/WRF/wrfout_d04_2026-04-09_18:00:00,2026-04-10_00:00:00,2026-04-10_00:30:00,30.69394874572754,33.76920700073242,-119.76094055175781,-116.08135986328125,2026-04-09_18:00:00,/mnt/L2_plus/winds_data_products/2026/NEXRAD_20260410_Artemis-II-Splashdown/wrfout_d04_2026-04-09_180000.nc4,3,27,15.0,1.0,19998571,https://zenodo.org/records/19998571/files/WRF_models_NEXRAD_20260410_Artemis-II-Splashdown.zip,uploaded,
NEXRAD_20260410_Artemis-II-Splashdown,32.4175,-117.707,2026-04-10T00:07:00,/mnt/L2_plus/events_search/NEXRAD_20260410_Artemis-II-Splashdown/WRF/wrfout_d04_2026-04-10_00:00:00,2026-04-10_00:00:00,2026-04-10_00:30:00,30.69394874572754,33.76920700073242,-119.76094055175781,-116.08135986328125,2026-04-10_00:00:00,/mnt/L2_plus/winds_data_products/2026/NEXRAD_20260410_Artemis-II-Splashdown/wrfout_d04_2026-04-10_000000.nc4,3,3,15.0,1.0,19998571,https://zenodo.org/records/19998571/files/WRF_models_NEXRAD_20260410_Artemis-II-Splashdown.zip,uploaded,
NEXRAD_20190201_Vinales-Cuba,22.613415,-83.7129,2019-02-01T18:17:00,/mnt/L2_plus/events_search/NEXRAD_20190201_Vinales-Cuba/WRF/wrfout_d04_2019-02-01_00:00:00,2019-02-01_18:15:00,2019-02-01_18:45:00,20.89525032043457,23.965078353881836,-85.58145141601562,-82.2340087890625,2019-02-01_00:00:00,/mnt/L2_plus/winds_data_products/2019/NEXRAD_20190201_Vinales-Cuba/wrfout_d04_2019-02-01_000000.nc4,3,76,15.0,1.0,19971297,https://zenodo.org/records/19971297/files/WRF_models_NEXRAD_20190201_Vinales-Cuba.zip,uploaded,
NEXRAD_20190201_Vinales-Cuba,22.613415,-83.7129,2019-02-01T18:17:00,/mnt/L2_plus/events_search/NEXRAD_20190201_Vinales-Cuba/WRF/wrfout_d04_2019-02-01_06:00:00,2019-02-01_18:15:00,2019-02-01_18:45:00,20.89525032043457,23.965078353881836,-85.58145141601562,-82.2340087890625,2019-02-01_06:00:00,/mnt/L2_plus/winds_data_products/2019/NEXRAD_20190201_Vinales-Cuba/wrfout_d04_2019-02-01_060000.nc4,3,52,15.0,1.0,19971297,https://zenodo.org/records/19971297/files/WRF_models_NEXRAD_20190201_Vinales-Cuba.zip,uploaded,
NEXRAD_20190201_Vinales-Cuba,22.613415,-83.7129,2019-02-01T18:17:00,/mnt/L2_plus/events_search/NEXRAD_20190201_Vinales-Cuba/WRF/wrfout_d04_2019-02-01_12:00:00,2019-02-01_18:15:00,2019-02-01_18:45:00,20.89525032043457,23.965078353881836,-85.58145141601562,-82.2340087890625,2019-02-01_12:00:00,/mnt/L2_plus/winds_data_products/2019/NEXRAD_20190201_Vinales-Cuba/wrfout_d04_2019-02-01_120000.nc4,3,28,15.0,1.0,19971297,https://zenodo.org/records/19971297/files/WRF_models_NEXRAD_20190201_Vinales-Cuba.zip,uploaded,
NEXRAD_20190201_Vinales-Cuba,22.613415,-83.7129,2019-02-01T18:17:00,/mnt/L2_plus/events_search/NEXRAD_20190201_Vinales-Cuba/WRF/wrfout_d04_2019-02-01_18:00:00,2019-02-01_18:15:00,2019-02-01_18:45:00,20.89525032043457,23.965078353881836,-85.58145141601562,-82.2340087890625,2019-02-01_18:00:00,/mnt/L2_plus/winds_data_products/2019/NEXRAD_20190201_Vinales-Cuba/wrfout_d04_2019-02-01_180000.nc4,3,4,15.0,1.0,19971297,https://zenodo.org/records/19971297/files/WRF_models_NEXRAD_20190201_Vinales-Cuba.zip,uploaded,
NEXRAD_20190404_White-Springs-Florida,30.40967,-82.568493,2019-04-04T04:04:00,/mnt/L2_plus/events_search/NEXRAD_20190404_White-Springs-Florida/WRF/wrfout_d04_2019-04-04_00:00:00,2019-04-04_04:00:00,2019-04-04_04:30:00,28.687280654907227,31.761343002319336,-84.57662963867188,-80.97909545898438,2019-04-04_00:00:00,/mnt/L2_plus/winds_data_products/2019/NEXRAD_20190404_White-Springs-Florida/wrfout_d04_2019-04-04_000000.nc4,3,19,15.0,1.0,19971297,https://zenodo.org/records/19971297/files/WRF_models_NEXRAD_20190404_White-Springs-Florida.zip,uploaded,
NEXRAD_20190622_Caribbean-Sea-Near-Puerto-Rico_2019MO,14.998267,-66.336777,2019-06-22T21:24:45,/mnt/L2_plus/events_search/NEXRAD_20190622_Caribbean-Sea-Near-Puerto-Rico_2019MO/WRF/wrfout_d04_2019-06-22_00:00:00,2019-06-22_21:15:00,2019-06-22_21:45:00,13.283852577209473,16.349945068359375,-68.1162109375,-64.92840576171875,2019-06-22_00:00:00,/mnt/L2_plus/winds_data_products/2019/NEXRAD_20190622_Caribbean-Sea-Near-Puerto-Rico_2019MO/wrfout_d04_2019-06-22_000000.nc4,3,88,15.0,1.0,19971297,https://zenodo.org/records/19971297/files/WRF_models_NEXRAD_20190622_Caribbean-Sea-Near-Puerto-Rico_2019MO.zip,uploaded,
NEXRAD_20190622_Caribbean-Sea-Near-Puerto-Rico_2019MO,14.998267,-66.336777,2019-06-22T21:24:45,/mnt/L2_plus/events_search/NEXRAD_20190622_Caribbean-Sea-Near-Puerto-Rico_2019MO/WRF/wrfout_d04_2019-06-22_06:00:00,2019-06-22_21:15:00,2019-06-22_21:45:00,13.283852577209473,16.349945068359375,-68.1162109375,-64.92840576171875,2019-06-22_06:00:00,/mnt/L2_plus/winds_data_products/2019/NEXRAD_20190622_Caribbean-Sea-Near-Puerto-Rico_2019MO/wrfout_d04_2019-06-22_060000.nc4,3,64,15.0,1.0,19971297,https://zenodo.org/records/19971297/files/WRF_models_NEXRAD_20190622_Caribbean-Sea-Near-Puerto-Rico_2019MO.zip,uploaded,
NEXRAD_20190622_Caribbean-Sea-Near-Puerto-Rico_2019MO,14.998267,-66.336777,2019-06-22T21:24:45,/mnt/L2_plus/events_search/NEXRAD_20190622_Caribbean-Sea-Near-Puerto-Rico_2019MO/WRF/wrfout_d04_2019-06-22_12:00:00,2019-06-22_21:15:00,2019-06-22_21:45:00,13.283852577209473,16.349945068359375,-68.1162109375,-64.92840576171875,2019-06-22_12:00:00,/mnt/L2_plus/winds_data_products/2019/NEXRAD_20190622_Caribbean-Sea-Near-Puerto-Rico_2019MO/wrfout_d04_2019-06-22_120000.nc4,3,40,15.0,1.0,19971297,https://zenodo.org/records/19971297/files/WRF_models_NEXRAD_20190622_Caribbean-Sea-Near-Puerto-Rico_2019MO.zip,uploaded,
NEXRAD_20190622_Caribbean-Sea-Near-Puerto-Rico_2019MO,14.998267,-66.336777,2019-06-22T21:24:45,/mnt/L2_plus/events_search/NEXRAD_20190622_Caribbean-Sea-Near-Puerto-Rico_2019MO/WRF/wrfout_d04_2019-06-22_18:00:00,2019-06-22_21:15:00,2019-06-22_21:45:00,13.283852577209473,16.349945068359375,-68.1162109375,-64.92840576171875,2019-06-22_18:00:00,/mnt/L2_plus/winds_data_products/2019/NEXRAD_20190622_Caribbean-Sea-Near-Puerto-Rico_2019MO/wrfout_d04_2019-06-22_180000.nc4,3,16,15.0,1.0,19971297,https://zenodo.org/records/19971297/files/WRF_models_NEXRAD_20190622_Caribbean-Sea-Near-Puerto-Rico_2019MO.zip,uploaded,
NEXRAD_20191111_St-Louis-Missouri,38.769045,-91.310246,2019-11-11T02:51:00,/mnt/L2_plus/events_search/NEXRAD_20191111_St-Louis-Missouri/WRF/wrfout_d04_2019-11-10_06:00:00,2019-11-11_02:45:00,2019-11-11_03:15:00,37.041351318359375,40.120758056640625,-93.54299926757812,-89.54302978515625,2019-11-10_06:00:00,/mnt/L2_plus/winds_data_products/2019/NEXRAD_20191111_St-Louis-Missouri/wrfout_d04_2019-11-10_060000.nc4,3,86,15.0,1.0,19971297,https://zenodo.org/records/19971297/files/WRF_models_NEXRAD_20191111_St-Louis-Missouri.zip,uploaded,
NEXRAD_20191111_St-Louis-Missouri,38.769045,-91.310246,2019-11-11T02:51:00,/mnt/L2_plus/events_search/NEXRAD_20191111_St-Louis-Missouri/WRF/wrfout_d04_2019-11-10_12:00:00,2019-11-11_02:45:00,2019-11-11_03:15:00,37.041351318359375,40.120758056640625,-93.54299926757812,-89.54302978515625,2019-11-10_12:00:00,/mnt/L2_plus/winds_data_products/2019/NEXRAD_20191111_St-Louis-Missouri/wrfout_d04_2019-11-10_120000.nc4,3,62,15.0,1.0,19971297,https://zenodo.org/records/19971297/files/WRF_models_NEXRAD_20191111_St-Louis-Missouri.zip,uploaded,
NEXRAD_20191111_St-Louis-Missouri,38.769045,-91.310246,2019-11-11T02:51:00,/mnt/L2_plus/events_search/NEXRAD_20191111_St-Louis-Missouri/WRF/wrfout_d04_2019-11-10_18:00:00,2019-11-11_02:45:00,2019-11-11_03:15:00,37.041351318359375,40.120758056640625,-93.54299926757812,-89.54302978515625,2019-11-10_18:00:00,/mnt/L2_plus/winds_data_products/2019/NEXRAD_20191111_St-Louis-Missouri/wrfout_d04_2019-11-10_180000.nc4,3,38,15.0,1.0,19971297,https://zenodo.org/records/19971297/files/WRF_models_NEXRAD_20191111_St-Louis-Missouri.zip,uploaded,
NEXRAD_20191111_St-Louis-Missouri,38.769045,-91.310246,2019-11-11T02:51:00,/mnt/L2_plus/events_search/NEXRAD_20191111_St-Louis-Missouri/WRF/wrfout_d04_2019-11-11_00:00:00,2019-11-11_02:45:00,2019-11-11_03:15:00,37.041351318359375,40.120758056640625,-93.54299926757812,-89.54302978515625,2019-11-11_00:00:00,/mnt/L2_plus/winds_data_products/2019/NEXRAD_20191111_St-Louis-Missouri/wrfout_d04_2019-11-11_000000.nc4,3,14,15.0,1.0,19971297,https://zenodo.org/records/19971297/files/WRF_models_NEXRAD_20191111_St-Louis-Missouri.zip,uploaded,
2021-01-18_Traspena,43.433,-7.717,2021-01-18T00:18:56,/mnt/L2_plus/events_search/2021-01-18_Traspena/WRF/wrfout_d04_2021-01-17_06:00:00,2021-01-18_00:15:00,2021-01-18_00:45:00,41.70183181762695,44.78474426269531,-10.12237548828125,-5.813079833984375,2021-01-17_06:00:00,/mnt/L2_plus/winds_data_products/2021/2021-01-18_Traspena/wrfout_d04_2021-01-17_060000.nc4,3,76,15.0,1.0,19965310,https://zenodo.org/records/19965310/files/WRF_models_2021-01-18_Traspena.zip,uploaded,
2021-01-18_Traspena,43.433,-7.717,2021-01-18T00:18:56,/mnt/L2_plus/events_search/2021-01-18_Traspena/WRF/wrfout_d04_2021-01-17_12:00:00,2021-01-18_00:15:00,2021-01-18_00:45:00,41.70183181762695,44.78474426269531,-10.12237548828125,-5.813079833984375,2021-01-17_12:00:00,/mnt/L2_plus/winds_data_products/2021/2021-01-18_Traspena/wrfout_d04_2021-01-17_120000.nc4,3,52,15.0,1.0,19965310,https://zenodo.org/records/19965310/files/WRF_models_2021-01-18_Traspena.zip,uploaded,
2021-01-18_Traspena,43.433,-7.717,2021-01-18T00:18:56,/mnt/L2_plus/events_search/2021-01-18_Traspena/WRF/wrfout_d04_2021-01-17_18:00:00,2021-01-18_00:15:00,2021-01-18_00:45:00,41.70183181762695,44.78474426269531,-10.12237548828125,-5.813079833984375,2021-01-17_18:00:00,/mnt/L2_plus/winds_data_products/2021/2021-01-18_Traspena/wrfout_d04_2021-01-17_180000.nc4,3,28,15.0,1.0,19965310,https://zenodo.org/records/19965310/files/WRF_models_2021-01-18_Traspena.zip,uploaded,
2021-01-18_Traspena,43.433,-7.717,2021-01-18T00:18:56,/mnt/L2_plus/events_search/2021-01-18_Traspena/WRF/wrfout_d04_2021-01-18_00:00:00,2021-01-18_00:15:00,2021-01-18_00:45:00,41.70183181762695,44.78474426269531,-10.12237548828125,-5.813079833984375,2021-01-18_00:00:00,/mnt/L2_plus/winds_data_products/2021/2021-01-18_Traspena/wrfout_d04_2021-01-18_000000.nc4,3,4,15.0,1.0,19965310,https://zenodo.org/records/19965310/files/WRF_models_2021-01-18_Traspena.zip,uploaded,
2021-07-15_Antonin,51.838,17.383,2021-07-15T03:00:11,/mnt/L2_plus/events_search/2021-07-15_Antonin/WRF/wrfout_d04_2021-07-14_06:00:00,2021-07-15_03:00:00,2021-07-15_03:30:00,50.09902572631836,53.189815521240234,14.53411865234375,19.638153076171875,2021-07-14_06:00:00,/mnt/L2_plus/winds_data_products/2021/2021-07-15_Antonin/wrfout_d04_2021-07-14_060000.nc4,3,87,15.0,1.0,19965310,https://zenodo.org/records/19965310/files/WRF_models_2021-07-15_Antonin.zip,uploaded,
2021-07-15_Antonin,51.838,17.383,2021-07-15T03:00:11,/mnt/L2_plus/events_search/2021-07-15_Antonin/WRF/wrfout_d04_2021-07-14_12:00:00,2021-07-15_03:00:00,2021-07-15_03:30:00,50.09902572631836,53.189815521240234,14.53411865234375,19.638153076171875,2021-07-14_12:00:00,/mnt/L2_plus/winds_data_products/2021/2021-07-15_Antonin/wrfout_d04_2021-07-14_120000.nc4,3,63,15.0,1.0,19965310,https://zenodo.org/records/19965310/files/WRF_models_2021-07-15_Antonin.zip,uploaded,
2021-07-15_Antonin,51.838,17.383,2021-07-15T03:00:11,/mnt/L2_plus/events_search/2021-07-15_Antonin/WRF/wrfout_d04_2021-07-14_18:00:00,2021-07-15_03:00:00,2021-07-15_03:30:00,50.09902572631836,53.189815521240234,14.53411865234375,19.638153076171875,2021-07-14_18:00:00,/mnt/L2_plus/winds_data_products/2021/2021-07-15_Antonin/wrfout_d04_2021-07-14_180000.nc4,3,39,15.0,1.0,19965310,https://zenodo.org/records/19965310/files/WRF_models_2021-07-15_Antonin.zip,uploaded,
2021-07-15_Antonin,51.838,17.383,2021-07-15T03:00:11,/mnt/L2_plus/events_search/2021-07-15_Antonin/WRF/wrfout_d04_2021-07-15_00:00:00,2021-07-15_03:00:00,2021-07-15_03:30:00,50.09902572631836,53.189815521240234,14.53411865234375,19.638153076171875,2021-07-15_00:00:00,/mnt/L2_plus/winds_data_products/2021/2021-07-15_Antonin/wrfout_d04_2021-07-15_000000.nc4,3,15,15.0,1.0,19965310,https://zenodo.org/records/19965310/files/WRF_models_2021-07-15_Antonin.zip,uploaded,
2022-06-25_Puste-Ulany,48.2,17.52,2022-06-25T17:54:16,/mnt/L2_plus/events_search/2022-06-25_Puste-Ulany/WRF/wrfout_d04_2022-06-24_18:00:00,2022-06-25_17:45:00,2022-06-25_18:15:00,46.46468734741211,49.55176544189453,14.888671875,19.602874755859375,2022-06-24_18:00:00,/mnt/L2_plus/winds_data_products/2022/2022-06-25_Puste-Ulany/wrfout_d04_2022-06-24_180000.nc4,3,98,15.0,1.0,19965662,https://zenodo.org/records/19965662/files/WRF_models_2022-06-25_Puste-Ulany.zip,uploaded,
2022-06-25_Puste-Ulany,48.2,17.52,2022-06-25T17:54:16,/mnt/L2_plus/events_search/2022-06-25_Puste-Ulany/WRF/wrfout_d04_2022-06-25_00:00:00,2022-06-25_17:45:00,2022-06-25_18:15:00,46.46468734741211,49.55176544189453,14.888671875,19.602874755859375,2022-06-25_00:00:00,/mnt/L2_plus/winds_data_products/2022/2022-06-25_Puste-Ulany/wrfout_d04_2022-06-25_000000.nc4,3,74,15.0,1.0,19965662,https://zenodo.org/records/19965662/files/WRF_models_2022-06-25_Puste-Ulany.zip,uploaded,
2022-06-25_Puste-Ulany,48.2,17.52,2022-06-25T17:54:16,/mnt/L2_plus/events_search/2022-06-25_Puste-Ulany/WRF/wrfout_d04_2022-06-25_06:00:00,2022-06-25_17:45:00,2022-06-25_18:15:00,46.46468734741211,49.55176544189453,14.888671875,19.602874755859375,2022-06-25_06:00:00,/mnt/L2_plus/winds_data_products/2022/2022-06-25_Puste-Ulany/wrfout_d04_2022-06-25_060000.nc4,3,50,15.0,1.0,19965662,https://zenodo.org/records/19965662/files/WRF_models_2022-06-25_Puste-Ulany.zip,uploaded,
2022-06-25_Puste-Ulany,48.2,17.52,2022-06-25T17:54:16,/mnt/L2_plus/events_search/2022-06-25_Puste-Ulany/WRF/wrfout_d04_2022-06-25_12:00:00,2022-06-25_17:45:00,2022-06-25_18:15:00,46.46468734741211,49.55176544189453,14.888671875,19.602874755859375,2022-06-25_12:00:00,/mnt/L2_plus/winds_data_products/2022/2022-06-25_Puste-Ulany/wrfout_d04_2022-06-25_120000.nc4,3,26,15.0,1.0,19965662,https://zenodo.org/records/19965662/files/WRF_models_2022-06-25_Puste-Ulany.zip,uploaded,
2022-12-15_Tanxi,29.3,120.1,2022-12-15T09:48:42,/mnt/L2_plus/events_search/2022-12-15_Tanxi/WRF/wrfout_d04_2022-12-14_12:00:00,2022-12-15_09:45:00,2022-12-15_10:15:00,27.578256607055664,30.651689529418945,118.115234375,121.67086791992188,2022-12-14_12:00:00,/mnt/L2_plus/winds_data_products/2022/2022-12-15_Tanxi/wrfout_d04_2022-12-14_120000.nc4,3,90,15.0,1.0,19965662,https://zenodo.org/records/19965662/files/WRF_models_2022-12-15_Tanxi.zip,uploaded,
2022-12-15_Tanxi,29.3,120.1,2022-12-15T09:48:42,/mnt/L2_plus/events_search/2022-12-15_Tanxi/WRF/wrfout_d04_2022-12-14_18:00:00,2022-12-15_09:45:00,2022-12-15_10:15:00,27.578256607055664,30.651689529418945,118.115234375,121.67086791992188,2022-12-14_18:00:00,/mnt/L2_plus/winds_data_products/2022/2022-12-15_Tanxi/wrfout_d04_2022-12-14_180000.nc4,3,66,15.0,1.0,19965662,https://zenodo.org/records/19965662/files/WRF_models_2022-12-15_Tanxi.zip,uploaded,
2022-12-15_Tanxi,29.3,120.1,2022-12-15T09:48:42,/mnt/L2_plus/events_search/2022-12-15_Tanxi/WRF/wrfout_d04_2022-12-15_00:00:00,2022-12-15_09:45:00,2022-12-15_10:15:00,27.578256607055664,30.651689529418945,118.115234375,121.67086791992188,2022-12-15_00:00:00,/mnt/L2_plus/winds_data_products/2022/2022-12-15_Tanxi/wrfout_d04_2022-12-15_000000.nc4,3,42,15.0,1.0,19965662,https://zenodo.org/records/19965662/files/WRF_models_2022-12-15_Tanxi.zip,uploaded,
2022-12-15_Tanxi,29.3,120.1,2022-12-15T09:48:42,/mnt/L2_plus/events_search/2022-12-15_Tanxi/WRF/wrfout_d04_2022-12-15_06:00:00,2022-12-15_09:45:00,2022-12-15_10:15:00,27.578256607055664,30.651689529418945,118.115234375,121.67086791992188,2022-12-15_06:00:00,/mnt/L2_plus/winds_data_products/2022/2022-12-15_Tanxi/wrfout_d04_2022-12-15_060000.nc4,3,18,15.0,1.0,19965662,https://zenodo.org/records/19965662/files/WRF_models_2022-12-15_Tanxi.zip,uploaded,
2023-01-20_Mvskoke-Merkv,35.75,-95.37,2023-01-20T09:38:00,/mnt/L2_plus/events_search/2023-01-20_Mvskoke-Merkv/WRF/wrfout_d04_2023-01-19_12:00:00,2023-01-20_09:30:00,2023-01-20_10:00:00,34.02433395385742,37.10169219970703,-97.51077270507812,-93.67559814453125,2023-01-19_12:00:00,/mnt/L2_plus/winds_data_products/2023/2023-01-20_Mvskoke-Merkv/wrfout_d04_2023-01-19_120000.nc4,3,89,15.0,1.0,19966241,https://zenodo.org/records/19966241/files/WRF_models_2023-01-20_Mvskoke-Merkv.zip,uploaded,
2023-01-20_Mvskoke-Merkv,35.75,-95.37,2023-01-20T09:38:00,/mnt/L2_plus/events_search/2023-01-20_Mvskoke-Merkv/WRF/wrfout_d04_2023-01-19_18:00:00,2023-01-20_09:30:00,2023-01-20_10:00:00,34.02433395385742,37.10169219970703,-97.51077270507812,-93.67559814453125,2023-01-19_18:00:00,/mnt/L2_plus/winds_data_products/2023/2023-01-20_Mvskoke-Merkv/wrfout_d04_2023-01-19_180000.nc4,3,65,15.0,1.0,19966241,https://zenodo.org/records/19966241/files/WRF_models_2023-01-20_Mvskoke-Merkv.zip,uploaded,
2023-01-20_Mvskoke-Merkv,35.75,-95.37,2023-01-20T09:38:00,/mnt/L2_plus/events_search/2023-01-20_Mvskoke-Merkv/WRF/wrfout_d04_2023-01-20_00:00:00,2023-01-20_09:30:00,2023-01-20_10:00:00,34.02433395385742,37.10169219970703,-97.51077270507812,-93.67559814453125,2023-01-20_00:00:00,/mnt/L2_plus/winds_data_products/2023/2023-01-20_Mvskoke-Merkv/wrfout_d04_2023-01-20_000000.nc4,3,41,15.0,1.0,19966241,https://zenodo.org/records/19966241/files/WRF_models_2023-01-20_Mvskoke-Merkv.zip,uploaded,
2023-01-20_Mvskoke-Merkv,35.75,-95.37,2023-01-20T09:38:00,/mnt/L2_plus/events_search/2023-01-20_Mvskoke-Merkv/WRF/wrfout_d04_2023-01-20_06:00:00,2023-01-20_09:30:00,2023-01-20_10:00:00,34.02433395385742,37.10169219970703,-97.51077270507812,-93.67559814453125,2023-01-20_06:00:00,/mnt/L2_plus/winds_data_products/2023/2023-01-20_Mvskoke-Merkv/wrfout_d04_2023-01-20_060000.nc4,3,17,15.0,1.0,19966241,https://zenodo.org/records/19966241/files/WRF_models_2023-01-20_Mvskoke-Merkv.zip,uploaded,
2023-02-14_Matera,40.696,16.584,2023-02-14T18:00:00,/mnt/L2_plus/events_search/2023-02-14_Matera/WRF/wrfout_d04_2023-02-14_00:00:00,2023-02-14_17:45:00,2023-02-14_18:30:00,38.96692657470703,42.04772186279297,14.284881591796875,18.40380859375,2023-02-14_00:00:00,/mnt/L2_plus/winds_data_products/2023/2023-02-14_Matera/wrfout_d04_2023-02-14_000000.nc4,4,75,15.0,1.0,19966241,https://zenodo.org/records/19966241/files/WRF_models_2023-02-14_Matera.zip,uploaded,
2023-02-14_Matera,40.696,16.584,2023-02-14T18:00:00,/mnt/L2_plus/events_search/2023-02-14_Matera/WRF/wrfout_d04_2023-02-14_06:00:00,2023-02-14_17:45:00,2023-02-14_18:30:00,38.96692657470703,42.04772186279297,14.284881591796875,18.40380859375,2023-02-14_06:00:00,/mnt/L2_plus/winds_data_products/2023/2023-02-14_Matera/wrfout_d04_2023-02-14_060000.nc4,4,51,15.0,1.0,19966241,https://zenodo.org/records/19966241/files/WRF_models_2023-02-14_Matera.zip,uploaded,
2023-02-14_Matera,40.696,16.584,2023-02-14T18:00:00,/mnt/L2_plus/events_search/2023-02-14_Matera/WRF/wrfout_d04_2023-02-14_12:00:00,2023-02-14_17:45:00,2023-02-14_18:30:00,38.96692657470703,42.04772186279297,14.284881591796875,18.40380859375,2023-02-14_12:00:00,/mnt/L2_plus/winds_data_products/2023/2023-02-14_Matera/wrfout_d04_2023-02-14_120000.nc4,4,27,15.0,1.0,19966241,https://zenodo.org/records/19966241/files/WRF_models_2023-02-14_Matera.zip,uploaded,
2023-02-14_Matera,40.696,16.584,2023-02-14T18:00:00,/mnt/L2_plus/events_search/2023-02-14_Matera/WRF/wrfout_d04_2023-02-14_18:00:00,2023-02-14_18:00:00,2023-02-14_18:30:00,38.96692657470703,42.04772186279297,14.284881591796875,18.40380859375,2023-02-14_18:00:00,/mnt/L2_plus/winds_data_products/2023/2023-02-14_Matera/wrfout_d04_2023-02-14_180000.nc4,3,3,15.0,1.0,19966241,https://zenodo.org/records/19966241/files/WRF_models_2023-02-14_Matera.zip,uploaded,
2023-04-25_Elmshorn,53.75,9.65,2023-04-25T12:14:24,/mnt/L2_plus/events_search/2023-04-25_Elmshorn/WRF/wrfout_d04_2023-04-24_18:00:00,2023-04-25_12:00:00,2023-04-25_12:45:00,52.008872985839844,55.10184097290039,6.66656494140625,12.01177978515625,2023-04-24_18:00:00,/mnt/L2_plus/winds_data_products/2023/2023-04-25_Elmshorn/wrfout_d04_2023-04-24_180000.nc4,4,76,15.0,1.0,19966241,https://zenodo.org/records/19966241/files/WRF_models_2023-04-25_Elmshorn.zip,uploaded,
2023-04-25_Elmshorn,53.75,9.65,2023-04-25T12:14:24,/mnt/L2_plus/events_search/2023-04-25_Elmshorn/WRF/wrfout_d04_2023-04-25_00:00:00,2023-04-25_12:00:00,2023-04-25_12:45:00,52.008872985839844,55.10184097290039,6.66656494140625,12.01177978515625,2023-04-25_00:00:00,/mnt/L2_plus/winds_data_products/2023/2023-04-25_Elmshorn/wrfout_d04_2023-04-25_000000.nc4,4,52,15.0,1.0,19966241,https://zenodo.org/records/19966241/files/WRF_models_2023-04-25_Elmshorn.zip,uploaded,
2023-04-25_Elmshorn,53.75,9.65,2023-04-25T12:14:24,/mnt/L2_plus/events_search/2023-04-25_Elmshorn/WRF/wrfout_d04_2023-04-25_06:00:00,2023-04-25_12:00:00,2023-04-25_12:45:00,52.008872985839844,55.10184097290039,6.66656494140625,12.01177978515625,2023-04-25_06:00:00,/mnt/L2_plus/winds_data_products/2023/2023-04-25_Elmshorn/wrfout_d04_2023-04-25_060000.nc4,4,28,15.0,1.0,19966241,https://zenodo.org/records/19966241/files/WRF_models_2023-04-25_Elmshorn.zip,uploaded,
2023-04-25_Elmshorn,53.75,9.65,2023-04-25T12:14:24,/mnt/L2_plus/events_search/2023-04-25_Elmshorn/WRF/wrfout_d04_2023-04-25_12:00:00,2023-04-25_12:00:00,2023-04-25_12:45:00,52.008872985839844,55.10184097290039,6.66656494140625,12.01177978515625,2023-04-25_12:00:00,/mnt/L2_plus/winds_data_products/2023/2023-04-25_Elmshorn/wrfout_d04_2023-04-25_120000.nc4,4,4,15.0,1.0,19966241,https://zenodo.org/records/19966241/files/WRF_models_2023-04-25_Elmshorn.zip,uploaded,
2023-07-21_Binar_HAB,-32.0,117.7,2023-07-21T02:00:00,/mnt/L2_plus/events_search/2023-07-21_Binar_HAB/WRF/wrfout_d04_2023-07-20_06:00:00,2023-07-21_01:45:00,2023-07-21_02:30:00,-33.70781707763672,-30.63268280029297,115.6478271484375,119.32424926757812,2023-07-20_06:00:00,/mnt/L2_plus/winds_data_products/2023/2023-07-21_Binar_HAB/wrfout_d04_2023-07-20_060000.nc4,4,95,15.0,1.0,19966241,https://zenodo.org/records/19966241/files/WRF_models_2023-07-21_Binar_HAB.zip,uploaded,
2023-07-21_Binar_HAB,-32.0,117.7,2023-07-21T02:00:00,/mnt/L2_plus/events_search/2023-07-21_Binar_HAB/WRF/wrfout_d04_2023-07-20_12:00:00,2023-07-21_01:45:00,2023-07-21_02:30:00,-33.70781707763672,-30.63268280029297,115.6478271484375,119.32424926757812,2023-07-20_12:00:00,/mnt/L2_plus/winds_data_products/2023/2023-07-21_Binar_HAB/wrfout_d04_2023-07-20_120000.nc4,4,71,15.0,1.0,19966241,https://zenodo.org/records/19966241/files/WRF_models_2023-07-21_Binar_HAB.zip,uploaded,
2023-07-21_Binar_HAB,-32.0,117.7,2023-07-21T02:00:00,/mnt/L2_plus/events_search/2023-07-21_Binar_HAB/WRF/wrfout_d04_2023-07-20_18:00:00,2023-07-21_01:45:00,2023-07-21_02:30:00,-33.70781707763672,-30.63268280029297,115.6478271484375,119.32424926757812,2023-07-20_18:00:00,/mnt/L2_plus/winds_data_products/2023/2023-07-21_Binar_HAB/wrfout_d04_2023-07-20_180000.nc4,4,47,15.0,1.0,19966241,https://zenodo.org/records/19966241/files/WRF_models_2023-07-21_Binar_HAB.zip,uploaded,
2023-07-21_Binar_HAB,-32.0,117.7,2023-07-21T02:00:00,/mnt/L2_plus/events_search/2023-07-21_Binar_HAB/WRF/wrfout_d04_2023-07-21_00:00:00,2023-07-21_01:45:00,2023-07-21_02:30:00,-33.70781707763672,-30.63268280029297,115.6478271484375,119.32424926757812,2023-07-21_00:00:00,/mnt/L2_plus/winds_data_products/2023/2023-07-21_Binar_HAB/wrfout_d04_2023-07-21_000000.nc4,4,23,15.0,1.0,19966241,https://zenodo.org/records/19966241/files/WRF_models_2023-07-21_Binar_HAB.zip,uploaded,
2024-02-21_Binar_HAB,-31.53877926,118.647052764893,2024-02-21T02:00:01,/mnt/L2_plus/events_search/2024-02-21_Binar_HAB/WRF/wrfout_d04_2024-02-20_12:00:00,2024-02-21_02:00:00,2024-02-21_02:30:00,-33.246559143066406,-30.17171287536621,116.60580444335938,120.26266479492188,2024-02-20_12:00:00,/mnt/L2_plus/winds_data_products/2024/2024-02-21_Binar_HAB/wrfout_d04_2024-02-20_120000.nc4,3,59,15.0,1.0,19967163,https://zenodo.org/records/19967163/files/WRF_models_2024-02-21_Binar_HAB.zip,uploaded,
2024-02-21_Binar_HAB,-31.53877926,118.647052764893,2024-02-21T02:00:01,/mnt/L2_plus/events_search/2024-02-21_Binar_HAB/WRF/wrfout_d04_2024-02-20_18:00:00,2024-02-21_02:00:00,2024-02-21_02:30:00,-33.246559143066406,-30.17171287536621,116.60580444335938,120.26266479492188,2024-02-20_18:00:00,/mnt/L2_plus/winds_data_products/2024/2024-02-21_Binar_HAB/wrfout_d04_2024-02-20_180000.nc4,3,35,15.0,1.0,19967163,https://zenodo.org/records/19967163/files/WRF_models_2024-02-21_Binar_HAB.zip,uploaded,
2024-02-21_Binar_HAB,-31.53877926,118.647052764893,2024-02-21T02:00:01,/mnt/L2_plus/events_search/2024-02-21_Binar_HAB/WRF/wrfout_d04_2024-02-21_00:00:00,2024-02-21_02:00:00,2024-02-21_02:30:00,-33.246559143066406,-30.17171287536621,116.60580444335938,120.26266479492188,2024-02-21_00:00:00,/mnt/L2_plus/winds_data_products/2024/2024-02-21_Binar_HAB/wrfout_d04_2024-02-21_000000.nc4,3,11,15.0,1.0,19967163,https://zenodo.org/records/19967163/files/WRF_models_2024-02-21_Binar_HAB.zip,uploaded,
2024-07-25_Charlottetown,46.289,-63.069,2024-07-25T20:02:20,/mnt/L2_plus/events_search/2024-07-25_Charlottetown/WRF/wrfout_d04_2024-07-25_00:00:00,2024-07-25_20:00:00,2024-07-25_20:30:00,44.55544662475586,47.64077377319336,-65.60272216796875,-61.06341552734375,2024-07-25_00:00:00,/mnt/L2_plus/winds_data_products/2024/2024-07-25_Charlottetown/wrfout_d04_2024-07-25_000000.nc4,3,83,15.0,1.0,19967163,https://zenodo.org/records/19967163/files/WRF_models_2024-07-25_Charlottetown.zip,uploaded,
2024-07-25_Charlottetown,46.289,-63.069,2024-07-25T20:02:20,/mnt/L2_plus/events_search/2024-07-25_Charlottetown/WRF/wrfout_d04_2024-07-25_06:00:00,2024-07-25_20:00:00,2024-07-25_20:30:00,44.55544662475586,47.64077377319336,-65.60272216796875,-61.06341552734375,2024-07-25_06:00:00,/mnt/L2_plus/winds_data_products/2024/2024-07-25_Charlottetown/wrfout_d04_2024-07-25_060000.nc4,3,59,15.0,1.0,19967163,https://zenodo.org/records/19967163/files/WRF_models_2024-07-25_Charlottetown.zip,uploaded,
2024-07-25_Charlottetown,46.289,-63.069,2024-07-25T20:02:20,/mnt/L2_plus/events_search/2024-07-25_Charlottetown/WRF/wrfout_d04_2024-07-25_12:00:00,2024-07-25_20:00:00,2024-07-25_20:30:00,44.55544662475586,47.64077377319336,-65.60272216796875,-61.06341552734375,2024-07-25_12:00:00,/mnt/L2_plus/winds_data_products/2024/2024-07-25_Charlottetown/wrfout_d04_2024-07-25_120000.nc4,3,35,15.0,1.0,19967163,https://zenodo.org/records/19967163/files/WRF_models_2024-07-25_Charlottetown.zip,uploaded,
2024-07-25_Charlottetown,46.289,-63.069,2024-07-25T20:02:20,/mnt/L2_plus/events_search/2024-07-25_Charlottetown/WRF/wrfout_d04_2024-07-25_18:00:00,2024-07-25_20:00:00,2024-07-25_20:30:00,44.55544662475586,47.64077377319336,-65.60272216796875,-61.06341552734375,2024-07-25_18:00:00,/mnt/L2_plus/winds_data_products/2024/2024-07-25_Charlottetown/wrfout_d04_2024-07-25_180000.nc4,3,11,15.0,1.0,19967163,https://zenodo.org/records/19967163/files/WRF_models_2024-07-25_Charlottetown.zip,uploaded,
2024-08-25_Nqweba,-33.397,25.425,2024-08-25T06:50:45,/mnt/L2_plus/events_search/2024-08-25_Nqweba/WRF/wrfout_d04_2024-08-24_12:00:00,2024-08-25_06:45:00,2024-08-25_07:15:00,-35.10479736328125,-32.02880096435547,23.338287353515625,27.076629638671875,2024-08-24_12:00:00,/mnt/L2_plus/winds_data_products/2024/2024-08-25_Nqweba/wrfout_d04_2024-08-24_120000.nc4,3,78,15.0,1.0,19967163,https://zenodo.org/records/19967163/files/WRF_models_2024-08-25_Nqweba.zip,uploaded,
2024-08-25_Nqweba,-33.397,25.425,2024-08-25T06:50:45,/mnt/L2_plus/events_search/2024-08-25_Nqweba/WRF/wrfout_d04_2024-08-24_18:00:00,2024-08-25_06:45:00,2024-08-25_07:15:00,-35.10479736328125,-32.02880096435547,23.338287353515625,27.076629638671875,2024-08-24_18:00:00,/mnt/L2_plus/winds_data_products/2024/2024-08-25_Nqweba/wrfout_d04_2024-08-24_180000.nc4,3,54,15.0,1.0,19967163,https://zenodo.org/records/19967163/files/WRF_models_2024-08-25_Nqweba.zip,uploaded,
2024-08-25_Nqweba,-33.397,25.425,2024-08-25T06:50:45,/mnt/L2_plus/events_search/2024-08-25_Nqweba/WRF/wrfout_d04_2024-08-25_00:00:00,2024-08-25_06:45:00,2024-08-25_07:15:00,-35.10479736328125,-32.02880096435547,23.338287353515625,27.076629638671875,2024-08-25_00:00:00,/mnt/L2_plus/winds_data_products/2024/2024-08-25_Nqweba/wrfout_d04_2024-08-25_000000.nc4,3,30,15.0,1.0,19967163,https://zenodo.org/records/19967163/files/WRF_models_2024-08-25_Nqweba.zip,uploaded,
2024-08-25_Nqweba,-33.397,25.425,2024-08-25T06:50:45,/mnt/L2_plus/events_search/2024-08-25_Nqweba/WRF/wrfout_d04_2024-08-25_06:00:00,2024-08-25_06:45:00,2024-08-25_07:15:00,-35.10479736328125,-32.02880096435547,23.338287353515625,27.076629638671875,2024-08-25_06:00:00,/mnt/L2_plus/winds_data_products/2024/2024-08-25_Nqweba/wrfout_d04_2024-08-25_060000.nc4,3,6,15.0,1.0,19967163,https://zenodo.org/records/19967163/files/WRF_models_2024-08-25_Nqweba.zip,uploaded,
2024-09-11_Scalea,39.818,15.791,2024-09-11T10:35:00,/mnt/L2_plus/events_search/2024-09-11_Scalea/WRF/wrfout_d04_2024-09-10_12:00:00,2024-09-11_10:30:00,2024-09-11_11:00:00,38.08958435058594,41.16973876953125,13.52294921875,17.586181640625,2024-09-10_12:00:00,/mnt/L2_plus/winds_data_products/2024/2024-09-11_Scalea/wrfout_d04_2024-09-10_120000.nc4,3,93,15.0,1.0,19967163,https://zenodo.org/records/19967163/files/WRF_models_2024-09-11_Scalea.zip,uploaded,
2024-09-11_Scalea,39.818,15.791,2024-09-11T10:35:00,/mnt/L2_plus/events_search/2024-09-11_Scalea/WRF/wrfout_d04_2024-09-10_18:00:00,2024-09-11_10:30:00,2024-09-11_11:00:00,38.08958435058594,41.16973876953125,13.52294921875,17.586181640625,2024-09-10_18:00:00,/mnt/L2_plus/winds_data_products/2024/2024-09-11_Scalea/wrfout_d04_2024-09-10_180000.nc4,3,69,15.0,1.0,19967163,https://zenodo.org/records/19967163/files/WRF_models_2024-09-11_Scalea.zip,uploaded,
2024-09-11_Scalea,39.818,15.791,2024-09-11T10:35:00,/mnt/L2_plus/events_search/2024-09-11_Scalea/WRF/wrfout_d04_2024-09-11_00:00:00,2024-09-11_10:30:00,2024-09-11_11:00:00,38.08958435058594,41.16973876953125,13.52294921875,17.586181640625,2024-09-11_00:00:00,/mnt/L2_plus/winds_data_products/2024/2024-09-11_Scalea/wrfout_d04_2024-09-11_000000.nc4,3,45,15.0,1.0,19967163,https://zenodo.org/records/19967163/files/WRF_models_2024-09-11_Scalea.zip,uploaded,
2024-09-11_Scalea,39.818,15.791,2024-09-11T10:35:00,/mnt/L2_plus/events_search/2024-09-11_Scalea/WRF/wrfout_d04_2024-09-11_06:00:00,2024-09-11_10:30:00,2024-09-11_11:00:00,38.08958435058594,41.16973876953125,13.52294921875,17.586181640625,2024-09-11_06:00:00,/mnt/L2_plus/winds_data_products/2024/2024-09-11_Scalea/wrfout_d04_2024-09-11_060000.nc4,3,21,15.0,1.0,19967163,https://zenodo.org/records/19967163/files/WRF_models_2024-09-11_Scalea.zip,uploaded,
2024-10-24_Haag,48.108,14.578,2024-10-24T19:24:38,/mnt/L2_plus/events_search/2024-10-24_Haag/WRF/wrfout_d04_2024-10-24_06:00:00,2024-10-24_19:15:00,2024-10-24_19:45:00,46.372779846191406,49.45977020263672,11.95159912109375,16.656951904296875,2024-10-24_06:00:00,/mnt/L2_plus/winds_data_products/2024/2024-10-24_Haag/wrfout_d04_2024-10-24_060000.nc4,3,56,15.0,1.0,19967163,https://zenodo.org/records/19967163/files/WRF_models_2024-10-24_Haag.zip,uploaded,
2024-10-24_Haag,48.108,14.578,2024-10-24T19:24:38,/mnt/L2_plus/events_search/2024-10-24_Haag/WRF/wrfout_d04_2024-10-24_12:00:00,2024-10-24_19:15:00,2024-10-24_19:45:00,46.372779846191406,49.45977020263672,11.95159912109375,16.656951904296875,2024-10-24_12:00:00,/mnt/L2_plus/winds_data_products/2024/2024-10-24_Haag/wrfout_d04_2024-10-24_120000.nc4,3,32,15.0,1.0,19967163,https://zenodo.org/records/19967163/files/WRF_models_2024-10-24_Haag.zip,uploaded,
2024-10-24_Haag,48.108,14.578,2024-10-24T19:24:38,/mnt/L2_plus/events_search/2024-10-24_Haag/WRF/wrfout_d04_2024-10-24_18:00:00,2024-10-24_19:15:00,2024-10-24_19:45:00,46.372779846191406,49.45977020263672,11.95159912109375,16.656951904296875,2024-10-24_18:00:00,/mnt/L2_plus/winds_data_products/2024/2024-10-24_Haag/wrfout_d04_2024-10-24_180000.nc4,3,8,15.0,1.0,19967163,https://zenodo.org/records/19967163/files/WRF_models_2024-10-24_Haag.zip,uploaded,
2024-12-25_Smalyavichy,54.0,28.1,2024-12-25T14:29:15,/mnt/L2_plus/events_search/2024-12-25_Smalyavichy/WRF/wrfout_d04_2024-12-24_18:00:00,2024-12-25_14:15:00,2024-12-25_15:00:00,52.258567810058594,55.351837158203125,25.097808837890625,30.47662353515625,2024-12-24_18:00:00,/mnt/L2_plus/winds_data_products/2024/2024-12-25_Smalyavichy/wrfout_d04_2024-12-24_180000.nc4,4,85,15.0,1.0,19967163,https://zenodo.org/records/19967163/files/WRF_models_2024-12-25_Smalyavichy.zip,uploaded,
2024-12-25_Smalyavichy,54.0,28.1,2024-12-25T14:29:15,/mnt/L2_plus/events_search/2024-12-25_Smalyavichy/WRF/wrfout_d04_2024-12-25_00:00:00,2024-12-25_14:15:00,2024-12-25_15:00:00,52.258567810058594,55.351837158203125,25.097808837890625,30.47662353515625,2024-12-25_00:00:00,/mnt/L2_plus/winds_data_products/2024/2024-12-25_Smalyavichy/wrfout_d04_2024-12-25_000000.nc4,4,61,15.0,1.0,19967163,https://zenodo.org/records/19967163/files/WRF_models_2024-12-25_Smalyavichy.zip,uploaded,
2024-12-25_Smalyavichy,54.0,28.1,2024-12-25T14:29:15,/mnt/L2_plus/events_search/2024-12-25_Smalyavichy/WRF/wrfout_d04_2024-12-25_06:00:00,2024-12-25_14:15:00,2024-12-25_15:00:00,52.258567810058594,55.351837158203125,25.097808837890625,30.47662353515625,2024-12-25_06:00:00,/mnt/L2_plus/winds_data_products/2024/2024-12-25_Smalyavichy/wrfout_d04_2024-12-25_060000.nc4,4,37,15.0,1.0,19967163,https://zenodo.org/records/19967163/files/WRF_models_2024-12-25_Smalyavichy.zip,uploaded,
2024-12-25_Smalyavichy,54.0,28.1,2024-12-25T14:29:15,/mnt/L2_plus/events_search/2024-12-25_Smalyavichy/WRF/wrfout_d04_2024-12-25_12:00:00,2024-12-25_14:15:00,2024-12-25_15:00:00,52.258567810058594,55.351837158203125,25.097808837890625,30.47662353515625,2024-12-25_12:00:00,/mnt/L2_plus/winds_data_products/2024/2024-12-25_Smalyavichy/wrfout_d04_2024-12-25_120000.nc4,4,13,15.0,1.0,19967163,https://zenodo.org/records/19967163/files/WRF_models_2024-12-25_Smalyavichy.zip,uploaded,
2024BX1,52.63,12.64,2024-01-21T00:32:00,/mnt/L2_plus/events_search/2024BX1/WRF/wrfout_d04_2024-01-20_06:00:00,2024-01-21_00:30:00,2024-01-21_01:00:00,50.8901481628418,53.9818229675293,9.7373046875,14.93780517578125,2024-01-20_06:00:00,/mnt/L2_plus/winds_data_products/2024/2024BX1/wrfout_d04_2024-01-20_060000.nc4,3,77,15.0,1.0,19967163,https://zenodo.org/records/19967163/files/WRF_models_2024BX1.zip,uploaded,2026-05-26T08:22:36
2024BX1,52.63,12.64,2024-01-21T00:32:00,/mnt/L2_plus/events_search/2024BX1/WRF/wrfout_d04_2024-01-20_12:00:00,2024-01-21_00:30:00,2024-01-21_01:00:00,50.8901481628418,53.9818229675293,9.7373046875,14.93780517578125,2024-01-20_12:00:00,/mnt/L2_plus/winds_data_products/2024/2024BX1/wrfout_d04_2024-01-20_120000.nc4,3,53,15.0,1.0,19967163,https://zenodo.org/records/19967163/files/WRF_models_2024BX1.zip,uploaded,2026-05-26T08:22:36
2024BX1,52.63,12.64,2024-01-21T00:32:00,/mnt/L2_plus/events_search/2024BX1/WRF/wrfout_d04_2024-01-20_18:00:00,2024-01-21_00:30:00,2024-01-21_01:00:00,50.8901481628418,53.9818229675293,9.7373046875,14.93780517578125,2024-01-20_18:00:00,/mnt/L2_plus/winds_data_products/2024/2024BX1/wrfout_d04_2024-01-20_180000.nc4,3,29,15.0,1.0,19967163,https://zenodo.org/records/19967163/files/WRF_models_2024BX1.zip,uploaded,2026-05-26T08:22:36
2024BX1,52.63,12.64,2024-01-21T00:32:00,/mnt/L2_plus/events_search/2024BX1/WRF/wrfout_d04_2024-01-21_00:00:00,2024-01-21_00:30:00,2024-01-21_01:00:00,50.8901481628418,53.9818229675293,9.7373046875,14.93780517578125,2024-01-21_00:00:00,/mnt/L2_plus/winds_data_products/2024/2024BX1/wrfout_d04_2024-01-21_000000.nc4,3,5,15.0,1.0,19967163,https://zenodo.org/records/19967163/files/WRF_models_2024BX1.zip,uploaded,2026-05-26T08:22:36
2024RW1,18.083657,123.002342,2024-09-04T16:39:00,/mnt/L2_plus/events_search/2024RW1/WRF/wrfout_d04_2024-09-03_18:00:00,2024-09-04_16:30:00,2024-09-04_17:00:00,16.36772346496582,19.435291290283203,121.19168090820312,124.4354248046875,2024-09-03_18:00:00,/mnt/L2_plus/winds_data_products/2024/2024RW1/wrfout_d04_2024-09-03_180000.nc4,3,93,15.0,1.0,19967163,https://zenodo.org/records/19967163/files/WRF_models_2024RW1.zip,uploaded,
2024RW1,18.083657,123.002342,2024-09-04T16:39:00,/mnt/L2_plus/events_search/2024RW1/WRF/wrfout_d04_2024-09-04_00:00:00,2024-09-04_16:30:00,2024-09-04_17:00:00,16.36772346496582,19.435291290283203,121.19168090820312,124.4354248046875,2024-09-04_00:00:00,/mnt/L2_plus/winds_data_products/2024/2024RW1/wrfout_d04_2024-09-04_000000.nc4,3,69,15.0,1.0,19967163,https://zenodo.org/records/19967163/files/WRF_models_2024RW1.zip,uploaded,
2024RW1,18.083657,123.002342,2024-09-04T16:39:00,/mnt/L2_plus/events_search/2024RW1/WRF/wrfout_d04_2024-09-04_06:00:00,2024-09-04_16:30:00,2024-09-04_17:00:00,16.36772346496582,19.435291290283203,121.19168090820312,124.4354248046875,2024-09-04_06:00:00,/mnt/L2_plus/winds_data_products/2024/2024RW1/wrfout_d04_2024-09-04_060000.nc4,3,45,15.0,1.0,19967163,https://zenodo.org/records/19967163/files/WRF_models_2024RW1.zip,uploaded,
2024RW1,18.083657,123.002342,2024-09-04T16:39:00,/mnt/L2_plus/events_search/2024RW1/WRF/wrfout_d04_2024-09-04_12:00:00,2024-09-04_16:30:00,2024-09-04_17:00:00,16.36772346496582,19.435291290283203,121.19168090820312,124.4354248046875,2024-09-04_12:00:00,/mnt/L2_plus/winds_data_products/2024/2024RW1/wrfout_d04_2024-09-04_120000.nc4,3,21,15.0,1.0,19967163,https://zenodo.org/records/19967163/files/WRF_models_2024RW1.zip,uploaded,
2024_XA1,61.018,119.529,2024-12-03T16:14:58,/mnt/L2_plus/events_search/2024_XA1/WRF/wrfout_d04_2024-12-02_18:00:00,2024-12-03_16:00:00,2024-12-03_16:45:00,59.266517639160156,62.36994552612305,115.84982299804688,122.4420166015625,2024-12-02_18:00:00,/mnt/L2_plus/winds_data_products/2024/2024_XA1/wrfout_d04_2024-12-02_180000.nc4,4,92,15.0,1.0,19967163,https://zenodo.org/records/19967163/files/WRF_models_2024_XA1.zip,uploaded,
2024_XA1,61.018,119.529,2024-12-03T16:14:58,/mnt/L2_plus/events_search/2024_XA1/WRF/wrfout_d04_2024-12-03_00:00:00,2024-12-03_16:00:00,2024-12-03_16:45:00,59.266517639160156,62.36994552612305,115.84982299804688,122.4420166015625,2024-12-03_00:00:00,/mnt/L2_plus/winds_data_products/2024/2024_XA1/wrfout_d04_2024-12-03_000000.nc4,4,68,15.0,1.0,19967163,https://zenodo.org/records/19967163/files/WRF_models_2024_XA1.zip,uploaded,
2024_XA1,61.018,119.529,2024-12-03T16:14:58,/mnt/L2_plus/events_search/2024_XA1/WRF/wrfout_d04_2024-12-03_06:00:00,2024-12-03_16:00:00,2024-12-03_16:45:00,59.266517639160156,62.36994552612305,115.84982299804688,122.4420166015625,2024-12-03_06:00:00,/mnt/L2_plus/winds_data_products/2024/2024_XA1/wrfout_d04_2024-12-03_060000.nc4,4,44,15.0,1.0,19967163,https://zenodo.org/records/19967163/files/WRF_models_2024_XA1.zip,uploaded,
2024_XA1,61.018,119.529,2024-12-03T16:14:58,/mnt/L2_plus/events_search/2024_XA1/WRF/wrfout_d04_2024-12-03_12:00:00,2024-12-03_16:00:00,2024-12-03_16:45:00,59.266517639160156,62.36994552612305,115.84982299804688,122.4420166015625,2024-12-03_12:00:00,/mnt/L2_plus/winds_data_products/2024/2024_XA1/wrfout_d04_2024-12-03_120000.nc4,4,20,15.0,1.0,19967163,https://zenodo.org/records/19967163/files/WRF_models_2024_XA1.zip,uploaded,
2025-02-18_Drelow,51.879,22.827,2025-02-18T17:04:14,/mnt/L2_plus/events_search/2025-02-18_Drelow/WRF/wrfout_d04_2025-02-17_18:00:00,2025-02-18_17:00:00,2025-02-18_17:30:00,50.13997268676758,53.23080825805664,19.975341796875,25.0843505859375,2025-02-17_18:00:00,/mnt/L2_plus/winds_data_products/2025/2025-02-18_Drelow/wrfout_d04_2025-02-17_180000.nc4,3,95,15.0,1.0,19967974,https://zenodo.org/records/19967974/files/WRF_models_2025-02-18_Drelow.zip,uploaded,
2025-02-18_Drelow,51.879,22.827,2025-02-18T17:04:14,/mnt/L2_plus/events_search/2025-02-18_Drelow/WRF/wrfout_d04_2025-02-18_00:00:00,2025-02-18_17:00:00,2025-02-18_17:30:00,50.13997268676758,53.23080825805664,19.975341796875,25.0843505859375,2025-02-18_00:00:00,/mnt/L2_plus/winds_data_products/2025/2025-02-18_Drelow/wrfout_d04_2025-02-18_000000.nc4,3,71,15.0,1.0,19967974,https://zenodo.org/records/19967974/files/WRF_models_2025-02-18_Drelow.zip,uploaded,
2025-02-18_Drelow,51.879,22.827,2025-02-18T17:04:14,/mnt/L2_plus/events_search/2025-02-18_Drelow/WRF/wrfout_d04_2025-02-18_06:00:00,2025-02-18_17:00:00,2025-02-18_17:30:00,50.13997268676758,53.23080825805664,19.975341796875,25.0843505859375,2025-02-18_06:00:00,/mnt/L2_plus/winds_data_products/2025/2025-02-18_Drelow/wrfout_d04_2025-02-18_060000.nc4,3,47,15.0,1.0,19967974,https://zenodo.org/records/19967974/files/WRF_models_2025-02-18_Drelow.zip,uploaded,
2025-02-18_Drelow,51.879,22.827,2025-02-18T17:04:14,/mnt/L2_plus/events_search/2025-02-18_Drelow/WRF/wrfout_d04_2025-02-18_12:00:00,2025-02-18_17:00:00,2025-02-18_17:30:00,50.13997268676758,53.23080825805664,19.975341796875,25.0843505859375,2025-02-18_12:00:00,/mnt/L2_plus/winds_data_products/2025/2025-02-18_Drelow/wrfout_d04_2025-02-18_120000.nc4,3,23,15.0,1.0,19967974,https://zenodo.org/records/19967974/files/WRF_models_2025-02-18_Drelow.zip,uploaded,
2025-03-21_Binar_HAB,-32.84561,116.07043,2025-03-21T02:30:00,/mnt/L2_plus/events_search/2025-03-21_Binar_HAB/WRF/wrfout_d04_2025-03-20_06:00:00,2025-03-21_02:15:00,2025-03-21_03:00:00,-34.55340576171875,-31.477767944335938,113.9976806640625,117.71096801757812,2025-03-20_06:00:00,/mnt/L2_plus/winds_data_products/2025/2025-03-21_Binar_HAB/wrfout_d04_2025-03-20_060000.nc4,4,85,15.0,1.0,19967974,https://zenodo.org/records/19967974/files/WRF_models_2025-03-21_Binar_HAB.zip,uploaded,
2025-03-21_Binar_HAB,-32.84561,116.07043,2025-03-21T02:30:00,/mnt/L2_plus/events_search/2025-03-21_Binar_HAB/WRF/wrfout_d04_2025-03-20_12:00:00,2025-03-21_02:15:00,2025-03-21_03:00:00,-34.55340576171875,-31.477767944335938,113.9976806640625,117.71096801757812,2025-03-20_12:00:00,/mnt/L2_plus/winds_data_products/2025/2025-03-21_Binar_HAB/wrfout_d04_2025-03-20_120000.nc4,4,61,15.0,1.0,19967974,https://zenodo.org/records/19967974/files/WRF_models_2025-03-21_Binar_HAB.zip,uploaded,
2025-03-21_Binar_HAB,-32.84561,116.07043,2025-03-21T02:30:00,/mnt/L2_plus/events_search/2025-03-21_Binar_HAB/WRF/wrfout_d04_2025-03-20_18:00:00,2025-03-21_02:15:00,2025-03-21_03:00:00,-34.55340576171875,-31.477767944335938,113.9976806640625,117.71096801757812,2025-03-20_18:00:00,/mnt/L2_plus/winds_data_products/2025/2025-03-21_Binar_HAB/wrfout_d04_2025-03-20_180000.nc4,4,37,15.0,1.0,19967974,https://zenodo.org/records/19967974/files/WRF_models_2025-03-21_Binar_HAB.zip,uploaded,
2025-03-21_Binar_HAB,-32.84561,116.07043,2025-03-21T02:30:00,/mnt/L2_plus/events_search/2025-03-21_Binar_HAB/WRF/wrfout_d04_2025-03-21_00:00:00,2025-03-21_02:15:00,2025-03-21_03:00:00,-34.55340576171875,-31.477767944335938,113.9976806640625,117.71096801757812,2025-03-21_00:00:00,/mnt/L2_plus/winds_data_products/2025/2025-03-21_Binar_HAB/wrfout_d04_2025-03-21_000000.nc4,4,13,15.0,1.0,19967974,https://zenodo.org/records/19967974/files/WRF_models_2025-03-21_Binar_HAB.zip,uploaded,
2025-10-27_Okulovka,58.397,33.63,2025-10-27T03:32:13,/mnt/L2_plus/events_search/2025-10-27_Okulovka/WRF/wrfout_d04_2025-10-26_06:00:00,2025-10-27_03:30:00,2025-10-27_04:00:00,56.64971923828125,59.748905181884766,30.242584228515625,36.311798095703125,2025-10-26_06:00:00,/mnt/L2_plus/winds_data_products/2025/2025-10-27_Okulovka/wrfout_d04_2025-10-26_060000.nc4,3,89,15.0,1.0,19967974,https://zenodo.org/records/19967974/files/WRF_models_2025-10-27_Okulovka.zip,uploaded,
2025-10-27_Okulovka,58.397,33.63,2025-10-27T03:32:13,/mnt/L2_plus/events_search/2025-10-27_Okulovka/WRF/wrfout_d04_2025-10-26_12:00:00,2025-10-27_03:30:00,2025-10-27_04:00:00,56.64971923828125,59.748905181884766,30.242584228515625,36.311798095703125,2025-10-26_12:00:00,/mnt/L2_plus/winds_data_products/2025/2025-10-27_Okulovka/wrfout_d04_2025-10-26_120000.nc4,3,65,15.0,1.0,19967974,https://zenodo.org/records/19967974/files/WRF_models_2025-10-27_Okulovka.zip,uploaded,
2025-10-27_Okulovka,58.397,33.63,2025-10-27T03:32:13,/mnt/L2_plus/events_search/2025-10-27_Okulovka/WRF/wrfout_d04_2025-10-26_18:00:00,2025-10-27_03:30:00,2025-10-27_04:00:00,56.64971923828125,59.748905181884766,30.242584228515625,36.311798095703125,2025-10-26_18:00:00,/mnt/L2_plus/winds_data_products/2025/2025-10-27_Okulovka/wrfout_d04_2025-10-26_180000.nc4,3,41,15.0,1.0,19967974,https://zenodo.org/records/19967974/files/WRF_models_2025-10-27_Okulovka.zip,uploaded,
2025-10-27_Okulovka,58.397,33.63,2025-10-27T03:32:13,/mnt/L2_plus/events_search/2025-10-27_Okulovka/WRF/wrfout_d04_2025-10-27_00:00:00,2025-10-27_03:30:00,2025-10-27_04:00:00,56.64971923828125,59.748905181884766,30.242584228515625,36.311798095703125,2025-10-27_00:00:00,/mnt/L2_plus/winds_data_products/2025/2025-10-27_Okulovka/wrfout_d04_2025-10-27_000000.nc4,3,17,15.0,1.0,19967974,https://zenodo.org/records/19967974/files/WRF_models_2025-10-27_Okulovka.zip,uploaded,
2026-03-08_Koblenz,50.352,7.531,2026-03-08T17:55:02,/mnt/L2_plus/events_search/2026-03-08_Koblenz/WRF/wrfout_d04_2026-03-07_18:00:00,2026-03-08_17:45:00,2026-03-08_18:15:00,48.61460494995117,51.703800201416016,4.776458740234375,9.71142578125,2026-03-07_18:00:00,/mnt/L2_plus/winds_data_products/2026/2026-03-08_Koblenz/wrfout_d04_2026-03-07_180000.nc4,3,98,15.0,1.0,19968956,https://zenodo.org/records/19968956/files/WRF_models_2026-03-08_Koblenz.zip,uploaded,
2026-03-08_Koblenz,50.352,7.531,2026-03-08T17:55:02,/mnt/L2_plus/events_search/2026-03-08_Koblenz/WRF/wrfout_d04_2026-03-08_00:00:00,2026-03-08_17:45:00,2026-03-08_18:15:00,48.61460494995117,51.703800201416016,4.776458740234375,9.71142578125,2026-03-08_00:00:00,/mnt/L2_plus/winds_data_products/2026/2026-03-08_Koblenz/wrfout_d04_2026-03-08_000000.nc4,3,74,15.0,1.0,19968956,https://zenodo.org/records/19968956/files/WRF_models_2026-03-08_Koblenz.zip,uploaded,
2026-03-08_Koblenz,50.352,7.531,2026-03-08T17:55:02,/mnt/L2_plus/events_search/2026-03-08_Koblenz/WRF/wrfout_d04_2026-03-08_06:00:00,2026-03-08_17:45:00,2026-03-08_18:15:00,48.61460494995117,51.703800201416016,4.776458740234375,9.71142578125,2026-03-08_06:00:00,/mnt/L2_plus/winds_data_products/2026/2026-03-08_Koblenz/wrfout_d04_2026-03-08_060000.nc4,3,50,15.0,1.0,19968956,https://zenodo.org/records/19968956/files/WRF_models_2026-03-08_Koblenz.zip,uploaded,
2026-03-08_Koblenz,50.352,7.531,2026-03-08T17:55:02,/mnt/L2_plus/events_search/2026-03-08_Koblenz/WRF/wrfout_d04_2026-03-08_12:00:00,2026-03-08_17:45:00,2026-03-08_18:15:00,48.61460494995117,51.703800201416016,4.776458740234375,9.71142578125,2026-03-08_12:00:00,/mnt/L2_plus/winds_data_products/2026/2026-03-08_Koblenz/wrfout_d04_2026-03-08_120000.nc4,3,26,15.0,1.0,19968956,https://zenodo.org/records/19968956/files/WRF_models_2026-03-08_Koblenz.zip,uploaded,
2026-04-17_Zadzim,51.706,18.906,2026-04-17T18:53:59,/mnt/L2_plus/events_search/2026-04-17_Zadzim/WRF/wrfout_d04_2026-04-17_00:00:00,2026-04-17_18:45:00,2026-04-17_19:15:00,49.9671745300293,53.05781555175781,16.065826416015625,21.154266357421875,2026-04-17_00:00:00,/mnt/L2_plus/winds_data_products/2026/2026-04-17_Zadzim/wrfout_d04_2026-04-17_000000.nc4,3,78,15.0,1.0,19968956,https://zenodo.org/records/19968956/files/WRF_models_2026-04-17_Zadzim.zip,uploaded,
2026-04-17_Zadzim,51.706,18.906,2026-04-17T18:53:59,/mnt/L2_plus/events_search/2026-04-17_Zadzim/WRF/wrfout_d04_2026-04-17_06:00:00,2026-04-17_18:45:00,2026-04-17_19:15:00,49.9671745300293,53.05781555175781,16.065826416015625,21.154266357421875,2026-04-17_06:00:00,/mnt/L2_plus/winds_data_products/2026/2026-04-17_Zadzim/wrfout_d04_2026-04-17_060000.nc4,3,54,15.0,1.0,19968956,https://zenodo.org/records/19968956/files/WRF_models_2026-04-17_Zadzim.zip,uploaded,
2026-04-17_Zadzim,51.706,18.906,2026-04-17T18:53:59,/mnt/L2_plus/events_search/2026-04-17_Zadzim/WRF/wrfout_d04_2026-04-17_12:00:00,2026-04-17_18:45:00,2026-04-17_19:15:00,49.9671745300293,53.05781555175781,16.065826416015625,21.154266357421875,2026-04-17_12:00:00,/mnt/L2_plus/winds_data_products/2026/2026-04-17_Zadzim/wrfout_d04_2026-04-17_120000.nc4,3,30,15.0,1.0,19968956,https://zenodo.org/records/19968956/files/WRF_models_2026-04-17_Zadzim.zip,uploaded,
2026-04-17_Zadzim,51.706,18.906,2026-04-17T18:53:59,/mnt/L2_plus/events_search/2026-04-17_Zadzim/WRF/wrfout_d04_2026-04-17_18:00:00,2026-04-17_18:45:00,2026-04-17_19:15:00,49.9671745300293,53.05781555175781,16.065826416015625,21.154266357421875,2026-04-17_18:00:00,/mnt/L2_plus/winds_data_products/2026/2026-04-17_Zadzim/wrfout_d04_2026-04-17_180000.nc4,3,6,15.0,1.0,19968956,https://zenodo.org/records/19968956/files/WRF_models_2026-04-17_Zadzim.zip,uploaded,
USG_2013-07-31T03-50,-31.81852,137.02830,2013-07-31T03:52:09,/mnt/L2_plus/events_search/USG_2013-07-31T03-50/WRF/wrfout_d04_2013-07-30_12:00:00,2013-07-31_03:30:00,2013-07-31_04:30:00,-33.24591827392578,-30.69601058959961,135.36953735351562,138.40875244140625,2013-07-30_12:00:00,/mnt/L2_plus/winds_data_products/2013/USG_2013-07-31T03-50/wrfout_d04_2013-07-30_120000.nc4,3,34,30.0,1.0,19993753,https://zenodo.org/records/19993753/files/WRF_models_USG_2013-07-31T03-50.zip,uploaded,
USG_2013-07-31T03-50,-31.81852,137.02830,2013-07-31T03:52:09,/mnt/L2_plus/events_search/USG_2013-07-31T03-50/WRF/wrfout_d04_2013-07-30_18:00:00,2013-07-31_03:30:00,2013-07-31_04:30:00,-33.24591827392578,-30.69601058959961,135.36953735351562,138.40875244140625,2013-07-30_18:00:00,/mnt/L2_plus/winds_data_products/2013/USG_2013-07-31T03-50/wrfout_d04_2013-07-30_180000.nc4,3,22,30.0,1.0,19993753,https://zenodo.org/records/19993753/files/WRF_models_USG_2013-07-31T03-50.zip,uploaded,
USG_2013-07-31T03-50,-31.81852,137.02830,2013-07-31T03:52:09,/mnt/L2_plus/events_search/USG_2013-07-31T03-50/WRF/wrfout_d04_2013-07-31_00:00:00,2013-07-31_03:30:00,2013-07-31_04:30:00,-33.24591827392578,-30.69601058959961,135.36953735351562,138.40875244140625,2013-07-31_00:00:00,/mnt/L2_plus/winds_data_products/2013/USG_2013-07-31T03-50/wrfout_d04_2013-07-31_000000.nc4,3,10,30.0,1.0,19993753,https://zenodo.org/records/19993753/files/WRF_models_USG_2013-07-31T03-50.zip,uploaded,
USG_2016-06-05T06-12,-17.4,138.3,2016-06-05T06:12:55,/mnt/L2_plus/events_search/USG_2016-06-05T06-12/WRF/wrfout_d04_2016-06-04_12:00:00,2016-06-05_06:00:00,2016-06-05_06:45:00,-19.107755661010742,-16.040468215942383,136.49322509765625,139.72994995117188,2016-06-04_12:00:00,/mnt/L2_plus/winds_data_products/2016/USG_2016-06-05T06-12/wrfout_d04_2016-06-04_120000.nc4,4,76,15.0,1.0,19993887,https://zenodo.org/records/19993887/files/WRF_models_USG_2016-06-05T06-12.zip,uploaded,
USG_2016-06-05T06-12,-17.4,138.3,2016-06-05T06:12:55,/mnt/L2_plus/events_search/USG_2016-06-05T06-12/WRF/wrfout_d04_2016-06-04_18:00:00,2016-06-05_06:00:00,2016-06-05_06:45:00,-19.107755661010742,-16.040468215942383,136.49322509765625,139.72994995117188,2016-06-04_18:00:00,/mnt/L2_plus/winds_data_products/2016/USG_2016-06-05T06-12/wrfout_d04_2016-06-04_180000.nc4,4,52,15.0,1.0,19993887,https://zenodo.org/records/19993887/files/WRF_models_USG_2016-06-05T06-12.zip,uploaded,
USG_2016-06-05T06-12,-17.4,138.3,2016-06-05T06:12:55,/mnt/L2_plus/events_search/USG_2016-06-05T06-12/WRF/wrfout_d04_2016-06-05_00:00:00,2016-06-05_06:00:00,2016-06-05_06:45:00,-19.107755661010742,-16.040468215942383,136.49322509765625,139.72994995117188,2016-06-05_00:00:00,/mnt/L2_plus/winds_data_products/2016/USG_2016-06-05T06-12/wrfout_d04_2016-06-05_000000.nc4,4,28,15.0,1.0,19993887,https://zenodo.org/records/19993887/files/WRF_models_USG_2016-06-05T06-12.zip,uploaded,
USG_2016-06-05T06-12,-17.4,138.3,2016-06-05T06:12:55,/mnt/L2_plus/events_search/USG_2016-06-05T06-12/WRF/wrfout_d04_2016-06-05_06:00:00,2016-06-05_06:00:00,2016-06-05_06:45:00,-19.107755661010742,-16.040468215942383,136.49322509765625,139.72994995117188,2016-06-05_06:00:00,/mnt/L2_plus/winds_data_products/2016/USG_2016-06-05T06-12/wrfout_d04_2016-06-05_060000.nc4,4,4,15.0,1.0,19993887,https://zenodo.org/records/19993887/files/WRF_models_USG_2016-06-05T06-12.zip,uploaded,
USG_2019-05-19T14-47,-23.6,132.8,2019-05-19T14:47:03,/mnt/L2_plus/events_search/USG_2019-05-19T14-47/WRF/wrfout_d04_2019-05-19_06:00:00,2019-05-19_14:40:00,2019-05-19_15:00:00,-24.994176864624023,-22.637537002563477,131.20175170898438,133.80511474609375,2019-05-19_06:00:00,/mnt/L2_plus/winds_data_products/2019/USG_2019-05-19T14-47/wrfout_d04_2019-05-19_060000.nc4,2,28,20.0,1.0,19971297,https://zenodo.org/records/19971297/files/WRF_models_USG_2019-05-19T14-47.zip,uploaded,
USG_2019-05-19T14-47,-23.6,132.8,2019-05-19T14:47:03,/mnt/L2_plus/events_search/USG_2019-05-19T14-47/WRF/wrfout_d04_2019-05-19_12:00:00,2019-05-19_14:40:00,2019-05-19_15:00:00,-24.994176864624023,-22.637537002563477,131.20175170898438,133.80511474609375,2019-05-19_12:00:00,/mnt/L2_plus/winds_data_products/2019/USG_2019-05-19T14-47/wrfout_d04_2019-05-19_120000.nc4,2,10,20.0,1.0,19971297,https://zenodo.org/records/19971297/files/WRF_models_USG_2019-05-19T14-47.zip,uploaded,
DN201205_01,-29.976049520903956,135.36774728761083,2020-12-05T17:28:54,/mnt/L2_plus/events_trello/DN201205_01/WRF/wrfout_d02_2020-12-05_00:00:00,2020-12-05_17:00:09,2020-12-05_18:00:00,-34.531005859375,-24.138654708862305,128.46554565429688,140.88922119140625,2020-12-05_00:00:00,/mnt/L2_plus/winds_data_products/2020/DN201205_01/wrfout_d02_2020-12-05_000000.nc4,3,37,30.15,9.0,19998571,https://zenodo.org/records/19998571/files/WRF_models_DN201205_01.zip,uploaded,
DN201205_01,-29.976049520903956,135.36774728761083,2020-12-05T17:28:54,/mnt/L2_plus/events_trello/DN201205_01/WRF/wrfout_d02_2020-12-05_06:00:00,2020-12-05_17:00:09,2020-12-05_18:00:00,-34.531005859375,-24.138654708862305,128.46554565429688,140.88922119140625,2020-12-05_06:00:00,/mnt/L2_plus/winds_data_products/2020/DN201205_01/wrfout_d02_2020-12-05_060000.nc4,3,25,30.15,9.0,19998571,https://zenodo.org/records/19998571/files/WRF_models_DN201205_01.zip,uploaded,
DN201205_01,-29.976049520903956,135.36774728761083,2020-12-05T17:28:54,/mnt/L2_plus/events_trello/DN201205_01/WRF/wrfout_d02_2020-12-05_12:00:00,2020-12-05_17:00:09,2020-12-05_18:00:00,-34.531005859375,-24.138654708862305,128.46554565429688,140.88922119140625,2020-12-05_12:00:00,/mnt/L2_plus/winds_data_products/2020/DN201205_01/wrfout_d02_2020-12-05_120000.nc4,3,13,30.15,9.0,19998571,https://zenodo.org/records/19998571/files/WRF_models_DN201205_01.zip,uploaded,
DN201205_01,-29.976049520903956,135.36774728761083,2020-12-05T17:28:54,/mnt/L2_plus/events_trello/DN201205_01/WRF/wrfout_d04_2020-12-05_12:00:00,2020-12-05_17:15:00,2020-12-05_18:00:00,-31.683855056762695,-28.609922409057617,133.36154174804688,136.95562744140625,2020-12-05_12:00:00,/mnt/L2_plus/winds_data_products/2020/DN201205_01/wrfout_d04_2020-12-05_120000.nc4,4,25,15.0,1.0,19998571,https://zenodo.org/records/19998571/files/WRF_models_DN201205_01.zip,uploaded,
DN230807_02_fireball_end,-37.89938581394667,144.32250866584124,2023-08-07T13:56:14,/mnt/L2_plus/events_trello/DN230807_02/WRF/wrfout_d04_2023-08-06_18:00:00,2023-08-07_13:45:00,2023-08-07_14:30:00,-40.26011657714844,-37.1806640625,142.59768676757812,146.6053466796875,2023-08-06_18:00:00,/mnt/L2_plus/winds_data_products/2023/DN230807_02_fireball_end/wrfout_d04_2023-08-06_180000.nc4,4,83,15.0,1.0,19998571,https://zenodo.org/records/19998571/files/WRF_models_DN230807_02_fireball_end.zip,uploaded,
DN230807_02_fireball_end,-37.89938581394667,144.32250866584124,2023-08-07T13:56:14,/mnt/L2_plus/events_trello/DN230807_02/WRF/wrfout_d04_2023-08-07_00:00:00,2023-08-07_13:45:00,2023-08-07_14:30:00,-40.26011657714844,-37.1806640625,142.59768676757812,146.6053466796875,2023-08-07_00:00:00,/mnt/L2_plus/winds_data_products/2023/DN230807_02_fireball_end/wrfout_d04_2023-08-07_000000.nc4,4,59,15.0,1.0,19998571,https://zenodo.org/records/19998571/files/WRF_models_DN230807_02_fireball_end.zip,uploaded,
DN230807_02_fireball_end,-37.89938581394667,144.32250866584124,2023-08-07T13:56:14,/mnt/L2_plus/events_trello/DN230807_02/WRF/wrfout_d04_2023-08-07_06:00:00,2023-08-07_13:45:00,2023-08-07_14:30:00,-40.26011657714844,-37.1806640625,142.59768676757812,146.6053466796875,2023-08-07_06:00:00,/mnt/L2_plus/winds_data_products/2023/DN230807_02_fireball_end/wrfout_d04_2023-08-07_060000.nc4,4,35,15.0,1.0,19998571,https://zenodo.org/records/19998571/files/WRF_models_DN230807_02_fireball_end.zip,uploaded,
DN230807_02_fireball_end,-37.89938581394667,144.32250866584124,2023-08-07T13:56:14,/mnt/L2_plus/events_trello/DN230807_02/WRF/wrfout_d04_2023-08-07_12:00:00,2023-08-07_13:45:00,2023-08-07_14:30:00,-40.26011657714844,-37.1806640625,142.59768676757812,146.6053466796875,2023-08-07_12:00:00,/mnt/L2_plus/winds_data_products/2023/DN230807_02_fireball_end/wrfout_d04_2023-08-07_120000.nc4,4,11,15.0,1.0,19998571,https://zenodo.org/records/19998571/files/WRF_models_DN230807_02_fireball_end.zip,uploaded,
DN230807_02_Soyuz_Tas,-41.8900,147.5500,2023-08-07T13:57:22,/mnt/L2_plus/events_search/DN230807_02_Soyuz_Tas/WRF/wrfout_d04_2023-08-06_18:00:00,2023-08-07_13:45:00,2023-08-07_14:30:00,-43.59787368774414,-40.515953063964844,145.19281005859375,149.41571044921875,2023-08-06_18:00:00,/mnt/L2_plus/winds_data_products/2023/DN230807_02_Soyuz_Tas/wrfout_d04_2023-08-06_180000.nc4,4,83,15.0,1.0,19998571,https://zenodo.org/records/19998571/files/WRF_models_DN230807_02_Soyuz_Tas.zip,uploaded,
DN230807_02_Soyuz_Tas,-41.8900,147.5500,2023-08-07T13:57:22,/mnt/L2_plus/events_search/DN230807_02_Soyuz_Tas/WRF/wrfout_d04_2023-08-07_00:00:00,2023-08-07_13:45:00,2023-08-07_14:30:00,-43.59787368774414,-40.515953063964844,145.19281005859375,149.41571044921875,2023-08-07_00:00:00,/mnt/L2_plus/winds_data_products/2023/DN230807_02_Soyuz_Tas/wrfout_d04_2023-08-07_000000.nc4,4,59,15.0,1.0,19998571,https://zenodo.org/records/19998571/files/WRF_models_DN230807_02_Soyuz_Tas.zip,uploaded,
DN230807_02_Soyuz_Tas,-41.8900,147.5500,2023-08-07T13:57:22,/mnt/L2_plus/events_search/DN230807_02_Soyuz_Tas/WRF/wrfout_d04_2023-08-07_06:00:00,2023-08-07_13:45:00,2023-08-07_14:30:00,-43.59787368774414,-40.515953063964844,145.19281005859375,149.41571044921875,2023-08-07_06:00:00,/mnt/L2_plus/winds_data_products/2023/DN230807_02_Soyuz_Tas/wrfout_d04_2023-08-07_060000.nc4,4,35,15.0,1.0,19998571,https://zenodo.org/records/19998571/files/WRF_models_DN230807_02_Soyuz_Tas.zip,uploaded,
DN230807_02_Soyuz_Tas,-41.8900,147.5500,2023-08-07T13:57:22,/mnt/L2_plus/events_search/DN230807_02_Soyuz_Tas/WRF/wrfout_d04_2023-08-07_12:00:00,2023-08-07_13:45:00,2023-08-07_14:30:00,-43.59787368774414,-40.515953063964844,145.19281005859375,149.41571044921875,2023-08-07_12:00:00,/mnt/L2_plus/winds_data_products/2023/DN230807_02_Soyuz_Tas/wrfout_d04_2023-08-07_120000.nc4,4,11,15.0,1.0,19998571,https://zenodo.org/records/19998571/files/WRF_models_DN230807_02_Soyuz_Tas.zip,uploaded,
DN220708_10_spacex_debris,-36.13,148.36,2022-07-08T21:00:00,/mnt/L2_plus/events_search/DN220708_10_spacex_debris/WRF/wrfout_d04_2022-07-08_000000,2022-07-08_20:45:00,2022-07-08_21:30:00,-37.852718353271484,-34.74830627441406,146.17828369140625,150.0867919921875,2022-07-08_00:00:00,/mnt/L2_plus/winds_data_products/2022/DN220708_10_spacex_debris/wrfout_d04_2022-07-08_000000.nc4,4,87,15.0,1.0,19998571,https://zenodo.org/records/19998571/files/WRF_models_DN220708_10_spacex_debris.zip,uploaded,
DN220708_10_spacex_debris,-36.13,148.36,2022-07-08T21:00:00,/mnt/L2_plus/events_search/DN220708_10_spacex_debris/WRF/wrfout_d04_2022-07-08_060000,2022-07-08_20:45:00,2022-07-08_21:30:00,-37.852718353271484,-34.74830627441406,146.17828369140625,150.0867919921875,2022-07-08_06:00:00,/mnt/L2_plus/winds_data_products/2022/DN220708_10_spacex_debris/wrfout_d04_2022-07-08_060000.nc4,4,63,15.0,1.0,19998571,https://zenodo.org/records/19998571/files/WRF_models_DN220708_10_spacex_debris.zip,uploaded,
DN220708_10_spacex_debris,-36.13,148.36,2022-07-08T21:00:00,/mnt/L2_plus/events_search/DN220708_10_spacex_debris/WRF/wrfout_d04_2022-07-08_120000,2022-07-08_20:45:00,2022-07-08_21:30:00,-37.852718353271484,-34.74830627441406,146.17828369140625,150.0867919921875,2022-07-08_12:00:00,/mnt/L2_plus/winds_data_products/2022/DN220708_10_spacex_debris/wrfout_d04_2022-07-08_120000.nc4,4,39,15.0,1.0,19998571,https://zenodo.org/records/19998571/files/WRF_models_DN220708_10_spacex_debris.zip,uploaded,
DN220708_10_spacex_debris,-36.13,148.36,2022-07-08T21:00:00,/mnt/L2_plus/events_search/DN220708_10_spacex_debris/WRF/wrfout_d04_2022-07-08_180000,2022-07-08_20:45:00,2022-07-08_21:30:00,-37.852718353271484,-34.74830627441406,146.17828369140625,150.0867919921875,2022-07-08_18:00:00,/mnt/L2_plus/winds_data_products/2022/DN220708_10_spacex_debris/wrfout_d04_2022-07-08_180000.nc4,4,15,15.0,1.0,19998571,https://zenodo.org/records/19998571/files/WRF_models_DN220708_10_spacex_debris.zip,uploaded,
DN260327_01,-31.169927746,129.90860720,2026-03-27T19:00:07,/mnt/L2_plus/events_trello/DN260327_01/WRF/wrfout_d03_2026-03-27_00:00:00,2026-03-27_19:00:00,2026-03-27_19:30:00,-32.84123229980469,-29.81287384033203,127.92007446289062,131.50601196289062,2026-03-27_00:00:00,/mnt/L2_plus/winds_data_products/2026/DN260327_01/wrfout_d03_2026-03-27_000000.nc4,3,79,15.0,3.0,19968956,https://zenodo.org/records/19968956/files/WRF_models_DN260327_01.zip,uploaded,
DN260327_01,-31.169927746,129.90860720,2026-03-27T19:00:07,/mnt/L2_plus/events_trello/DN260327_01/WRF/wrfout_d03_2026-03-27_06:00:00,2026-03-27_19:00:00,2026-03-27_19:30:00,-32.84123229980469,-29.81287384033203,127.92007446289062,131.50601196289062,2026-03-27_06:00:00,/mnt/L2_plus/winds_data_products/2026/DN260327_01/wrfout_d03_2026-03-27_060000.nc4,3,55,15.0,3.0,19968956,https://zenodo.org/records/19968956/files/WRF_models_DN260327_01.zip,uploaded,
DN260327_01,-31.169927746,129.90860720,2026-03-27T19:00:07,/mnt/L2_plus/events_trello/DN260327_01/WRF/wrfout_d03_2026-03-27_12:00:00,2026-03-27_19:00:00,2026-03-27_19:30:00,-32.84123229980469,-29.81287384033203,127.92007446289062,131.50601196289062,2026-03-27_12:00:00,/mnt/L2_plus/winds_data_products/2026/DN260327_01/wrfout_d03_2026-03-27_120000.nc4,3,31,15.0,3.0,19968956,https://zenodo.org/records/19968956/files/WRF_models_DN260327_01.zip,uploaded,
DN260327_01,-31.169927746,129.90860720,2026-03-27T19:00:07,/mnt/L2_plus/events_trello/DN260327_01/WRF/wrfout_d03_2026-03-27_18:00:00,2026-03-27_19:00:00,2026-03-27_19:30:00,-32.84123229980469,-29.81287384033203,127.92007446289062,131.50601196289062,2026-03-27_18:00:00,/mnt/L2_plus/winds_data_products/2026/DN260327_01/wrfout_d03_2026-03-27_180000.nc4,3,7,15.0,3.0,19968956,https://zenodo.org/records/19968956/files/WRF_models_DN260327_01.zip,uploaded,
DN260327_01,-31.169927746,129.90860720,2026-03-27T19:00:07,/mnt/L2_plus/events_trello/DN260327_01/WRF/wrfout_d04_2026-03-27_00:00:00,2026-03-27_19:00:00,2026-03-27_19:30:00,-32.877742767333984,-29.80310821533203,127.8758544921875,131.51751708984375,2026-03-27_00:00:00,/mnt/L2_plus/winds_data_products/2026/DN260327_01/wrfout_d04_2026-03-27_000000.nc4,3,79,15.0,1.0,19968956,https://zenodo.org/records/19968956/files/WRF_models_DN260327_01.zip,uploaded,
DN260327_01,-31.169927746,129.90860720,2026-03-27T19:00:07,/mnt/L2_plus/events_trello/DN260327_01/WRF/wrfout_d04_2026-03-27_06:00:00,2026-03-27_19:00:00,2026-03-27_19:30:00,-32.877742767333984,-29.80310821533203,127.8758544921875,131.51751708984375,2026-03-27_06:00:00,/mnt/L2_plus/winds_data_products/2026/DN260327_01/wrfout_d04_2026-03-27_060000.nc4,3,55,15.0,1.0,19968956,https://zenodo.org/records/19968956/files/WRF_models_DN260327_01.zip,uploaded,
DN260327_01,-31.169927746,129.90860720,2026-03-27T19:00:07,/mnt/L2_plus/events_trello/DN260327_01/WRF/wrfout_d04_2026-03-27_12:00:00,2026-03-27_19:00:00,2026-03-27_19:30:00,-32.877742767333984,-29.80310821533203,127.8758544921875,131.51751708984375,2026-03-27_12:00:00,/mnt/L2_plus/winds_data_products/2026/DN260327_01/wrfout_d04_2026-03-27_120000.nc4,3,31,15.0,1.0,19968956,https://zenodo.org/records/19968956/files/WRF_models_DN260327_01.zip,uploaded,
DN260327_01,-31.169927746,129.90860720,2026-03-27T19:00:07,/mnt/L2_plus/events_trello/DN260327_01/WRF/wrfout_d04_2026-03-27_18:00:00,2026-03-27_19:00:00,2026-03-27_19:30:00,-32.877742767333984,-29.80310821533203,127.8758544921875,131.51751708984375,2026-03-27_18:00:00,/mnt/L2_plus/winds_data_products/2026/DN260327_01/wrfout_d04_2026-03-27_180000.nc4,3,7,15.0,1.0,19968956,https://zenodo.org/records/19968956/files/WRF_models_DN260327_01.zip,uploaded,
DN250216_01,32.100389,-114.644235,2025-02-16T09:53:48,/mnt/L2_plus/events_trello/DN250216_01/WRF/wrfout_d04_2025-02-15_12:00:00,2025-02-16_09:45:00,2025-02-16_10:15:00,30.353839874267578,33.428897857666016,-116.72134399414062,-113.05619812011719,2025-02-15_12:00:00,/mnt/L2_plus/winds_data_products/2025/DN250216_01/wrfout_d04_2025-02-15_120000.nc4,3,90,15.0,1.0,19967974,https://zenodo.org/records/19967974/files/WRF_models_DN250216_01.zip,uploaded,
DN250216_01,32.100389,-114.644235,2025-02-16T09:53:48,/mnt/L2_plus/events_trello/DN250216_01/WRF/wrfout_d04_2025-02-15_18:00:00,2025-02-16_09:45:00,2025-02-16_10:15:00,30.353839874267578,33.428897857666016,-116.72134399414062,-113.05619812011719,2025-02-15_18:00:00,/mnt/L2_plus/winds_data_products/2025/DN250216_01/wrfout_d04_2025-02-15_180000.nc4,3,66,15.0,1.0,19967974,https://zenodo.org/records/19967974/files/WRF_models_DN250216_01.zip,uploaded,
DN250216_01,32.100389,-114.644235,2025-02-16T09:53:48,/mnt/L2_plus/events_trello/DN250216_01/WRF/wrfout_d04_2025-02-16_00:00:00,2025-02-16_09:45:00,2025-02-16_10:15:00,30.353839874267578,33.428897857666016,-116.72134399414062,-113.05619812011719,2025-02-16_00:00:00,/mnt/L2_plus/winds_data_products/2025/DN250216_01/wrfout_d04_2025-02-16_000000.nc4,3,42,15.0,1.0,19967974,https://zenodo.org/records/19967974/files/WRF_models_DN250216_01.zip,uploaded,
DN250216_01,32.100389,-114.644235,2025-02-16T09:53:48,/mnt/L2_plus/events_trello/DN250216_01/WRF/wrfout_d04_2025-02-16_06:00:00,2025-02-16_09:45:00,2025-02-16_10:15:00,30.353839874267578,33.428897857666016,-116.72134399414062,-113.05619812011719,2025-02-16_06:00:00,/mnt/L2_plus/winds_data_products/2025/DN250216_01/wrfout_d04_2025-02-16_060000.nc4,3,18,15.0,1.0,19967974,https://zenodo.org/records/19967974/files/WRF_models_DN250216_01.zip,uploaded,
DN250303_01,-29.180714269234738,124.18075696054191,2025-03-03T17:06:33,/mnt/L2_plus/events_trello/DN250303_01/WRF/wrfout_d04_2025-03-02_18:00:00,2025-03-03_17:00:00,2025-03-03_17:30:00,-30.888534545898438,-27.815052032470703,122.19140625,125.75527954101562,2025-03-02_18:00:00,/mnt/L2_plus/winds_data_products/2025/DN250303_01/wrfout_d04_2025-03-02_180000.nc4,3,95,15.0,1.0,19967974,https://zenodo.org/records/19967974/files/WRF_models_DN250303_01.zip,uploaded,
DN250303_01,-29.180714269234738,124.18075696054191,2025-03-03T17:06:33,/mnt/L2_plus/events_trello/DN250303_01/WRF/wrfout_d04_2025-03-03_00:00:00,2025-03-03_17:00:00,2025-03-03_17:30:00,-30.888534545898438,-27.815052032470703,122.19140625,125.75527954101562,2025-03-03_00:00:00,/mnt/L2_plus/winds_data_products/2025/DN250303_01/wrfout_d04_2025-03-03_000000.nc4,3,71,15.0,1.0,19967974,https://zenodo.org/records/19967974/files/WRF_models_DN250303_01.zip,uploaded,
DN250303_01,-29.180714269234738,124.18075696054191,2025-03-03T17:06:33,/mnt/L2_plus/events_trello/DN250303_01/WRF/wrfout_d04_2025-03-03_06:00:00,2025-03-03_17:00:00,2025-03-03_17:30:00,-30.888534545898438,-27.815052032470703,122.19140625,125.75527954101562,2025-03-03_06:00:00,/mnt/L2_plus/winds_data_products/2025/DN250303_01/wrfout_d04_2025-03-03_060000.nc4,3,47,15.0,1.0,19967974,https://zenodo.org/records/19967974/files/WRF_models_DN250303_01.zip,uploaded,
DN250303_01,-29.180714269234738,124.18075696054191,2025-03-03T17:06:33,/mnt/L2_plus/events_trello/DN250303_01/WRF/wrfout_d04_2025-03-03_12:00:00,2025-03-03_17:00:00,2025-03-03_17:30:00,-30.888534545898438,-27.815052032470703,122.19140625,125.75527954101562,2025-03-03_12:00:00,/mnt/L2_plus/winds_data_products/2025/DN250303_01/wrfout_d04_2025-03-03_120000.nc4,3,23,15.0,1.0,19967974,https://zenodo.org/records/19967974/files/WRF_models_DN250303_01.zip,uploaded,
DN250308_01,-35.4253,141.2516,2025-03-08T11:30:00,/mnt/L2_plus/events_trello/DN250308_01/WRF/wrfout_d04_2025-03-07_12:00:00,2025-03-08_11:15:00,2025-03-08_12:00:00,-37.13310623168945,-34.055824279785156,139.11029052734375,142.9464111328125,2025-03-07_12:00:00,/mnt/L2_plus/winds_data_products/2025/DN250308_01/wrfout_d04_2025-03-07_120000.nc4,4,97,15.0,1.0,19967974,https://zenodo.org/records/19967974/files/WRF_models_DN250308_01.zip,uploaded,
DN250308_01,-35.4253,141.2516,2025-03-08T11:30:00,/mnt/L2_plus/events_trello/DN250308_01/WRF/wrfout_d04_2025-03-07_18:00:00,2025-03-08_11:15:00,2025-03-08_12:00:00,-37.13310623168945,-34.055824279785156,139.11029052734375,142.9464111328125,2025-03-07_18:00:00,/mnt/L2_plus/winds_data_products/2025/DN250308_01/wrfout_d04_2025-03-07_180000.nc4,4,73,15.0,1.0,19967974,https://zenodo.org/records/19967974/files/WRF_models_DN250308_01.zip,uploaded,
DN250308_01,-35.4253,141.2516,2025-03-08T11:30:00,/mnt/L2_plus/events_trello/DN250308_01/WRF/wrfout_d04_2025-03-08_00:00:00,2025-03-08_11:15:00,2025-03-08_12:00:00,-37.13310623168945,-34.055824279785156,139.11029052734375,142.9464111328125,2025-03-08_00:00:00,/mnt/L2_plus/winds_data_products/2025/DN250308_01/wrfout_d04_2025-03-08_000000.nc4,4,49,15.0,1.0,19967974,https://zenodo.org/records/19967974/files/WRF_models_DN250308_01.zip,uploaded,
DN250308_01,-35.4253,141.2516,2025-03-08T11:30:00,/mnt/L2_plus/events_trello/DN250308_01/WRF/wrfout_d04_2025-03-08_06:00:00,2025-03-08_11:15:00,2025-03-08_12:00:00,-37.13310623168945,-34.055824279785156,139.11029052734375,142.9464111328125,2025-03-08_06:00:00,/mnt/L2_plus/winds_data_products/2025/DN250308_01/wrfout_d04_2025-03-08_060000.nc4,4,25,15.0,1.0,19967974,https://zenodo.org/records/19967974/files/WRF_models_DN250308_01.zip,uploaded,
DN250510_01,-32.2427,120.23725,2025-05-10T21:57:49,/mnt/L2_plus/events_trello/DN250510_01/WRF/wrfout_d04_2025-05-10_00:00:00,2025-05-10_21:45:00,2025-05-10_22:30:00,-33.95049285888672,-30.87523651123047,118.17926025390625,121.8660888671875,2025-05-10_00:00:00,/mnt/L2_plus/winds_data_products/2025/DN250510_01/wrfout_d04_2025-05-10_000000.nc4,4,91,15.0,1.0,19967974,https://zenodo.org/records/19967974/files/WRF_models_DN250510_01.zip,uploaded,
DN250510_01,-32.2427,120.23725,2025-05-10T21:57:49,/mnt/L2_plus/events_trello/DN250510_01/WRF/wrfout_d04_2025-05-10_06:00:00,2025-05-10_21:45:00,2025-05-10_22:30:00,-33.95049285888672,-30.87523651123047,118.17926025390625,121.8660888671875,2025-05-10_06:00:00,/mnt/L2_plus/winds_data_products/2025/DN250510_01/wrfout_d04_2025-05-10_060000.nc4,4,67,15.0,1.0,19967974,https://zenodo.org/records/19967974/files/WRF_models_DN250510_01.zip,uploaded,
DN250510_01,-32.2427,120.23725,2025-05-10T21:57:49,/mnt/L2_plus/events_trello/DN250510_01/WRF/wrfout_d04_2025-05-10_12:00:00,2025-05-10_21:45:00,2025-05-10_22:30:00,-33.95049285888672,-30.87523651123047,118.17926025390625,121.8660888671875,2025-05-10_12:00:00,/mnt/L2_plus/winds_data_products/2025/DN250510_01/wrfout_d04_2025-05-10_120000.nc4,4,43,15.0,1.0,19967974,https://zenodo.org/records/19967974/files/WRF_models_DN250510_01.zip,uploaded,
DN250510_01,-32.2427,120.23725,2025-05-10T21:57:49,/mnt/L2_plus/events_trello/DN250510_01/WRF/wrfout_d04_2025-05-10_18:00:00,2025-05-10_21:45:00,2025-05-10_22:30:00,-33.95049285888672,-30.87523651123047,118.17926025390625,121.8660888671875,2025-05-10_18:00:00,/mnt/L2_plus/winds_data_products/2025/DN250510_01/wrfout_d04_2025-05-10_180000.nc4,4,19,15.0,1.0,19967974,https://zenodo.org/records/19967974/files/WRF_models_DN250510_01.zip,uploaded,
DN250529_02,21.100989956480262,54.709363379692775,2025-05-29T16:13:11,/mnt/L2_plus/events_trello/DN250529_02/WRF/wrfout_d04_2025-05-28_18:00:00,2025-05-29_16:00:00,2025-05-29_16:45:00,19.383586883544922,22.45266342163086,52.86181640625,56.171600341796875,2025-05-28_18:00:00,/mnt/L2_plus/winds_data_products/2025/DN250529_02/wrfout_d04_2025-05-28_180000.nc4,4,92,15.0,1.0,19967974,https://zenodo.org/records/19967974/files/WRF_models_DN250529_02.zip,uploaded,
DN250529_02,21.100989956480262,54.709363379692775,2025-05-29T16:13:11,/mnt/L2_plus/events_trello/DN250529_02/WRF/wrfout_d04_2025-05-29_00:00:00,2025-05-29_16:00:00,2025-05-29_16:45:00,19.383586883544922,22.45266342163086,52.86181640625,56.171600341796875,2025-05-29_00:00:00,/mnt/L2_plus/winds_data_products/2025/DN250529_02/wrfout_d04_2025-05-29_000000.nc4,4,68,15.0,1.0,19967974,https://zenodo.org/records/19967974/files/WRF_models_DN250529_02.zip,uploaded,
DN250529_02,21.100989956480262,54.709363379692775,2025-05-29T16:13:11,/mnt/L2_plus/events_trello/DN250529_02/WRF/wrfout_d04_2025-05-29_06:00:00,2025-05-29_16:00:00,2025-05-29_16:45:00,19.383586883544922,22.45266342163086,52.86181640625,56.171600341796875,2025-05-29_06:00:00,/mnt/L2_plus/winds_data_products/2025/DN250529_02/wrfout_d04_2025-05-29_060000.nc4,4,44,15.0,1.0,19967974,https://zenodo.org/records/19967974/files/WRF_models_DN250529_02.zip,uploaded,
DN250529_02,21.100989956480262,54.709363379692775,2025-05-29T16:13:11,/mnt/L2_plus/events_trello/DN250529_02/WRF/wrfout_d04_2025-05-29_12:00:00,2025-05-29_16:00:00,2025-05-29_16:45:00,19.383586883544922,22.45266342163086,52.86181640625,56.171600341796875,2025-05-29_12:00:00,/mnt/L2_plus/winds_data_products/2025/DN250529_02/wrfout_d04_2025-05-29_120000.nc4,4,20,15.0,1.0,19967974,https://zenodo.org/records/19967974/files/WRF_models_DN250529_02.zip,uploaded,
DN250626_01,-31.862483,125.18249109,2025-06-26T11:03:26,/mnt/L2_plus/events_trello/DN250626_01/WRF/wrfout_d04_2025-06-25_12:00:00,2025-06-26_11:00:00,2025-06-26_11:30:00,-33.5703010559082,-30.495237350463867,123.133544921875,126.80419921875,2025-06-25_12:00:00,/mnt/L2_plus/winds_data_products/2025/DN250626_01/wrfout_d04_2025-06-25_120000.nc4,3,95,15.0,1.0,19967974,https://zenodo.org/records/19967974/files/WRF_models_DN250626_01.zip,uploaded,
DN250626_01,-31.862483,125.18249109,2025-06-26T11:03:26,/mnt/L2_plus/events_trello/DN250626_01/WRF/wrfout_d04_2025-06-25_18:00:00,2025-06-26_11:00:00,2025-06-26_11:30:00,-33.5703010559082,-30.495237350463867,123.133544921875,126.80419921875,2025-06-25_18:00:00,/mnt/L2_plus/winds_data_products/2025/DN250626_01/wrfout_d04_2025-06-25_180000.nc4,3,71,15.0,1.0,19967974,https://zenodo.org/records/19967974/files/WRF_models_DN250626_01.zip,uploaded,
DN250626_01,-31.862483,125.18249109,2025-06-26T11:03:26,/mnt/L2_plus/events_trello/DN250626_01/WRF/wrfout_d04_2025-06-26_00:00:00,2025-06-26_11:00:00,2025-06-26_11:30:00,-33.5703010559082,-30.495237350463867,123.133544921875,126.80419921875,2025-06-26_00:00:00,/mnt/L2_plus/winds_data_products/2025/DN250626_01/wrfout_d04_2025-06-26_000000.nc4,3,47,15.0,1.0,19967974,https://zenodo.org/records/19967974/files/WRF_models_DN250626_01.zip,uploaded,
DN250626_01,-31.862483,125.18249109,2025-06-26T11:03:26,/mnt/L2_plus/events_trello/DN250626_01/WRF/wrfout_d04_2025-06-26_06:00:00,2025-06-26_11:00:00,2025-06-26_11:30:00,-33.5703010559082,-30.495237350463867,123.133544921875,126.80419921875,2025-06-26_06:00:00,/mnt/L2_plus/winds_data_products/2025/DN250626_01/wrfout_d04_2025-06-26_060000.nc4,3,23,15.0,1.0,19967974,https://zenodo.org/records/19967974/files/WRF_models_DN250626_01.zip,uploaded,
DN250702_01,56.846,-4.234,2025-07-02T23:50:12,/mnt/L2_plus/events_trello/DN250702_01/WRF/wrfout_d04_2025-07-02_00:00:00,2025-07-02_23:45:00,2025-07-03_00:15:00,55.10090637207031,58.1978645324707,-7.47247314453125,-1.670196533203125,2025-07-02_00:00:00,/mnt/L2_plus/winds_data_products/2025/DN250702_01/wrfout_d04_2025-07-02_000000.nc4,3,98,15.0,1.0,19967974,https://zenodo.org/records/19967974/files/WRF_models_DN250702_01.zip,uploaded,
DN250702_01,56.846,-4.234,2025-07-02T23:50:12,/mnt/L2_plus/events_trello/DN250702_01/WRF/wrfout_d04_2025-07-02_06:00:00,2025-07-02_23:45:00,2025-07-03_00:15:00,55.10090637207031,58.1978645324707,-7.47247314453125,-1.670196533203125,2025-07-02_06:00:00,/mnt/L2_plus/winds_data_products/2025/DN250702_01/wrfout_d04_2025-07-02_060000.nc4,3,74,15.0,1.0,19967974,https://zenodo.org/records/19967974/files/WRF_models_DN250702_01.zip,uploaded,
DN250702_01,56.846,-4.234,2025-07-02T23:50:12,/mnt/L2_plus/events_trello/DN250702_01/WRF/wrfout_d04_2025-07-02_12:00:00,2025-07-02_23:45:00,2025-07-03_00:15:00,55.10090637207031,58.1978645324707,-7.47247314453125,-1.670196533203125,2025-07-02_12:00:00,/mnt/L2_plus/winds_data_products/2025/DN250702_01/wrfout_d04_2025-07-02_120000.nc4,3,50,15.0,1.0,19967974,https://zenodo.org/records/19967974/files/WRF_models_DN250702_01.zip,uploaded,
DN250702_01,56.846,-4.234,2025-07-02T23:50:12,/mnt/L2_plus/events_trello/DN250702_01/WRF/wrfout_d04_2025-07-02_18:00:00,2025-07-02_23:45:00,2025-07-03_00:15:00,55.10090637207031,58.1978645324707,-7.47247314453125,-1.670196533203125,2025-07-02_18:00:00,/mnt/L2_plus/winds_data_products/2025/DN250702_01/wrfout_d04_2025-07-02_180000.nc4,3,26,15.0,1.0,19967974,https://zenodo.org/records/19967974/files/WRF_models_DN250702_01.zip,uploaded,
DN250711_02,-29.831337239,124.75865254,2025-07-11T13:03:09,/mnt/L2_plus/events_trello/DN250711_02/WRF/wrfout_d04_2025-07-10_18:00:00,2025-07-11_13:00:00,2025-07-11_13:30:00,-31.53908920288086,-28.46527862548828,122.755615234375,126.343994140625,2025-07-10_18:00:00,/mnt/L2_plus/winds_data_products/2025/DN250711_02/wrfout_d04_2025-07-10_180000.nc4,3,79,15.0,1.0,19967974,https://zenodo.org/records/19967974/files/WRF_models_DN250711_02.zip,uploaded,
DN250711_02,-29.831337239,124.75865254,2025-07-11T13:03:09,/mnt/L2_plus/events_trello/DN250711_02/WRF/wrfout_d04_2025-07-11_00:00:00,2025-07-11_13:00:00,2025-07-11_13:30:00,-31.53908920288086,-28.46527862548828,122.755615234375,126.343994140625,2025-07-11_00:00:00,/mnt/L2_plus/winds_data_products/2025/DN250711_02/wrfout_d04_2025-07-11_000000.nc4,3,55,15.0,1.0,19967974,https://zenodo.org/records/19967974/files/WRF_models_DN250711_02.zip,uploaded,
DN250711_02,-29.831337239,124.75865254,2025-07-11T13:03:09,/mnt/L2_plus/events_trello/DN250711_02/WRF/wrfout_d04_2025-07-11_06:00:00,2025-07-11_13:00:00,2025-07-11_13:30:00,-31.53908920288086,-28.46527862548828,122.755615234375,126.343994140625,2025-07-11_06:00:00,/mnt/L2_plus/winds_data_products/2025/DN250711_02/wrfout_d04_2025-07-11_060000.nc4,3,31,15.0,1.0,19967974,https://zenodo.org/records/19967974/files/WRF_models_DN250711_02.zip,uploaded,
DN250711_02,-29.831337239,124.75865254,2025-07-11T13:03:09,/mnt/L2_plus/events_trello/DN250711_02/WRF/wrfout_d04_2025-07-11_12:00:00,2025-07-11_13:00:00,2025-07-11_13:30:00,-31.53908920288086,-28.46527862548828,122.755615234375,126.343994140625,2025-07-11_12:00:00,/mnt/L2_plus/winds_data_products/2025/DN250711_02/wrfout_d04_2025-07-11_120000.nc4,3,7,15.0,1.0,19967974,https://zenodo.org/records/19967974/files/WRF_models_DN250711_02.zip,uploaded,
DN250717_02,-30.06131239609332,122.5434533768051,2025-07-17T17:52:35,/mnt/L2_plus/events_trello/DN250717_02/WRF/wrfout_d04_2025-07-16_18:00:00,2025-07-17_17:45:00,2025-07-17_18:15:00,-31.76914405822754,-28.69515609741211,120.535400390625,124.1328125,2025-07-16_18:00:00,/mnt/L2_plus/winds_data_products/2025/DN250717_02/wrfout_d04_2025-07-16_180000.nc4,3,98,15.0,1.0,19967974,https://zenodo.org/records/19967974/files/WRF_models_DN250717_02.zip,uploaded,
DN250717_02,-30.06131239609332,122.5434533768051,2025-07-17T17:52:35,/mnt/L2_plus/events_trello/DN250717_02/WRF/wrfout_d04_2025-07-17_00:00:00,2025-07-17_17:45:00,2025-07-17_18:15:00,-31.76914405822754,-28.69515609741211,120.535400390625,124.1328125,2025-07-17_00:00:00,/mnt/L2_plus/winds_data_products/2025/DN250717_02/wrfout_d04_2025-07-17_000000.nc4,3,74,15.0,1.0,19967974,https://zenodo.org/records/19967974/files/WRF_models_DN250717_02.zip,uploaded,
DN250717_02,-30.06131239609332,122.5434533768051,2025-07-17T17:52:35,/mnt/L2_plus/events_trello/DN250717_02/WRF/wrfout_d04_2025-07-17_06:00:00,2025-07-17_17:45:00,2025-07-17_18:15:00,-31.76914405822754,-28.69515609741211,120.535400390625,124.1328125,2025-07-17_06:00:00,/mnt/L2_plus/winds_data_products/2025/DN250717_02/wrfout_d04_2025-07-17_060000.nc4,3,50,15.0,1.0,19967974,https://zenodo.org/records/19967974/files/WRF_models_DN250717_02.zip,uploaded,
DN250717_02,-30.06131239609332,122.5434533768051,2025-07-17T17:52:35,/mnt/L2_plus/events_trello/DN250717_02/WRF/wrfout_d04_2025-07-17_12:00:00,2025-07-17_17:45:00,2025-07-17_18:15:00,-31.76914405822754,-28.69515609741211,120.535400390625,124.1328125,2025-07-17_12:00:00,/mnt/L2_plus/winds_data_products/2025/DN250717_02/wrfout_d04_2025-07-17_120000.nc4,3,26,15.0,1.0,19967974,https://zenodo.org/records/19967974/files/WRF_models_DN250717_02.zip,uploaded,
DN250822_01,-30.3294816085169,122.5245750792654,2025-08-22T20:34:40,/mnt/L2_plus/events_trello/DN250822_01/WRF/wrfout_d04_2025-08-22_00:00:00,2025-08-22_20:30:00,2025-08-22_21:00:00,-32.03728485107422,-28.963151931762695,120.5107421875,124.1185302734375,2025-08-22_00:00:00,/mnt/L2_plus/winds_data_products/2025/DN250822_01/wrfout_d04_2025-08-22_000000.nc4,3,85,15.0,1.0,19967974,https://zenodo.org/records/19967974/files/WRF_models_DN250822_01.zip,uploaded,
DN250822_01,-30.3294816085169,122.5245750792654,2025-08-22T20:34:40,/mnt/L2_plus/events_trello/DN250822_01/WRF/wrfout_d04_2025-08-22_06:00:00,2025-08-22_20:30:00,2025-08-22_21:00:00,-32.03728485107422,-28.963151931762695,120.5107421875,124.1185302734375,2025-08-22_06:00:00,/mnt/L2_plus/winds_data_products/2025/DN250822_01/wrfout_d04_2025-08-22_060000.nc4,3,61,15.0,1.0,19967974,https://zenodo.org/records/19967974/files/WRF_models_DN250822_01.zip,uploaded,
DN250822_01,-30.3294816085169,122.5245750792654,2025-08-22T20:34:40,/mnt/L2_plus/events_trello/DN250822_01/WRF/wrfout_d04_2025-08-22_12:00:00,2025-08-22_20:30:00,2025-08-22_21:00:00,-32.03728485107422,-28.963151931762695,120.5107421875,124.1185302734375,2025-08-22_12:00:00,/mnt/L2_plus/winds_data_products/2025/DN250822_01/wrfout_d04_2025-08-22_120000.nc4,3,37,15.0,1.0,19967974,https://zenodo.org/records/19967974/files/WRF_models_DN250822_01.zip,uploaded,
DN250822_01,-30.3294816085169,122.5245750792654,2025-08-22T20:34:40,/mnt/L2_plus/events_trello/DN250822_01/WRF/wrfout_d04_2025-08-22_18:00:00,2025-08-22_20:30:00,2025-08-22_21:00:00,-32.03728485107422,-28.963151931762695,120.5107421875,124.1185302734375,2025-08-22_18:00:00,/mnt/L2_plus/winds_data_products/2025/DN250822_01/wrfout_d04_2025-08-22_180000.nc4,3,13,15.0,1.0,19967974,https://zenodo.org/records/19967974/files/WRF_models_DN250822_01.zip,uploaded,
DN250914_03,-30.756246042311847,131.9719744634324,2025-09-14T10:02:30,/mnt/L2_plus/events_trello/DN250914_03/WRF/wrfout_d04_2025-09-13_12:00:00,2025-09-14_10:00:00,2025-09-14_10:30:00,-32.464054107666016,-29.389663696289062,129.94857788085938,133.573486328125,2025-09-13_12:00:00,/mnt/L2_plus/winds_data_products/2025/DN250914_03/wrfout_d04_2025-09-13_120000.nc4,3,91,15.0,1.0,19967974,https://zenodo.org/records/19967974/files/WRF_models_DN250914_03.zip,uploaded,
DN250914_03,-30.756246042311847,131.9719744634324,2025-09-14T10:02:30,/mnt/L2_plus/events_trello/DN250914_03/WRF/wrfout_d04_2025-09-13_18:00:00,2025-09-14_10:00:00,2025-09-14_10:30:00,-32.464054107666016,-29.389663696289062,129.94857788085938,133.573486328125,2025-09-13_18:00:00,/mnt/L2_plus/winds_data_products/2025/DN250914_03/wrfout_d04_2025-09-13_180000.nc4,3,67,15.0,1.0,19967974,https://zenodo.org/records/19967974/files/WRF_models_DN250914_03.zip,uploaded,
DN250914_03,-30.756246042311847,131.9719744634324,2025-09-14T10:02:30,/mnt/L2_plus/events_trello/DN250914_03/WRF/wrfout_d04_2025-09-14_00:00:00,2025-09-14_10:00:00,2025-09-14_10:30:00,-32.464054107666016,-29.389663696289062,129.94857788085938,133.573486328125,2025-09-14_00:00:00,/mnt/L2_plus/winds_data_products/2025/DN250914_03/wrfout_d04_2025-09-14_000000.nc4,3,43,15.0,1.0,19967974,https://zenodo.org/records/19967974/files/WRF_models_DN250914_03.zip,uploaded,
DN250914_03,-30.756246042311847,131.9719744634324,2025-09-14T10:02:30,/mnt/L2_plus/events_trello/DN250914_03/WRF/wrfout_d04_2025-09-14_06:00:00,2025-09-14_10:00:00,2025-09-14_10:30:00,-32.464054107666016,-29.389663696289062,129.94857788085938,133.573486328125,2025-09-14_06:00:00,/mnt/L2_plus/winds_data_products/2025/DN250914_03/wrfout_d04_2025-09-14_060000.nc4,3,19,15.0,1.0,19967974,https://zenodo.org/records/19967974/files/WRF_models_DN250914_03.zip,uploaded,
DN240226_01,22.9,57.4,2024-02-26T11:21:01,/mnt/L2_plus/events_trello/DN240226_01/WRF/wrfout_d03_2024-02-25_12:00:00,2024-02-26_11:15:00,2024-02-26_11:45:00,20.468421936035156,24.982009887695312,54.741729736328125,59.695831298828125,2024-02-25_12:00:00,/mnt/L2_plus/winds_data_products/2024/DN240226_01/wrfout_d03_2024-02-25_120000.nc4,3,96,15.0,3.0,19967163,https://zenodo.org/records/19967163/files/WRF_models_DN240226_01.zip,uploaded,
DN240226_01,22.9,57.4,2024-02-26T11:21:01,/mnt/L2_plus/events_trello/DN240226_01/WRF/wrfout_d03_2024-02-25_18:00:00,2024-02-26_11:15:00,2024-02-26_11:45:00,20.468421936035156,24.982009887695312,54.741729736328125,59.695831298828125,2024-02-25_18:00:00,/mnt/L2_plus/winds_data_products/2024/DN240226_01/wrfout_d03_2024-02-25_180000.nc4,3,72,15.0,3.0,19967163,https://zenodo.org/records/19967163/files/WRF_models_DN240226_01.zip,uploaded,
DN240226_01,22.9,57.4,2024-02-26T11:21:01,/mnt/L2_plus/events_trello/DN240226_01/WRF/wrfout_d03_2024-02-26_00:00:00,2024-02-26_11:15:00,2024-02-26_11:45:00,20.468421936035156,24.982009887695312,54.741729736328125,59.695831298828125,2024-02-26_00:00:00,/mnt/L2_plus/winds_data_products/2024/DN240226_01/wrfout_d03_2024-02-26_000000.nc4,3,48,15.0,3.0,19967163,https://zenodo.org/records/19967163/files/WRF_models_DN240226_01.zip,uploaded,
DN240226_01,22.9,57.4,2024-02-26T11:21:01,/mnt/L2_plus/events_trello/DN240226_01/WRF/wrfout_d03_2024-02-26_06:00:00,2024-02-26_11:15:00,2024-02-26_11:45:00,20.468421936035156,24.982009887695312,54.741729736328125,59.695831298828125,2024-02-26_06:00:00,/mnt/L2_plus/winds_data_products/2024/DN240226_01/wrfout_d03_2024-02-26_060000.nc4,3,24,15.0,3.0,19967163,https://zenodo.org/records/19967163/files/WRF_models_DN240226_01.zip,uploaded,
DN240417_02,33.869189,-114.294916,2024-04-17T02:59:28,/mnt/L2_plus/events_trello/DN240417_02/WRF/wrfout_d04_2024-04-16_06:00:00,2024-04-17_02:45:00,2024-04-17_03:30:00,32.144737243652344,35.22089767456055,-116.38494873046875,-112.64068603515625,2024-04-16_06:00:00,/mnt/L2_plus/winds_data_products/2024/DN240417_02/wrfout_d04_2024-04-16_060000.nc4,4,87,15.0,1.0,19967163,https://zenodo.org/records/19967163/files/WRF_models_DN240417_02.zip,uploaded,
DN240417_02,33.869189,-114.294916,2024-04-17T02:59:28,/mnt/L2_plus/events_trello/DN240417_02/WRF/wrfout_d04_2024-04-16_12:00:00,2024-04-17_02:45:00,2024-04-17_03:30:00,32.144737243652344,35.22089767456055,-116.38494873046875,-112.64068603515625,2024-04-16_12:00:00,/mnt/L2_plus/winds_data_products/2024/DN240417_02/wrfout_d04_2024-04-16_120000.nc4,4,63,15.0,1.0,19967163,https://zenodo.org/records/19967163/files/WRF_models_DN240417_02.zip,uploaded,
DN240417_02,33.869189,-114.294916,2024-04-17T02:59:28,/mnt/L2_plus/events_trello/DN240417_02/WRF/wrfout_d04_2024-04-16_18:00:00,2024-04-17_02:45:00,2024-04-17_03:30:00,32.144737243652344,35.22089767456055,-116.38494873046875,-112.64068603515625,2024-04-16_18:00:00,/mnt/L2_plus/winds_data_products/2024/DN240417_02/wrfout_d04_2024-04-16_180000.nc4,4,39,15.0,1.0,19967163,https://zenodo.org/records/19967163/files/WRF_models_DN240417_02.zip,uploaded,
DN240417_02,33.869189,-114.294916,2024-04-17T02:59:28,/mnt/L2_plus/events_trello/DN240417_02/WRF/wrfout_d04_2024-04-17_00:00:00,2024-04-17_02:45:00,2024-04-17_03:30:00,32.144737243652344,35.22089767456055,-116.38494873046875,-112.64068603515625,2024-04-17_00:00:00,/mnt/L2_plus/winds_data_products/2024/DN240417_02/wrfout_d04_2024-04-17_000000.nc4,4,15,15.0,1.0,19967163,https://zenodo.org/records/19967163/files/WRF_models_DN240417_02.zip,uploaded,
DN240506_01,52.932829,-2.014178,2024-05-06T03:00:20,/mnt/L2_plus/events_trello/DN240506_01/WRF/wrfout_d04_2024-05-05_06:00:00,2024-05-06_03:00:00,2024-05-06_03:30:00,51.192626953125,54.28464889526367,-4.93817138671875,0.300445556640625,2024-05-05_06:00:00,/mnt/L2_plus/winds_data_products/2024/DN240506_01/wrfout_d04_2024-05-05_060000.nc4,3,87,15.0,1.0,19967163,https://zenodo.org/records/19967163/files/WRF_models_DN240506_01.zip,uploaded,
DN240506_01,52.932829,-2.014178,2024-05-06T03:00:20,/mnt/L2_plus/events_trello/DN240506_01/WRF/wrfout_d04_2024-05-05_12:00:00,2024-05-06_03:00:00,2024-05-06_03:30:00,51.192626953125,54.28464889526367,-4.93817138671875,0.300445556640625,2024-05-05_12:00:00,/mnt/L2_plus/winds_data_products/2024/DN240506_01/wrfout_d04_2024-05-05_120000.nc4,3,63,15.0,1.0,19967163,https://zenodo.org/records/19967163/files/WRF_models_DN240506_01.zip,uploaded,
DN240506_01,52.932829,-2.014178,2024-05-06T03:00:20,/mnt/L2_plus/events_trello/DN240506_01/WRF/wrfout_d04_2024-05-05_18:00:00,2024-05-06_03:00:00,2024-05-06_03:30:00,51.192626953125,54.28464889526367,-4.93817138671875,0.300445556640625,2024-05-05_18:00:00,/mnt/L2_plus/winds_data_products/2024/DN240506_01/wrfout_d04_2024-05-05_180000.nc4,3,39,15.0,1.0,19967163,https://zenodo.org/records/19967163/files/WRF_models_DN240506_01.zip,uploaded,
DN240506_01,52.932829,-2.014178,2024-05-06T03:00:20,/mnt/L2_plus/events_trello/DN240506_01/WRF/wrfout_d04_2024-05-06_00:00:00,2024-05-06_03:00:00,2024-05-06_03:30:00,51.192626953125,54.28464889526367,-4.93817138671875,0.300445556640625,2024-05-06_00:00:00,/mnt/L2_plus/winds_data_products/2024/DN240506_01/wrfout_d04_2024-05-06_000000.nc4,3,15,15.0,1.0,19967163,https://zenodo.org/records/19967163/files/WRF_models_DN240506_01.zip,uploaded,
DN240714_01,-31.571331208520082,130.9378544099477,2024-07-14T16:28:24,/mnt/L2_plus/events_trello/DN240714_01/WRF/wrfout_d04_2024-07-13_18:00:00,2024-07-14_16:15:00,2024-07-14_17:00:00,-33.279136657714844,-30.204252243041992,128.895751953125,132.5540771484375,2024-07-13_18:00:00,/mnt/L2_plus/winds_data_products/2024/DN240714_01/wrfout_d04_2024-07-13_180000.nc4,4,93,15.0,1.0,19967163,https://zenodo.org/records/19967163/files/WRF_models_DN240714_01.zip,uploaded,
DN240714_01,-31.571331208520082,130.9378544099477,2024-07-14T16:28:24,/mnt/L2_plus/events_trello/DN240714_01/WRF/wrfout_d04_2024-07-14_00:00:00,2024-07-14_16:15:00,2024-07-14_17:00:00,-33.279136657714844,-30.204252243041992,128.895751953125,132.5540771484375,2024-07-14_00:00:00,/mnt/L2_plus/winds_data_products/2024/DN240714_01/wrfout_d04_2024-07-14_000000.nc4,4,69,15.0,1.0,19967163,https://zenodo.org/records/19967163/files/WRF_models_DN240714_01.zip,uploaded,
DN240714_01,-31.571331208520082,130.9378544099477,2024-07-14T16:28:24,/mnt/L2_plus/events_trello/DN240714_01/WRF/wrfout_d04_2024-07-14_06:00:00,2024-07-14_16:15:00,2024-07-14_17:00:00,-33.279136657714844,-30.204252243041992,128.895751953125,132.5540771484375,2024-07-14_06:00:00,/mnt/L2_plus/winds_data_products/2024/DN240714_01/wrfout_d04_2024-07-14_060000.nc4,4,45,15.0,1.0,19967163,https://zenodo.org/records/19967163/files/WRF_models_DN240714_01.zip,uploaded,
DN240714_01,-31.571331208520082,130.9378544099477,2024-07-14T16:28:24,/mnt/L2_plus/events_trello/DN240714_01/WRF/wrfout_d04_2024-07-14_12:00:00,2024-07-14_16:15:00,2024-07-14_17:00:00,-33.279136657714844,-30.204252243041992,128.895751953125,132.5540771484375,2024-07-14_12:00:00,/mnt/L2_plus/winds_data_products/2024/DN240714_01/wrfout_d04_2024-07-14_120000.nc4,4,21,15.0,1.0,19967163,https://zenodo.org/records/19967163/files/WRF_models_DN240714_01.zip,uploaded,
DN240806_03,30.7325,-6.6339,2024-08-06T20:42:00,/mnt/L2_plus/events_trello/DN240806_03/WRF/wrfout_d04_2024-08-06_12:00:00,2024-08-06_20:30:00,2024-08-06_21:15:00,29.009944915771484,32.08419418334961,-8.64910888671875,-5.0389404296875,2024-08-06_12:00:00,/mnt/L2_plus/winds_data_products/2024/DN240806_03/wrfout_d04_2024-08-06_120000.nc4,4,38,15.0,1.0,19967163,https://zenodo.org/records/19967163/files/WRF_models_DN240806_03.zip,uploaded,
DN240806_03,30.7325,-6.6339,2024-08-06T20:42:00,/mnt/L2_plus/events_trello/DN240806_03/WRF/wrfout_d04_2024-08-06_18:00:00,2024-08-06_20:30:00,2024-08-06_21:15:00,29.009944915771484,32.08419418334961,-8.64910888671875,-5.0389404296875,2024-08-06_18:00:00,/mnt/L2_plus/winds_data_products/2024/DN240806_03/wrfout_d04_2024-08-06_180000.nc4,4,14,15.0,1.0,19967163,https://zenodo.org/records/19967163/files/WRF_models_DN240806_03.zip,uploaded,
DN240814_01,-30.546747343974435,131.66248951740656,2024-08-14T18:31:33,/mnt/L2_plus/events_trello/DN240814_01/WRF/wrfout_d04_2024-08-14_00:00:00,2024-08-14_18:30:00,2024-08-14_19:00:00,-32.25454330444336,-29.18031120300293,129.64385986328125,133.26022338867188,2024-08-14_00:00:00,/mnt/L2_plus/winds_data_products/2024/DN240814_01/wrfout_d04_2024-08-14_000000.nc4,3,77,15.0,1.0,19967163,https://zenodo.org/records/19967163/files/WRF_models_DN240814_01.zip,uploaded,
DN240814_01,-30.546747343974435,131.66248951740656,2024-08-14T18:31:33,/mnt/L2_plus/events_trello/DN240814_01/WRF/wrfout_d04_2024-08-14_06:00:00,2024-08-14_18:30:00,2024-08-14_19:00:00,-32.25454330444336,-29.18031120300293,129.64385986328125,133.26022338867188,2024-08-14_06:00:00,/mnt/L2_plus/winds_data_products/2024/DN240814_01/wrfout_d04_2024-08-14_060000.nc4,3,53,15.0,1.0,19967163,https://zenodo.org/records/19967163/files/WRF_models_DN240814_01.zip,uploaded,
DN240814_01,-30.546747343974435,131.66248951740656,2024-08-14T18:31:33,/mnt/L2_plus/events_trello/DN240814_01/WRF/wrfout_d04_2024-08-14_12:00:00,2024-08-14_18:30:00,2024-08-14_19:00:00,-32.25454330444336,-29.18031120300293,129.64385986328125,133.26022338867188,2024-08-14_12:00:00,/mnt/L2_plus/winds_data_products/2024/DN240814_01/wrfout_d04_2024-08-14_120000.nc4,3,29,15.0,1.0,19967163,https://zenodo.org/records/19967163/files/WRF_models_DN240814_01.zip,uploaded,
DN240814_01,-30.546747343974435,131.66248951740656,2024-08-14T18:31:33,/mnt/L2_plus/events_trello/DN240814_01/WRF/wrfout_d04_2024-08-14_18:00:00,2024-08-14_18:30:00,2024-08-14_19:00:00,-32.25454330444336,-29.18031120300293,129.64385986328125,133.26022338867188,2024-08-14_18:00:00,/mnt/L2_plus/winds_data_products/2024/DN240814_01/wrfout_d04_2024-08-14_180000.nc4,3,5,15.0,1.0,19967163,https://zenodo.org/records/19967163/files/WRF_models_DN240814_01.zip,uploaded,
DN241112_01,-29.53442,-71.13976,2024-11-12T03:27:46,/mnt/L2_plus/events_trello/DN241112_01/WRF/wrfout_d03_2024-11-11_06:00:00,2024-11-12_03:15:00,2024-11-12_04:00:00,-31.945083618164062,-27.42428207397461,-73.97854614257812,-68.68798828125,2024-11-11_06:00:00,/mnt/L2_plus/winds_data_products/2024/DN241112_01/wrfout_d03_2024-11-11_060000.nc4,4,89,15.0,3.0,19967163,https://zenodo.org/records/19967163/files/WRF_models_DN241112_01.zip,uploaded,
DN241112_01,-29.53442,-71.13976,2024-11-12T03:27:46,/mnt/L2_plus/events_trello/DN241112_01/WRF/wrfout_d03_2024-11-11_12:00:00,2024-11-12_03:15:00,2024-11-12_04:00:00,-31.945083618164062,-27.42428207397461,-73.97854614257812,-68.68798828125,2024-11-11_12:00:00,/mnt/L2_plus/winds_data_products/2024/DN241112_01/wrfout_d03_2024-11-11_120000.nc4,4,65,15.0,3.0,19967163,https://zenodo.org/records/19967163/files/WRF_models_DN241112_01.zip,uploaded,
DN241112_01,-29.53442,-71.13976,2024-11-12T03:27:46,/mnt/L2_plus/events_trello/DN241112_01/WRF/wrfout_d03_2024-11-11_18:00:00,2024-11-12_03:15:00,2024-11-12_04:00:00,-31.945083618164062,-27.42428207397461,-73.97854614257812,-68.68798828125,2024-11-11_18:00:00,/mnt/L2_plus/winds_data_products/2024/DN241112_01/wrfout_d03_2024-11-11_180000.nc4,4,41,15.0,3.0,19967163,https://zenodo.org/records/19967163/files/WRF_models_DN241112_01.zip,uploaded,
DN241112_01,-29.53442,-71.13976,2024-11-12T03:27:46,/mnt/L2_plus/events_trello/DN241112_01/WRF/wrfout_d03_2024-11-12_00:00:00,2024-11-12_03:15:00,2024-11-12_04:00:00,-31.945083618164062,-27.42428207397461,-73.97854614257812,-68.68798828125,2024-11-12_00:00:00,/mnt/L2_plus/winds_data_products/2024/DN241112_01/wrfout_d03_2024-11-12_000000.nc4,4,17,15.0,3.0,19967163,https://zenodo.org/records/19967163/files/WRF_models_DN241112_01.zip,uploaded,
DN241212_01,-36.7595832714621,145.27432661715358,2024-12-12T11:40:01,/mnt/L2_plus/events_trello/DN241212_01/WRF/wrfout_d04_2024-12-11_12:00:00,2024-12-12_11:30:00,2024-12-12_12:00:00,-38.46742248535156,-35.38924026489258,143.093994140625,147.00009155273438,2024-12-11_12:00:00,/mnt/L2_plus/winds_data_products/2024/DN241212_01/wrfout_d04_2024-12-11_120000.nc4,3,97,15.0,1.0,19967163,https://zenodo.org/records/19967163/files/WRF_models_DN241212_01.zip,uploaded,
DN241212_01,-36.7595832714621,145.27432661715358,2024-12-12T11:40:01,/mnt/L2_plus/events_trello/DN241212_01/WRF/wrfout_d04_2024-12-11_18:00:00,2024-12-12_11:30:00,2024-12-12_12:00:00,-38.46742248535156,-35.38924026489258,143.093994140625,147.00009155273438,2024-12-11_18:00:00,/mnt/L2_plus/winds_data_products/2024/DN241212_01/wrfout_d04_2024-12-11_180000.nc4,3,73,15.0,1.0,19967163,https://zenodo.org/records/19967163/files/WRF_models_DN241212_01.zip,uploaded,
DN241212_01,-36.7595832714621,145.27432661715358,2024-12-12T11:40:01,/mnt/L2_plus/events_trello/DN241212_01/WRF/wrfout_d04_2024-12-12_00:00:00,2024-12-12_11:30:00,2024-12-12_12:00:00,-38.46742248535156,-35.38924026489258,143.093994140625,147.00009155273438,2024-12-12_00:00:00,/mnt/L2_plus/winds_data_products/2024/DN241212_01/wrfout_d04_2024-12-12_000000.nc4,3,49,15.0,1.0,19967163,https://zenodo.org/records/19967163/files/WRF_models_DN241212_01.zip,uploaded,
DN241212_01,-36.7595832714621,145.27432661715358,2024-12-12T11:40:01,/mnt/L2_plus/events_trello/DN241212_01/WRF/wrfout_d04_2024-12-12_06:00:00,2024-12-12_11:30:00,2024-12-12_12:00:00,-38.46742248535156,-35.38924026489258,143.093994140625,147.00009155273438,2024-12-12_06:00:00,/mnt/L2_plus/winds_data_products/2024/DN241212_01/wrfout_d04_2024-12-12_060000.nc4,3,25,15.0,1.0,19967163,https://zenodo.org/records/19967163/files/WRF_models_DN241212_01.zip,uploaded,
DN230211_02,-32.348486026553154,121.10396810091993,2023-02-11T12:38:31,/mnt/L2_plus/events_trello/DN230211_02/WRF/wrfout_d04_2023-02-10_18:00:00,2023-02-11_12:30:00,2023-02-11_13:00:00,-34.05628204345703,-30.980974197387695,119.04345703125,122.73483276367188,2023-02-10_18:00:00,/mnt/L2_plus/winds_data_products/2023/DN230211_02/wrfout_d04_2023-02-10_180000.nc4,3,77,15.0,1.0,19966241,https://zenodo.org/records/19966241/files/WRF_models_DN230211_02.zip,uploaded,
DN230211_02,-32.348486026553154,121.10396810091993,2023-02-11T12:38:31,/mnt/L2_plus/events_trello/DN230211_02/WRF/wrfout_d04_2023-02-11_00:00:00,2023-02-11_12:30:00,2023-02-11_13:00:00,-34.05628204345703,-30.980974197387695,119.04345703125,122.73483276367188,2023-02-11_00:00:00,/mnt/L2_plus/winds_data_products/2023/DN230211_02/wrfout_d04_2023-02-11_000000.nc4,3,53,15.0,1.0,19966241,https://zenodo.org/records/19966241/files/WRF_models_DN230211_02.zip,uploaded,
DN230211_02,-32.348486026553154,121.10396810091993,2023-02-11T12:38:31,/mnt/L2_plus/events_trello/DN230211_02/WRF/wrfout_d04_2023-02-11_06:00:00,2023-02-11_12:30:00,2023-02-11_13:00:00,-34.05628204345703,-30.980974197387695,119.04345703125,122.73483276367188,2023-02-11_06:00:00,/mnt/L2_plus/winds_data_products/2023/DN230211_02/wrfout_d04_2023-02-11_060000.nc4,3,29,15.0,1.0,19966241,https://zenodo.org/records/19966241/files/WRF_models_DN230211_02.zip,uploaded,
DN230211_02,-32.348486026553154,121.10396810091993,2023-02-11T12:38:31,/mnt/L2_plus/events_trello/DN230211_02/WRF/wrfout_d04_2023-02-11_12:00:00,2023-02-11_12:30:00,2023-02-11_13:00:00,-34.05628204345703,-30.980974197387695,119.04345703125,122.73483276367188,2023-02-11_12:00:00,/mnt/L2_plus/winds_data_products/2023/DN230211_02/wrfout_d04_2023-02-11_120000.nc4,3,5,15.0,1.0,19966241,https://zenodo.org/records/19966241/files/WRF_models_DN230211_02.zip,uploaded,
DN230213_05_2023CX1,49.78952,0.80043,2023-02-13T02:59:16,/mnt/L2_plus/events_trello/DN230213_05/WRF/wrfout_d04_2023-02-12_06:00:00,2023-02-13_02:45:00,2023-02-13_03:30:00,48.05268096923828,51.14131164550781,-1.92041015625,2.954193115234375,2023-02-12_06:00:00,/mnt/L2_plus/winds_data_products/2023/DN230213_05_2023CX1/wrfout_d04_2023-02-12_060000.nc4,4,87,15.0,1.0,19966241,https://zenodo.org/records/19966241/files/WRF_models_DN230213_05_2023CX1.zip,uploaded,
DN230213_05_2023CX1,49.78952,0.80043,2023-02-13T02:59:16,/mnt/L2_plus/events_trello/DN230213_05/WRF/wrfout_d04_2023-02-12_12:00:00,2023-02-13_02:45:00,2023-02-13_03:30:00,48.05268096923828,51.14131164550781,-1.92041015625,2.954193115234375,2023-02-12_12:00:00,/mnt/L2_plus/winds_data_products/2023/DN230213_05_2023CX1/wrfout_d04_2023-02-12_120000.nc4,4,63,15.0,1.0,19966241,https://zenodo.org/records/19966241/files/WRF_models_DN230213_05_2023CX1.zip,uploaded,
DN230213_05_2023CX1,49.78952,0.80043,2023-02-13T02:59:16,/mnt/L2_plus/events_trello/DN230213_05/WRF/wrfout_d04_2023-02-12_18:00:00,2023-02-13_02:45:00,2023-02-13_03:30:00,48.05268096923828,51.14131164550781,-1.92041015625,2.954193115234375,2023-02-12_18:00:00,/mnt/L2_plus/winds_data_products/2023/DN230213_05_2023CX1/wrfout_d04_2023-02-12_180000.nc4,4,39,15.0,1.0,19966241,https://zenodo.org/records/19966241/files/WRF_models_DN230213_05_2023CX1.zip,uploaded,
DN230213_05_2023CX1,49.78952,0.80043,2023-02-13T02:59:16,/mnt/L2_plus/events_trello/DN230213_05/WRF/wrfout_d04_2023-02-13_00:00:00,2023-02-13_02:45:00,2023-02-13_03:30:00,48.05268096923828,51.14131164550781,-1.92041015625,2.954193115234375,2023-02-13_00:00:00,/mnt/L2_plus/winds_data_products/2023/DN230213_05_2023CX1/wrfout_d04_2023-02-13_000000.nc4,4,15,15.0,1.0,19966241,https://zenodo.org/records/19966241/files/WRF_models_DN230213_05_2023CX1.zip,uploaded,
DN230318_02,51.321919566020206,-107.03362300851231,2023-03-18T06:21:35,/mnt/L2_plus/events_trello/DN230318_02/WRF/wrfout_d04_2023-03-17_12:00:00,2023-03-18_06:15:00,2023-03-18_07:00:00,50.36756134033203,51.95742416381836,-108.64559936523438,-106.08267211914062,2023-03-17_12:00:00,/mnt/L2_plus/winds_data_products/2023/DN230318_02/wrfout_d04_2023-03-17_120000.nc4,4,77,15.0,1.0,19966241,https://zenodo.org/records/19966241/files/WRF_models_DN230318_02.zip,uploaded,
DN230318_02,51.321919566020206,-107.03362300851231,2023-03-18T06:21:35,/mnt/L2_plus/events_trello/DN230318_02/WRF/wrfout_d04_2023-03-17_18:00:00,2023-03-18_06:15:00,2023-03-18_07:00:00,50.36756134033203,51.95742416381836,-108.64559936523438,-106.08267211914062,2023-03-17_18:00:00,/mnt/L2_plus/winds_data_products/2023/DN230318_02/wrfout_d04_2023-03-17_180000.nc4,4,53,15.0,1.0,19966241,https://zenodo.org/records/19966241/files/WRF_models_DN230318_02.zip,uploaded,
DN230318_02,51.321919566020206,-107.03362300851231,2023-03-18T06:21:35,/mnt/L2_plus/events_trello/DN230318_02/WRF/wrfout_d04_2023-03-18_00:00:00,2023-03-18_06:15:00,2023-03-18_07:00:00,50.36756134033203,51.95742416381836,-108.64559936523438,-106.08267211914062,2023-03-18_00:00:00,/mnt/L2_plus/winds_data_products/2023/DN230318_02/wrfout_d04_2023-03-18_000000.nc4,4,29,15.0,1.0,19966241,https://zenodo.org/records/19966241/files/WRF_models_DN230318_02.zip,uploaded,
DN230318_02,51.321919566020206,-107.03362300851231,2023-03-18T06:21:35,/mnt/L2_plus/events_trello/DN230318_02/WRF/wrfout_d04_2023-03-18_06:00:00,2023-03-18_06:15:00,2023-03-18_07:00:00,50.36756134033203,51.95742416381836,-108.64559936523438,-106.08267211914062,2023-03-18_06:00:00,/mnt/L2_plus/winds_data_products/2023/DN230318_02/wrfout_d04_2023-03-18_060000.nc4,4,5,15.0,1.0,19966241,https://zenodo.org/records/19966241/files/WRF_models_DN230318_02.zip,uploaded,
DN230319_01,-30.960029768621222,116.94988478727748,2023-03-19T18:43:49,/mnt/L2_plus/events_trello/DN230319_01/WRF/wrfout_d04_2023-03-19_00:00:00,2023-03-19_18:30:00,2023-03-19_19:00:00,-31.929523468017578,-30.344932556152344,115.82891845703125,117.68975830078125,2023-03-19_00:00:00,/mnt/L2_plus/winds_data_products/2023/DN230319_01/wrfout_d04_2023-03-19_000000.nc4,3,77,15.0,1.0,19966241,https://zenodo.org/records/19966241/files/WRF_models_DN230319_01.zip,uploaded,
DN230319_01,-30.960029768621222,116.94988478727748,2023-03-19T18:43:49,/mnt/L2_plus/events_trello/DN230319_01/WRF/wrfout_d04_2023-03-19_06:00:00,2023-03-19_18:30:00,2023-03-19_19:00:00,-31.929523468017578,-30.344932556152344,115.82891845703125,117.68975830078125,2023-03-19_06:00:00,/mnt/L2_plus/winds_data_products/2023/DN230319_01/wrfout_d04_2023-03-19_060000.nc4,3,53,15.0,1.0,19966241,https://zenodo.org/records/19966241/files/WRF_models_DN230319_01.zip,uploaded,
DN230319_01,-30.960029768621222,116.94988478727748,2023-03-19T18:43:49,/mnt/L2_plus/events_trello/DN230319_01/WRF/wrfout_d04_2023-03-19_12:00:00,2023-03-19_18:30:00,2023-03-19_19:00:00,-31.929523468017578,-30.344932556152344,115.82891845703125,117.68975830078125,2023-03-19_12:00:00,/mnt/L2_plus/winds_data_products/2023/DN230319_01/wrfout_d04_2023-03-19_120000.nc4,3,29,15.0,1.0,19966241,https://zenodo.org/records/19966241/files/WRF_models_DN230319_01.zip,uploaded,
DN230319_01,-30.960029768621222,116.94988478727748,2023-03-19T18:43:49,/mnt/L2_plus/events_trello/DN230319_01/WRF/wrfout_d04_2023-03-19_18:00:00,2023-03-19_18:30:00,2023-03-19_19:00:00,-31.929523468017578,-30.344932556152344,115.82891845703125,117.68975830078125,2023-03-19_18:00:00,/mnt/L2_plus/winds_data_products/2023/DN230319_01/wrfout_d04_2023-03-19_180000.nc4,3,5,15.0,1.0,19966241,https://zenodo.org/records/19966241/files/WRF_models_DN230319_01.zip,uploaded,
DN230421_02,20.441867686754165,57.23571452755307,2023-04-21T16:29:40,/mnt/L2_plus/events_trello/DN230421_02/WRF/wrfout_d04_2023-04-20_18:00:00,2023-04-21_16:15:00,2023-04-21_17:00:00,18.724781036376953,21.793502807617188,55.3968505859375,58.69110107421875,2023-04-20_18:00:00,/mnt/L2_plus/winds_data_products/2023/DN230421_02/wrfout_d04_2023-04-20_180000.nc4,4,93,15.0,1.0,19966241,https://zenodo.org/records/19966241/files/WRF_models_DN230421_02.zip,uploaded,
DN230421_02,20.441867686754165,57.23571452755307,2023-04-21T16:29:40,/mnt/L2_plus/events_trello/DN230421_02/WRF/wrfout_d04_2023-04-21_00:00:00,2023-04-21_16:15:00,2023-04-21_17:00:00,18.724781036376953,21.793502807617188,55.3968505859375,58.69110107421875,2023-04-21_00:00:00,/mnt/L2_plus/winds_data_products/2023/DN230421_02/wrfout_d04_2023-04-21_000000.nc4,4,69,15.0,1.0,19966241,https://zenodo.org/records/19966241/files/WRF_models_DN230421_02.zip,uploaded,
DN230421_02,20.441867686754165,57.23571452755307,2023-04-21T16:29:40,/mnt/L2_plus/events_trello/DN230421_02/WRF/wrfout_d04_2023-04-21_06:00:00,2023-04-21_16:15:00,2023-04-21_17:00:00,18.724781036376953,21.793502807617188,55.3968505859375,58.69110107421875,2023-04-21_06:00:00,/mnt/L2_plus/winds_data_products/2023/DN230421_02/wrfout_d04_2023-04-21_060000.nc4,4,45,15.0,1.0,19966241,https://zenodo.org/records/19966241/files/WRF_models_DN230421_02.zip,uploaded,
DN230421_02,20.441867686754165,57.23571452755307,2023-04-21T16:29:40,/mnt/L2_plus/events_trello/DN230421_02/WRF/wrfout_d04_2023-04-21_12:00:00,2023-04-21_16:15:00,2023-04-21_17:00:00,18.724781036376953,21.793502807617188,55.3968505859375,58.69110107421875,2023-04-21_12:00:00,/mnt/L2_plus/winds_data_products/2023/DN230421_02/wrfout_d04_2023-04-21_120000.nc4,4,21,15.0,1.0,19966241,https://zenodo.org/records/19966241/files/WRF_models_DN230421_02.zip,uploaded,
DN230523_02,-30.935808217831934,128.66084405791776,2023-05-23T15:52:08,/mnt/L2_plus/events_trello/DN230523_02/WRF/wrfout_d04_2023-05-22_18:00:00,2023-05-23_15:45:00,2023-05-23_16:15:00,-31.90373992919922,-30.319141387939453,127.52093505859375,129.38131713867188,2023-05-22_18:00:00,/mnt/L2_plus/winds_data_products/2023/DN230523_02/wrfout_d04_2023-05-22_180000.nc4,3,90,15.0,1.0,19966241,https://zenodo.org/records/19966241/files/WRF_models_DN230523_02.zip,uploaded,
DN230523_02,-30.935808217831934,128.66084405791776,2023-05-23T15:52:08,/mnt/L2_plus/events_trello/DN230523_02/WRF/wrfout_d04_2023-05-23_00:00:00,2023-05-23_15:45:00,2023-05-23_16:15:00,-31.90373992919922,-30.319141387939453,127.52093505859375,129.38131713867188,2023-05-23_00:00:00,/mnt/L2_plus/winds_data_products/2023/DN230523_02/wrfout_d04_2023-05-23_000000.nc4,3,66,15.0,1.0,19966241,https://zenodo.org/records/19966241/files/WRF_models_DN230523_02.zip,uploaded,
DN230523_02,-30.935808217831934,128.66084405791776,2023-05-23T15:52:08,/mnt/L2_plus/events_trello/DN230523_02/WRF/wrfout_d04_2023-05-23_06:00:00,2023-05-23_15:45:00,2023-05-23_16:15:00,-31.90373992919922,-30.319141387939453,127.52093505859375,129.38131713867188,2023-05-23_06:00:00,/mnt/L2_plus/winds_data_products/2023/DN230523_02/wrfout_d04_2023-05-23_060000.nc4,3,42,15.0,1.0,19966241,https://zenodo.org/records/19966241/files/WRF_models_DN230523_02.zip,uploaded,
DN230523_02,-30.935808217831934,128.66084405791776,2023-05-23T15:52:08,/mnt/L2_plus/events_trello/DN230523_02/WRF/wrfout_d04_2023-05-23_12:00:00,2023-05-23_15:45:00,2023-05-23_16:15:00,-31.90373992919922,-30.319141387939453,127.52093505859375,129.38131713867188,2023-05-23_12:00:00,/mnt/L2_plus/winds_data_products/2023/DN230523_02/wrfout_d04_2023-05-23_120000.nc4,3,18,15.0,1.0,19966241,https://zenodo.org/records/19966241/files/WRF_models_DN230523_02.zip,uploaded,
DN230731_03,-30.821673654625705,127.14045859498476,2023-07-31T12:38:53,/mnt/L2_plus/events_trello/DN230731_03/WRF/wrfout_d04_2023-07-30_18:00:00,2023-07-31_12:30:00,2023-07-31_13:00:00,-32.52944564819336,-29.455028533935547,125.11563110351562,128.7430419921875,2023-07-30_18:00:00,/mnt/L2_plus/winds_data_products/2023/DN230731_03/wrfout_d04_2023-07-30_180000.nc4,3,77,15.0,1.0,19966241,https://zenodo.org/records/19966241/files/WRF_models_DN230731_03.zip,uploaded,
DN230731_03,-30.821673654625705,127.14045859498476,2023-07-31T12:38:53,/mnt/L2_plus/events_trello/DN230731_03/WRF/wrfout_d04_2023-07-31_00:00:00,2023-07-31_12:30:00,2023-07-31_13:00:00,-32.52944564819336,-29.455028533935547,125.11563110351562,128.7430419921875,2023-07-31_00:00:00,/mnt/L2_plus/winds_data_products/2023/DN230731_03/wrfout_d04_2023-07-31_000000.nc4,3,53,15.0,1.0,19966241,https://zenodo.org/records/19966241/files/WRF_models_DN230731_03.zip,uploaded,
DN230731_03,-30.821673654625705,127.14045859498476,2023-07-31T12:38:53,/mnt/L2_plus/events_trello/DN230731_03/WRF/wrfout_d04_2023-07-31_06:00:00,2023-07-31_12:30:00,2023-07-31_13:00:00,-32.52944564819336,-29.455028533935547,125.11563110351562,128.7430419921875,2023-07-31_06:00:00,/mnt/L2_plus/winds_data_products/2023/DN230731_03/wrfout_d04_2023-07-31_060000.nc4,3,29,15.0,1.0,19966241,https://zenodo.org/records/19966241/files/WRF_models_DN230731_03.zip,uploaded,
DN230731_03,-30.821673654625705,127.14045859498476,2023-07-31T12:38:53,/mnt/L2_plus/events_trello/DN230731_03/WRF/wrfout_d04_2023-07-31_12:00:00,2023-07-31_12:30:00,2023-07-31_13:00:00,-32.52944564819336,-29.455028533935547,125.11563110351562,128.7430419921875,2023-07-31_12:00:00,/mnt/L2_plus/winds_data_products/2023/DN230731_03/wrfout_d04_2023-07-31_120000.nc4,3,5,15.0,1.0,19966241,https://zenodo.org/records/19966241/files/WRF_models_DN230731_03.zip,uploaded,
DN231003_01,-32.66565300854021,116.64426484777938,2023-10-03T12:59:13,/mnt/L2_plus/events_trello/DN231003_01/WRF/wrfout_d04_2023-10-02_18:00:00,2023-10-03_12:45:00,2023-10-03_13:30:00,-34.371822357177734,-31.296262741088867,114.57464599609375,118.280029296875,2023-10-02_18:00:00,/mnt/L2_plus/winds_data_products/2023/DN231003_01/wrfout_d04_2023-10-02_180000.nc4,4,79,15.0,1.0,19966241,https://zenodo.org/records/19966241/files/WRF_models_DN231003_01.zip,uploaded,
DN231003_01,-32.66565300854021,116.64426484777938,2023-10-03T12:59:13,/mnt/L2_plus/events_trello/DN231003_01/WRF/wrfout_d04_2023-10-03_00:00:00,2023-10-03_12:45:00,2023-10-03_13:30:00,-34.371822357177734,-31.296262741088867,114.57464599609375,118.280029296875,2023-10-03_00:00:00,/mnt/L2_plus/winds_data_products/2023/DN231003_01/wrfout_d04_2023-10-03_000000.nc4,4,55,15.0,1.0,19966241,https://zenodo.org/records/19966241/files/WRF_models_DN231003_01.zip,uploaded,
DN231003_01,-32.66565300854021,116.64426484777938,2023-10-03T12:59:13,/mnt/L2_plus/events_trello/DN231003_01/WRF/wrfout_d04_2023-10-03_06:00:00,2023-10-03_12:45:00,2023-10-03_13:30:00,-34.371822357177734,-31.296262741088867,114.57464599609375,118.280029296875,2023-10-03_06:00:00,/mnt/L2_plus/winds_data_products/2023/DN231003_01/wrfout_d04_2023-10-03_060000.nc4,4,31,15.0,1.0,19966241,https://zenodo.org/records/19966241/files/WRF_models_DN231003_01.zip,uploaded,
DN231003_01,-32.66565300854021,116.64426484777938,2023-10-03T12:59:13,/mnt/L2_plus/events_trello/DN231003_01/WRF/wrfout_d04_2023-10-03_12:00:00,2023-10-03_12:45:00,2023-10-03_13:30:00,-34.371822357177734,-31.296262741088867,114.57464599609375,118.280029296875,2023-10-03_12:00:00,/mnt/L2_plus/winds_data_products/2023/DN231003_01/wrfout_d04_2023-10-03_120000.nc4,4,7,15.0,1.0,19966241,https://zenodo.org/records/19966241/files/WRF_models_DN231003_01.zip,uploaded,
DN231013_01,-28.99605,124.38780,2023-10-13T14:19:20,/mnt/L2_plus/events_trello/DN231013_01/WRF/wrfout_d04_2023-10-12_18:00:00,2023-10-13_14:15:00,2023-10-13_14:45:00,-30.703824996948242,-27.63047218322754,122.40228271484375,125.95928955078125,2023-10-12_18:00:00,/mnt/L2_plus/winds_data_products/2023/DN231013_01/wrfout_d04_2023-10-12_180000.nc4,3,84,15.0,1.0,19966241,https://zenodo.org/records/19966241/files/WRF_models_DN231013_01.zip,uploaded,
DN231013_01,-28.99605,124.38780,2023-10-13T14:19:20,/mnt/L2_plus/events_trello/DN231013_01/WRF/wrfout_d04_2023-10-13_00:00:00,2023-10-13_14:15:00,2023-10-13_14:45:00,-30.703824996948242,-27.63047218322754,122.40228271484375,125.95928955078125,2023-10-13_00:00:00,/mnt/L2_plus/winds_data_products/2023/DN231013_01/wrfout_d04_2023-10-13_000000.nc4,3,60,15.0,1.0,19966241,https://zenodo.org/records/19966241/files/WRF_models_DN231013_01.zip,uploaded,
DN231013_01,-28.99605,124.38780,2023-10-13T14:19:20,/mnt/L2_plus/events_trello/DN231013_01/WRF/wrfout_d04_2023-10-13_06:00:00,2023-10-13_14:15:00,2023-10-13_14:45:00,-30.703824996948242,-27.63047218322754,122.40228271484375,125.95928955078125,2023-10-13_06:00:00,/mnt/L2_plus/winds_data_products/2023/DN231013_01/wrfout_d04_2023-10-13_060000.nc4,3,36,15.0,1.0,19966241,https://zenodo.org/records/19966241/files/WRF_models_DN231013_01.zip,uploaded,
DN231013_01,-28.99605,124.38780,2023-10-13T14:19:20,/mnt/L2_plus/events_trello/DN231013_01/WRF/wrfout_d04_2023-10-13_12:00:00,2023-10-13_14:15:00,2023-10-13_14:45:00,-30.703824996948242,-27.63047218322754,122.40228271484375,125.95928955078125,2023-10-13_12:00:00,/mnt/L2_plus/winds_data_products/2023/DN231013_01/wrfout_d04_2023-10-13_120000.nc4,3,12,15.0,1.0,19966241,https://zenodo.org/records/19966241/files/WRF_models_DN231013_01.zip,uploaded,
DN231024_01,-30.9087816,126.8550291,2023-10-24T11:00:38,/mnt/L2_plus/events_trello/DN231024_01/WRF/wrfout_d04_2023-10-23_12:00:00,2023-10-24_11:00:00,2023-10-24_11:30:00,-32.61659240722656,-29.5421199798584,124.8282470703125,128.45919799804688,2023-10-23_12:00:00,/mnt/L2_plus/winds_data_products/2023/DN231024_01/wrfout_d04_2023-10-23_120000.nc4,3,95,15.0,1.0,19966241,https://zenodo.org/records/19966241/files/WRF_models_DN231024_01.zip,uploaded,
DN231024_01,-30.9087816,126.8550291,2023-10-24T11:00:38,/mnt/L2_plus/events_trello/DN231024_01/WRF/wrfout_d04_2023-10-23_18:00:00,2023-10-24_11:00:00,2023-10-24_11:30:00,-32.61659240722656,-29.5421199798584,124.8282470703125,128.45919799804688,2023-10-23_18:00:00,/mnt/L2_plus/winds_data_products/2023/DN231024_01/wrfout_d04_2023-10-23_180000.nc4,3,71,15.0,1.0,19966241,https://zenodo.org/records/19966241/files/WRF_models_DN231024_01.zip,uploaded,
DN231024_01,-30.9087816,126.8550291,2023-10-24T11:00:38,/mnt/L2_plus/events_trello/DN231024_01/WRF/wrfout_d04_2023-10-24_00:00:00,2023-10-24_11:00:00,2023-10-24_11:30:00,-32.61659240722656,-29.5421199798584,124.8282470703125,128.45919799804688,2023-10-24_00:00:00,/mnt/L2_plus/winds_data_products/2023/DN231024_01/wrfout_d04_2023-10-24_000000.nc4,3,47,15.0,1.0,19966241,https://zenodo.org/records/19966241/files/WRF_models_DN231024_01.zip,uploaded,
DN231024_01,-30.9087816,126.8550291,2023-10-24T11:00:38,/mnt/L2_plus/events_trello/DN231024_01/WRF/wrfout_d04_2023-10-24_06:00:00,2023-10-24_11:00:00,2023-10-24_11:30:00,-32.61659240722656,-29.5421199798584,124.8282470703125,128.45919799804688,2023-10-24_06:00:00,/mnt/L2_plus/winds_data_products/2023/DN231024_01/wrfout_d04_2023-10-24_060000.nc4,3,23,15.0,1.0,19966241,https://zenodo.org/records/19966241/files/WRF_models_DN231024_01.zip,uploaded,
DN231112_01,30.6932818,-8.15205923,2023-11-12T20:46:20,/mnt/L2_plus/events_trello/DN231112_01/WRF/wrfout_d03_2023-11-12_00:00:00,2023-11-12_20:45:00,2023-11-12_21:15:00,28.253406524658203,32.77539825439453,-11.017669677734375,-5.677093505859375,2023-11-12_00:00:00,/mnt/L2_plus/winds_data_products/2023/DN231112_01/wrfout_d03_2023-11-12_000000.nc4,3,86,15.0,3.0,19966241,https://zenodo.org/records/19966241/files/WRF_models_DN231112_01.zip,uploaded,
DN231112_01,30.6932818,-8.15205923,2023-11-12T20:46:20,/mnt/L2_plus/events_trello/DN231112_01/WRF/wrfout_d03_2023-11-12_06:00:00,2023-11-12_20:45:00,2023-11-12_21:15:00,28.253406524658203,32.77539825439453,-11.017669677734375,-5.677093505859375,2023-11-12_06:00:00,/mnt/L2_plus/winds_data_products/2023/DN231112_01/wrfout_d03_2023-11-12_060000.nc4,3,62,15.0,3.0,19966241,https://zenodo.org/records/19966241/files/WRF_models_DN231112_01.zip,uploaded,
DN231112_01,30.6932818,-8.15205923,2023-11-12T20:46:20,/mnt/L2_plus/events_trello/DN231112_01/WRF/wrfout_d03_2023-11-12_12:00:00,2023-11-12_20:45:00,2023-11-12_21:15:00,28.253406524658203,32.77539825439453,-11.017669677734375,-5.677093505859375,2023-11-12_12:00:00,/mnt/L2_plus/winds_data_products/2023/DN231112_01/wrfout_d03_2023-11-12_120000.nc4,3,38,15.0,3.0,19966241,https://zenodo.org/records/19966241/files/WRF_models_DN231112_01.zip,uploaded,
DN231112_01,30.6932818,-8.15205923,2023-11-12T20:46:20,/mnt/L2_plus/events_trello/DN231112_01/WRF/wrfout_d03_2023-11-12_18:00:00,2023-11-12_20:45:00,2023-11-12_21:15:00,28.253406524658203,32.77539825439453,-11.017669677734375,-5.677093505859375,2023-11-12_18:00:00,/mnt/L2_plus/winds_data_products/2023/DN231112_01/wrfout_d03_2023-11-12_180000.nc4,3,14,15.0,3.0,19966241,https://zenodo.org/records/19966241/files/WRF_models_DN231112_01.zip,uploaded,
DN231120_01,-29.542929633611756,129.24779323167584,2023-11-20T11:49:54,/mnt/L2_plus/events_trello/DN231120_01/WRF/wrfout_d04_2023-11-19_12:00:00,2023-11-20_11:45:00,2023-11-20_12:15:00,-31.25071907043457,-28.177051544189453,127.25091552734375,130.82830810546875,2023-11-19_12:00:00,/mnt/L2_plus/winds_data_products/2023/DN231120_01/wrfout_d04_2023-11-19_120000.nc4,3,98,15.0,1.0,19966241,https://zenodo.org/records/19966241/files/WRF_models_DN231120_01.zip,uploaded,
DN231120_01,-29.542929633611756,129.24779323167584,2023-11-20T11:49:54,/mnt/L2_plus/events_trello/DN231120_01/WRF/wrfout_d04_2023-11-19_18:00:00,2023-11-20_11:45:00,2023-11-20_12:15:00,-31.25071907043457,-28.177051544189453,127.25091552734375,130.82830810546875,2023-11-19_18:00:00,/mnt/L2_plus/winds_data_products/2023/DN231120_01/wrfout_d04_2023-11-19_180000.nc4,3,74,15.0,1.0,19966241,https://zenodo.org/records/19966241/files/WRF_models_DN231120_01.zip,uploaded,
DN231120_01,-29.542929633611756,129.24779323167584,2023-11-20T11:49:54,/mnt/L2_plus/events_trello/DN231120_01/WRF/wrfout_d04_2023-11-20_00:00:00,2023-11-20_11:45:00,2023-11-20_12:15:00,-31.25071907043457,-28.177051544189453,127.25091552734375,130.82830810546875,2023-11-20_00:00:00,/mnt/L2_plus/winds_data_products/2023/DN231120_01/wrfout_d04_2023-11-20_000000.nc4,3,50,15.0,1.0,19966241,https://zenodo.org/records/19966241/files/WRF_models_DN231120_01.zip,uploaded,
DN231120_01,-29.542929633611756,129.24779323167584,2023-11-20T11:49:54,/mnt/L2_plus/events_trello/DN231120_01/WRF/wrfout_d04_2023-11-20_06:00:00,2023-11-20_11:45:00,2023-11-20_12:15:00,-31.25071907043457,-28.177051544189453,127.25091552734375,130.82830810546875,2023-11-20_06:00:00,/mnt/L2_plus/winds_data_products/2023/DN231120_01/wrfout_d04_2023-11-20_060000.nc4,3,26,15.0,1.0,19966241,https://zenodo.org/records/19966241/files/WRF_models_DN231120_01.zip,uploaded,
DN231223_03,20.449904024821862,55.218557440179865,2023-12-23T17:28:53,/mnt/L2_plus/events_trello/DN231223_03/WRF/wrfout_d04_2023-12-22_18:00:00,2023-12-23_17:15:00,2023-12-23_18:00:00,18.732805252075195,21.801555633544922,53.37957763671875,56.67401123046875,2023-12-22_18:00:00,/mnt/L2_plus/winds_data_products/2023/DN231223_03/wrfout_d04_2023-12-22_180000.nc4,4,97,15.0,1.0,19966241,https://zenodo.org/records/19966241/files/WRF_models_DN231223_03.zip,uploaded,
DN231223_03,20.449904024821862,55.218557440179865,2023-12-23T17:28:53,/mnt/L2_plus/events_trello/DN231223_03/WRF/wrfout_d04_2023-12-23_00:00:00,2023-12-23_17:15:00,2023-12-23_18:00:00,18.732805252075195,21.801555633544922,53.37957763671875,56.67401123046875,2023-12-23_00:00:00,/mnt/L2_plus/winds_data_products/2023/DN231223_03/wrfout_d04_2023-12-23_000000.nc4,4,73,15.0,1.0,19966241,https://zenodo.org/records/19966241/files/WRF_models_DN231223_03.zip,uploaded,
DN231223_03,20.449904024821862,55.218557440179865,2023-12-23T17:28:53,/mnt/L2_plus/events_trello/DN231223_03/WRF/wrfout_d04_2023-12-23_06:00:00,2023-12-23_17:15:00,2023-12-23_18:00:00,18.732805252075195,21.801555633544922,53.37957763671875,56.67401123046875,2023-12-23_06:00:00,/mnt/L2_plus/winds_data_products/2023/DN231223_03/wrfout_d04_2023-12-23_060000.nc4,4,49,15.0,1.0,19966241,https://zenodo.org/records/19966241/files/WRF_models_DN231223_03.zip,uploaded,
DN231223_03,20.449904024821862,55.218557440179865,2023-12-23T17:28:53,/mnt/L2_plus/events_trello/DN231223_03/WRF/wrfout_d04_2023-12-23_12:00:00,2023-12-23_17:15:00,2023-12-23_18:00:00,18.732805252075195,21.801555633544922,53.37957763671875,56.67401123046875,2023-12-23_12:00:00,/mnt/L2_plus/winds_data_products/2023/DN231223_03/wrfout_d04_2023-12-23_120000.nc4,4,25,15.0,1.0,19966241,https://zenodo.org/records/19966241/files/WRF_models_DN231223_03.zip,uploaded,
DN231225_01,-30.95323155381825,131.31421679891463,2023-12-25T15:52:23,/mnt/L2_plus/events_trello/DN231225_01/WRF/wrfout_d04_2023-12-24_18:00:00,2023-12-25_15:45:00,2023-12-25_16:15:00,-32.661048889160156,-29.586536407470703,129.28634643554688,132.91921997070312,2023-12-24_18:00:00,/mnt/L2_plus/winds_data_products/2023/DN231225_01/wrfout_d04_2023-12-24_180000.nc4,3,90,15.0,1.0,19966241,https://zenodo.org/records/19966241/files/WRF_models_DN231225_01.zip,uploaded,
DN231225_01,-30.95323155381825,131.31421679891463,2023-12-25T15:52:23,/mnt/L2_plus/events_trello/DN231225_01/WRF/wrfout_d04_2023-12-25_00:00:00,2023-12-25_15:45:00,2023-12-25_16:15:00,-32.661048889160156,-29.586536407470703,129.28634643554688,132.91921997070312,2023-12-25_00:00:00,/mnt/L2_plus/winds_data_products/2023/DN231225_01/wrfout_d04_2023-12-25_000000.nc4,3,66,15.0,1.0,19966241,https://zenodo.org/records/19966241/files/WRF_models_DN231225_01.zip,uploaded,
DN231225_01,-30.95323155381825,131.31421679891463,2023-12-25T15:52:23,/mnt/L2_plus/events_trello/DN231225_01/WRF/wrfout_d04_2023-12-25_06:00:00,2023-12-25_15:45:00,2023-12-25_16:15:00,-32.661048889160156,-29.586536407470703,129.28634643554688,132.91921997070312,2023-12-25_06:00:00,/mnt/L2_plus/winds_data_products/2023/DN231225_01/wrfout_d04_2023-12-25_060000.nc4,3,42,15.0,1.0,19966241,https://zenodo.org/records/19966241/files/WRF_models_DN231225_01.zip,uploaded,
DN231225_01,-30.95323155381825,131.31421679891463,2023-12-25T15:52:23,/mnt/L2_plus/events_trello/DN231225_01/WRF/wrfout_d04_2023-12-25_12:00:00,2023-12-25_15:45:00,2023-12-25_16:15:00,-32.661048889160156,-29.586536407470703,129.28634643554688,132.91921997070312,2023-12-25_12:00:00,/mnt/L2_plus/winds_data_products/2023/DN231225_01/wrfout_d04_2023-12-25_120000.nc4,3,18,15.0,1.0,19966241,https://zenodo.org/records/19966241/files/WRF_models_DN231225_01.zip,uploaded,
DN230324_10,44.38848883131769,-0.7124928355426716,2023-03-24T22:17:31,/mnt/L2_plus/events_trello/DN230324_10/WRF/wrfout_d04_2023-03-24_00:00:00,2023-03-24_22:15:00,2023-03-24_22:45:00,42.65655517578125,45.74025344848633,-3.15869140625,1.2237548828125,2023-03-24_00:00:00,/mnt/L2_plus/winds_data_products/2023/DN230324_10/wrfout_d04_2023-03-24_000000.nc4,3,92,15.0,1.0,19966241,https://zenodo.org/records/19966241/files/WRF_models_DN230324_10.zip,uploaded,
DN230324_10,44.38848883131769,-0.7124928355426716,2023-03-24T22:17:31,/mnt/L2_plus/events_trello/DN230324_10/WRF/wrfout_d04_2023-03-24_06:00:00,2023-03-24_22:15:00,2023-03-24_22:45:00,42.65655517578125,45.74025344848633,-3.15869140625,1.2237548828125,2023-03-24_06:00:00,/mnt/L2_plus/winds_data_products/2023/DN230324_10/wrfout_d04_2023-03-24_060000.nc4,3,68,15.0,1.0,19966241,https://zenodo.org/records/19966241/files/WRF_models_DN230324_10.zip,uploaded,
DN230324_10,44.38848883131769,-0.7124928355426716,2023-03-24T22:17:31,/mnt/L2_plus/events_trello/DN230324_10/WRF/wrfout_d04_2023-03-24_12:00:00,2023-03-24_22:15:00,2023-03-24_22:45:00,42.65655517578125,45.74025344848633,-3.15869140625,1.2237548828125,2023-03-24_12:00:00,/mnt/L2_plus/winds_data_products/2023/DN230324_10/wrfout_d04_2023-03-24_120000.nc4,3,44,15.0,1.0,19966241,https://zenodo.org/records/19966241/files/WRF_models_DN230324_10.zip,uploaded,
DN230324_10,44.38848883131769,-0.7124928355426716,2023-03-24T22:17:31,/mnt/L2_plus/events_trello/DN230324_10/WRF/wrfout_d04_2023-03-24_18:00:00,2023-03-24_22:15:00,2023-03-24_22:45:00,42.65655517578125,45.74025344848633,-3.15869140625,1.2237548828125,2023-03-24_18:00:00,/mnt/L2_plus/winds_data_products/2023/DN230324_10/wrfout_d04_2023-03-24_180000.nc4,3,20,15.0,1.0,19966241,https://zenodo.org/records/19966241/files/WRF_models_DN230324_10.zip,uploaded,
DN231229_02,33.86191,-114.29814,2023-12-29T02:40:40,/mnt/L2_plus/events_trello/DN231229_02/WRF/wrfout_d04_2023-12-28_06:00:00,2023-12-29_02:30:00,2023-12-29_03:00:00,32.13746643066406,35.213626861572266,-116.38800048828125,-112.64405822753906,2023-12-28_06:00:00,/mnt/L2_plus/winds_data_products/2023/DN231229_02/wrfout_d04_2023-12-28_060000.nc4,3,85,15.0,1.0,19966241,https://zenodo.org/records/19966241/files/WRF_models_DN231229_02.zip,uploaded,
DN231229_02,33.86191,-114.29814,2023-12-29T02:40:40,/mnt/L2_plus/events_trello/DN231229_02/WRF/wrfout_d04_2023-12-28_12:00:00,2023-12-29_02:30:00,2023-12-29_03:00:00,32.13746643066406,35.213626861572266,-116.38800048828125,-112.64405822753906,2023-12-28_12:00:00,/mnt/L2_plus/winds_data_products/2023/DN231229_02/wrfout_d04_2023-12-28_120000.nc4,3,61,15.0,1.0,19966241,https://zenodo.org/records/19966241/files/WRF_models_DN231229_02.zip,uploaded,
DN231229_02,33.86191,-114.29814,2023-12-29T02:40:40,/mnt/L2_plus/events_trello/DN231229_02/WRF/wrfout_d04_2023-12-28_18:00:00,2023-12-29_02:30:00,2023-12-29_03:00:00,32.13746643066406,35.213626861572266,-116.38800048828125,-112.64405822753906,2023-12-28_18:00:00,/mnt/L2_plus/winds_data_products/2023/DN231229_02/wrfout_d04_2023-12-28_180000.nc4,3,37,15.0,1.0,19966241,https://zenodo.org/records/19966241/files/WRF_models_DN231229_02.zip,uploaded,
DN231229_02,33.86191,-114.29814,2023-12-29T02:40:40,/mnt/L2_plus/events_trello/DN231229_02/WRF/wrfout_d04_2023-12-29_00:00:00,2023-12-29_02:30:00,2023-12-29_03:00:00,32.13746643066406,35.213626861572266,-116.38800048828125,-112.64405822753906,2023-12-29_00:00:00,/mnt/L2_plus/winds_data_products/2023/DN231229_02/wrfout_d04_2023-12-29_000000.nc4,3,13,15.0,1.0,19966241,https://zenodo.org/records/19966241/files/WRF_models_DN231229_02.zip,uploaded,
DN220227_01,-30.35380901250382,122.11473090022085,2022-02-27T13:27:48,/mnt/L2_plus/events_trello/DN220227_01/WRF/wrfout_d04_2022-02-27_00:00:00,2022-02-27_13:00:00,2022-02-27_14:00:00,-31.797624588012695,-29.250333786010742,120.41522216796875,123.3988037109375,2022-02-27_00:00:00,/mnt/L2_plus/winds_data_products/2022/DN220227_01/wrfout_d04_2022-02-27_000000.nc4,3,29,30.0,1.0,19965662,https://zenodo.org/records/19965662/files/WRF_models_DN220227_01.zip,uploaded,
DN220227_01,-30.35380901250382,122.11473090022085,2022-02-27T13:27:48,/mnt/L2_plus/events_trello/DN220227_01/WRF/wrfout_d04_2022-02-27_06:00:00,2022-02-27_13:00:00,2022-02-27_14:00:00,-31.797624588012695,-29.250333786010742,120.41522216796875,123.3988037109375,2022-02-27_06:00:00,/mnt/L2_plus/winds_data_products/2022/DN220227_01/wrfout_d04_2022-02-27_060000.nc4,3,17,30.0,1.0,19965662,https://zenodo.org/records/19965662/files/WRF_models_DN220227_01.zip,uploaded,
DN220227_01,-30.35380901250382,122.11473090022085,2022-02-27T13:27:48,/mnt/L2_plus/events_trello/DN220227_01/WRF/wrfout_d04_2022-02-27_12:00:00,2022-02-27_13:00:00,2022-02-27_14:00:00,-31.797624588012695,-29.250333786010742,120.41522216796875,123.3988037109375,2022-02-27_12:00:00,/mnt/L2_plus/winds_data_products/2022/DN220227_01/wrfout_d04_2022-02-27_120000.nc4,3,5,30.0,1.0,19965662,https://zenodo.org/records/19965662/files/WRF_models_DN220227_01.zip,uploaded,
DN220308_01,55.679072607209996,-114.34686238010043,2022-03-08T02:16:46,/mnt/L2_plus/events_trello/DN220308_01/WRF/wrfout_d04_2022-03-07_06:00:00,2022-03-08_02:00:00,2022-03-08_02:40:00,54.208927154541016,56.771358489990234,-116.98077392578125,-112.35453796386719,2022-03-07_06:00:00,/mnt/L2_plus/winds_data_products/2022/DN220308_01/wrfout_d04_2022-03-07_060000.nc4,3,63,20.0,1.0,19965662,https://zenodo.org/records/19965662/files/WRF_models_DN220308_01.zip,uploaded,
DN220308_01,55.679072607209996,-114.34686238010043,2022-03-08T02:16:46,/mnt/L2_plus/events_trello/DN220308_01/WRF/wrfout_d04_2022-03-07_12:00:00,2022-03-08_02:00:00,2022-03-08_02:40:00,54.208927154541016,56.771358489990234,-116.98077392578125,-112.35453796386719,2022-03-07_12:00:00,/mnt/L2_plus/winds_data_products/2022/DN220308_01/wrfout_d04_2022-03-07_120000.nc4,3,45,20.0,1.0,19965662,https://zenodo.org/records/19965662/files/WRF_models_DN220308_01.zip,uploaded,
DN220308_01,55.679072607209996,-114.34686238010043,2022-03-08T02:16:46,/mnt/L2_plus/events_trello/DN220308_01/WRF/wrfout_d04_2022-03-07_18:00:00,2022-03-08_02:00:00,2022-03-08_02:40:00,54.208927154541016,56.771358489990234,-116.98077392578125,-112.35453796386719,2022-03-07_18:00:00,/mnt/L2_plus/winds_data_products/2022/DN220308_01/wrfout_d04_2022-03-07_180000.nc4,3,27,20.0,1.0,19965662,https://zenodo.org/records/19965662/files/WRF_models_DN220308_01.zip,uploaded,
DN220308_01,55.679072607209996,-114.34686238010043,2022-03-08T02:16:46,/mnt/L2_plus/events_trello/DN220308_01/WRF/wrfout_d04_2022-03-08_00:00:00,2022-03-08_02:00:00,2022-03-08_02:40:00,54.208927154541016,56.771358489990234,-116.98077392578125,-112.35453796386719,2022-03-08_00:00:00,/mnt/L2_plus/winds_data_products/2022/DN220308_01/wrfout_d04_2022-03-08_000000.nc4,3,9,20.0,1.0,19965662,https://zenodo.org/records/19965662/files/WRF_models_DN220308_01.zip,uploaded,
DN220308_03,18.418766359461262,53.3834562358817,2022-03-08T20:15:02,/mnt/L2_plus/events_trello/DN220308_03/WRF/wrfout_d04_2022-03-08_06:00:00,2022-03-08_20:00:00,2022-03-08_20:40:00,16.959705352783203,19.51404571533203,51.85195541381836,54.54165267944336,2022-03-08_06:00:00,/mnt/L2_plus/winds_data_products/2022/DN220308_03/wrfout_d04_2022-03-08_060000.nc4,3,46,20.0,1.0,19965662,https://zenodo.org/records/19965662/files/WRF_models_DN220308_03.zip,uploaded,
DN220308_03,18.418766359461262,53.3834562358817,2022-03-08T20:15:02,/mnt/L2_plus/events_trello/DN220308_03/WRF/wrfout_d04_2022-03-08_12:00:00,2022-03-08_20:00:00,2022-03-08_20:40:00,16.959705352783203,19.51404571533203,51.85195541381836,54.54165267944336,2022-03-08_12:00:00,/mnt/L2_plus/winds_data_products/2022/DN220308_03/wrfout_d04_2022-03-08_120000.nc4,3,28,20.0,1.0,19965662,https://zenodo.org/records/19965662/files/WRF_models_DN220308_03.zip,uploaded,
DN220308_03,18.418766359461262,53.3834562358817,2022-03-08T20:15:02,/mnt/L2_plus/events_trello/DN220308_03/WRF/wrfout_d04_2022-03-08_18:00:00,2022-03-08_20:00:00,2022-03-08_20:40:00,16.959705352783203,19.51404571533203,51.85195541381836,54.54165267944336,2022-03-08_18:00:00,/mnt/L2_plus/winds_data_products/2022/DN220308_03/wrfout_d04_2022-03-08_180000.nc4,3,10,20.0,1.0,19965662,https://zenodo.org/records/19965662/files/WRF_models_DN220308_03.zip,uploaded,
DN220413_01,52.66611804954947,-2.8744720231402487,2022-04-13T23:45:23,/mnt/L2_plus/events_trello/DN220413_01/WRF/wrfout_d04_2022-04-13_00:00:00,2022-04-13_23:40:00,2022-04-14_00:00:00,51.18184280395508,53.769386291503906,-5.34271240234375,-1.009246826171875,2022-04-13_00:00:00,/mnt/L2_plus/winds_data_products/2022/DN220413_01/wrfout_d04_2022-04-13_000000.nc4,3,145,10.0,1.0,19965662,https://zenodo.org/records/19965662/files/WRF_models_DN220413_01.zip,uploaded,
DN220413_01,52.66611804954947,-2.8744720231402487,2022-04-13T23:45:23,/mnt/L2_plus/events_trello/DN220413_01/WRF/wrfout_d04_2022-04-13_06:00:00,2022-04-13_23:40:00,2022-04-14_00:00:00,51.18184280395508,53.769386291503906,-5.34271240234375,-1.009246826171875,2022-04-13_06:00:00,/mnt/L2_plus/winds_data_products/2022/DN220413_01/wrfout_d04_2022-04-13_060000.nc4,3,109,10.0,1.0,19965662,https://zenodo.org/records/19965662/files/WRF_models_DN220413_01.zip,uploaded,
DN220413_01,52.66611804954947,-2.8744720231402487,2022-04-13T23:45:23,/mnt/L2_plus/events_trello/DN220413_01/WRF/wrfout_d04_2022-04-13_12:00:00,2022-04-13_23:40:00,2022-04-14_00:00:00,51.18184280395508,53.769386291503906,-5.34271240234375,-1.009246826171875,2022-04-13_12:00:00,/mnt/L2_plus/winds_data_products/2022/DN220413_01/wrfout_d04_2022-04-13_120000.nc4,3,73,10.0,1.0,19965662,https://zenodo.org/records/19965662/files/WRF_models_DN220413_01.zip,uploaded,
DN220413_01,52.66611804954947,-2.8744720231402487,2022-04-13T23:45:23,/mnt/L2_plus/events_trello/DN220413_01/WRF/wrfout_d04_2022-04-13_18:00:00,2022-04-13_23:40:00,2022-04-14_00:00:00,51.18184280395508,53.769386291503906,-5.34271240234375,-1.009246826171875,2022-04-13_18:00:00,/mnt/L2_plus/winds_data_products/2022/DN220413_01/wrfout_d04_2022-04-13_180000.nc4,3,37,10.0,1.0,19965662,https://zenodo.org/records/19965662/files/WRF_models_DN220413_01.zip,uploaded,
DN220420_01,21.346963646342804,56.1191889789065,2022-04-20T00:51:24,/mnt/L2_plus/events_trello/DN220420_01/WRF/wrfout_d04_2022-04-19_12:00:00,2022-04-20_00:40:00,2022-04-20_01:00:00,20.375930786132812,21.958709716796875,55.07586669921875,56.77862548828125,2022-04-19_12:00:00,/mnt/L2_plus/winds_data_products/2022/DN220420_01/wrfout_d04_2022-04-19_120000.nc4,2,40,20.0,1.0,19965662,https://zenodo.org/records/19965662/files/WRF_models_DN220420_01.zip,uploaded,
DN220420_01,21.346963646342804,56.1191889789065,2022-04-20T00:51:24,/mnt/L2_plus/events_trello/DN220420_01/WRF/wrfout_d04_2022-04-19_18:00:00,2022-04-20_00:50:00,2022-04-20_01:00:00,20.375930786132812,21.958709716796875,55.07586669921875,56.77862548828125,2022-04-19_18:00:00,/mnt/L2_plus/winds_data_products/2022/DN220420_01/wrfout_d04_2022-04-19_180000.nc4,2,43,10.0,1.0,19965662,https://zenodo.org/records/19965662/files/WRF_models_DN220420_01.zip,uploaded,
DN220420_01,21.346963646342804,56.1191889789065,2022-04-20T00:51:24,/mnt/L2_plus/events_trello/DN220420_01/WRF/wrfout_d04_2022-04-20_00:00:00,2022-04-20_00:50:00,2022-04-20_01:00:00,20.375930786132812,21.958709716796875,55.07586669921875,56.77862548828125,2022-04-20_00:00:00,/mnt/L2_plus/winds_data_products/2022/DN220420_01/wrfout_d04_2022-04-20_000000.nc4,2,7,10.0,1.0,19965662,https://zenodo.org/records/19965662/files/WRF_models_DN220420_01.zip,uploaded,
DN220511_01,51.46768,-3.53815,2022-05-11T23:40:06,/mnt/L2_plus/events_trello/DN220511_01/WRF/wrfout_d04_2022-05-11_06:00:00,2022-05-11_23:40:00,2022-05-12_00:00:00,49.66136169433594,52.750858306884766,-6.321807861328125,-1.27294921875,2022-05-11_06:00:00,/mnt/L2_plus/winds_data_products/2022/DN220511_01/wrfout_d04_2022-05-11_060000.nc4,2,55,20.0,1.0,19965662,https://zenodo.org/records/19965662/files/WRF_models_DN220511_01.zip,uploaded,
DN220511_01,51.46768,-3.53815,2022-05-11T23:40:06,/mnt/L2_plus/events_trello/DN220511_01/WRF/wrfout_d04_2022-05-11_12:00:00,2022-05-11_23:40:00,2022-05-12_00:00:00,49.66136169433594,52.750858306884766,-6.321807861328125,-1.27294921875,2022-05-11_12:00:00,/mnt/L2_plus/winds_data_products/2022/DN220511_01/wrfout_d04_2022-05-11_120000.nc4,2,37,20.0,1.0,19965662,https://zenodo.org/records/19965662/files/WRF_models_DN220511_01.zip,uploaded,
DN220511_01,51.46768,-3.53815,2022-05-11T23:40:06,/mnt/L2_plus/events_trello/DN220511_01/WRF/wrfout_d04_2022-05-11_18:00:00,2022-05-11_23:40:00,2022-05-12_00:00:00,49.66136169433594,52.750858306884766,-6.321807861328125,-1.27294921875,2022-05-11_18:00:00,/mnt/L2_plus/winds_data_products/2022/DN220511_01/wrfout_d04_2022-05-11_180000.nc4,2,19,20.0,1.0,19965662,https://zenodo.org/records/19965662/files/WRF_models_DN220511_01.zip,uploaded,
DN220725_01,-30.103903690437303,119.5286282685478,2022-07-25T15:46:40,/mnt/L2_plus/events_trello/DN220725_01/WRF/wrfout_d04_2022-07-24_18:00:00,2022-07-25_15:45:00,2022-07-25_16:00:00,-31.548460006713867,-29.001121520996094,117.833984375,120.8099365234375,2022-07-24_18:00:00,/mnt/L2_plus/winds_data_products/2022/DN220725_01/wrfout_d04_2022-07-24_180000.nc4,2,89,15.0,1.0,19965662,https://zenodo.org/records/19965662/files/WRF_models_DN220725_01.zip,uploaded,
DN220725_01,-30.103903690437303,119.5286282685478,2022-07-25T15:46:40,/mnt/L2_plus/events_trello/DN220725_01/WRF/wrfout_d04_2022-07-25_00:00:00,2022-07-25_15:45:00,2022-07-25_16:00:00,-31.548460006713867,-29.001121520996094,117.833984375,120.8099365234375,2022-07-25_00:00:00,/mnt/L2_plus/winds_data_products/2022/DN220725_01/wrfout_d04_2022-07-25_000000.nc4,2,65,15.0,1.0,19965662,https://zenodo.org/records/19965662/files/WRF_models_DN220725_01.zip,uploaded,
DN220725_01,-30.103903690437303,119.5286282685478,2022-07-25T15:46:40,/mnt/L2_plus/events_trello/DN220725_01/WRF/wrfout_d04_2022-07-25_06:00:00,2022-07-25_15:45:00,2022-07-25_16:00:00,-31.548460006713867,-29.001121520996094,117.833984375,120.8099365234375,2022-07-25_06:00:00,/mnt/L2_plus/winds_data_products/2022/DN220725_01/wrfout_d04_2022-07-25_060000.nc4,2,41,15.0,1.0,19965662,https://zenodo.org/records/19965662/files/WRF_models_DN220725_01.zip,uploaded,
DN220725_01,-30.103903690437303,119.5286282685478,2022-07-25T15:46:40,/mnt/L2_plus/events_trello/DN220725_01/WRF/wrfout_d04_2022-07-25_12:00:00,2022-07-25_15:45:00,2022-07-25_16:00:00,-31.548460006713867,-29.001121520996094,117.833984375,120.8099365234375,2022-07-25_12:00:00,/mnt/L2_plus/winds_data_products/2022/DN220725_01/wrfout_d04_2022-07-25_120000.nc4,2,17,15.0,1.0,19965662,https://zenodo.org/records/19965662/files/WRF_models_DN220725_01.zip,uploaded,
DN220728_01,-33.586429992217944,117.34315793256089,2022-07-28T12:56:51,/mnt/L2_plus/events_trello/DN220728_01/WRF/wrfout_d04_2022-07-28_06:00:00,2022-07-28_12:50:00,2022-07-28_13:00:00,-35.0440559387207,-32.47175979614258,115.56475830078125,118.68783569335938,2022-07-28_06:00:00,/mnt/L2_plus/winds_data_products/2022/DN220728_01/wrfout_d04_2022-07-28_060000.nc4,2,43,10.0,1.0,19965662,https://zenodo.org/records/19965662/files/WRF_models_DN220728_01.zip,uploaded,
DN220728_01,-33.586429992217944,117.34315793256089,2022-07-28T12:56:51,/mnt/L2_plus/events_trello/DN220728_01/WRF/wrfout_d04_2022-07-28_12:00:00,2022-07-28_12:50:00,2022-07-28_13:00:00,-35.0440559387207,-32.47175979614258,115.56475830078125,118.68783569335938,2022-07-28_12:00:00,/mnt/L2_plus/winds_data_products/2022/DN220728_01/wrfout_d04_2022-07-28_120000.nc4,2,7,10.0,1.0,19965662,https://zenodo.org/records/19965662/files/WRF_models_DN220728_01.zip,uploaded,
DN220914_01,-29.151025613768,125.37578188475034,2022-09-14T18:57:33,/mnt/L2_plus/events_trello/DN220914_01/WRF/wrfout_d04_2022-09-14_00:00:00,2022-09-14_18:45:00,2022-09-14_19:15:00,-30.119140625,-28.534576416015625,124.25653076171875,126.083251953125,2022-09-14_00:00:00,/mnt/L2_plus/winds_data_products/2022/DN220914_01/wrfout_d04_2022-09-14_000000.nc4,3,78,15.0,1.0,19965662,https://zenodo.org/records/19965662/files/WRF_models_DN220914_01.zip,uploaded,
DN220914_01,-29.151025613768,125.37578188475034,2022-09-14T18:57:33,/mnt/L2_plus/events_trello/DN220914_01/WRF/wrfout_d04_2022-09-14_06:00:00,2022-09-14_18:45:00,2022-09-14_19:15:00,-30.119140625,-28.534576416015625,124.25653076171875,126.083251953125,2022-09-14_06:00:00,/mnt/L2_plus/winds_data_products/2022/DN220914_01/wrfout_d04_2022-09-14_060000.nc4,3,54,15.0,1.0,19965662,https://zenodo.org/records/19965662/files/WRF_models_DN220914_01.zip,uploaded,
DN220914_01,-29.151025613768,125.37578188475034,2022-09-14T18:57:33,/mnt/L2_plus/events_trello/DN220914_01/WRF/wrfout_d04_2022-09-14_12:00:00,2022-09-14_18:45:00,2022-09-14_19:15:00,-30.119140625,-28.534576416015625,124.25653076171875,126.083251953125,2022-09-14_12:00:00,/mnt/L2_plus/winds_data_products/2022/DN220914_01/wrfout_d04_2022-09-14_120000.nc4,3,30,15.0,1.0,19965662,https://zenodo.org/records/19965662/files/WRF_models_DN220914_01.zip,uploaded,
DN220914_01,-29.151025613768,125.37578188475034,2022-09-14T18:57:33,/mnt/L2_plus/events_trello/DN220914_01/WRF/wrfout_d04_2022-09-14_18:00:00,2022-09-14_18:45:00,2022-09-14_19:15:00,-30.119140625,-28.534576416015625,124.25653076171875,126.083251953125,2022-09-14_18:00:00,/mnt/L2_plus/winds_data_products/2022/DN220914_01/wrfout_d04_2022-09-14_180000.nc4,3,6,15.0,1.0,19965662,https://zenodo.org/records/19965662/files/WRF_models_DN220914_01.zip,uploaded,
DN221002_01,45.761386363603535,-82.3201272622963,2022-10-02T06:14:18,/mnt/L2_plus/events_trello/DN221002_01/WRF/wrfout_d04_2022-10-01_12:00:00,2022-10-02_06:00:00,2022-10-02_06:30:00,43.99421691894531,47.140541076660156,-84.88037109375,-80.29568481445312,2022-10-01_12:00:00,/mnt/L2_plus/winds_data_products/2022/DN221002_01/wrfout_d04_2022-10-01_120000.nc4,3,75,15.0,1.0,19965662,https://zenodo.org/records/19965662/files/WRF_models_DN221002_01.zip,uploaded,
DN221002_01,45.761386363603535,-82.3201272622963,2022-10-02T06:14:18,/mnt/L2_plus/events_trello/DN221002_01/WRF/wrfout_d04_2022-10-01_18:00:00,2022-10-02_06:00:00,2022-10-02_06:30:00,43.99421691894531,47.140541076660156,-84.88037109375,-80.29568481445312,2022-10-01_18:00:00,/mnt/L2_plus/winds_data_products/2022/DN221002_01/wrfout_d04_2022-10-01_180000.nc4,3,51,15.0,1.0,19965662,https://zenodo.org/records/19965662/files/WRF_models_DN221002_01.zip,uploaded,
DN221002_01,45.761386363603535,-82.3201272622963,2022-10-02T06:14:18,/mnt/L2_plus/events_trello/DN221002_01/WRF/wrfout_d04_2022-10-02_00:00:00,2022-10-02_06:00:00,2022-10-02_06:30:00,43.99421691894531,47.140541076660156,-84.88037109375,-80.29568481445312,2022-10-02_00:00:00,/mnt/L2_plus/winds_data_products/2022/DN221002_01/wrfout_d04_2022-10-02_000000.nc4,3,27,15.0,1.0,19965662,https://zenodo.org/records/19965662/files/WRF_models_DN221002_01.zip,uploaded,
DN221002_01,45.761386363603535,-82.3201272622963,2022-10-02T06:14:18,/mnt/L2_plus/events_trello/DN221002_01/WRF/wrfout_d04_2022-10-02_06:00:00,2022-10-02_06:00:00,2022-10-02_06:45:00,43.99421691894531,47.140541076660156,-84.88037109375,-80.29568481445312,2022-10-02_06:00:00,/mnt/L2_plus/winds_data_products/2022/DN221002_01/wrfout_d04_2022-10-02_060000.nc4,4,25,15.0,1.0,19965662,https://zenodo.org/records/19965662/files/WRF_models_DN221002_01.zip,uploaded,
DN221119_01_2022WJ1,43.194321286397695,-79.43476388636613,2022-11-19T08:26:43,/mnt/L2_plus/events_trello/DN221119_01/WRF/wrfout_d04_2022-11-18_12:00:00,2022-11-19_08:15:00,2022-11-19_09:00:00,41.463356018066406,44.546077728271484,-81.83026123046875,-77.53863525390625,2022-11-18_12:00:00,/mnt/L2_plus/winds_data_products/2022/DN221119_01_2022WJ1/wrfout_d04_2022-11-18_120000.nc4,4,85,15.0,1.0,19965662,https://zenodo.org/records/19965662/files/WRF_models_DN221119_01_2022WJ1.zip,uploaded,
DN221119_01_2022WJ1,43.194321286397695,-79.43476388636613,2022-11-19T08:26:43,/mnt/L2_plus/events_trello/DN221119_01/WRF/wrfout_d04_2022-11-18_18:00:00,2022-11-19_08:15:00,2022-11-19_09:00:00,41.463356018066406,44.546077728271484,-81.83026123046875,-77.53863525390625,2022-11-18_18:00:00,/mnt/L2_plus/winds_data_products/2022/DN221119_01_2022WJ1/wrfout_d04_2022-11-18_180000.nc4,4,61,15.0,1.0,19965662,https://zenodo.org/records/19965662/files/WRF_models_DN221119_01_2022WJ1.zip,uploaded,
DN221119_01_2022WJ1,43.194321286397695,-79.43476388636613,2022-11-19T08:26:43,/mnt/L2_plus/events_trello/DN221119_01/WRF/wrfout_d04_2022-11-19_00:00:00,2022-11-19_08:15:00,2022-11-19_09:00:00,41.463356018066406,44.546077728271484,-81.83026123046875,-77.53863525390625,2022-11-19_00:00:00,/mnt/L2_plus/winds_data_products/2022/DN221119_01_2022WJ1/wrfout_d04_2022-11-19_000000.nc4,4,37,15.0,1.0,19965662,https://zenodo.org/records/19965662/files/WRF_models_DN221119_01_2022WJ1.zip,uploaded,
DN221119_01_2022WJ1,43.194321286397695,-79.43476388636613,2022-11-19T08:26:43,/mnt/L2_plus/events_trello/DN221119_01/WRF/wrfout_d04_2022-11-19_06:00:00,2022-11-19_08:15:00,2022-11-19_09:00:00,41.463356018066406,44.546077728271484,-81.83026123046875,-77.53863525390625,2022-11-19_06:00:00,/mnt/L2_plus/winds_data_products/2022/DN221119_01_2022WJ1/wrfout_d04_2022-11-19_060000.nc4,4,13,15.0,1.0,19965662,https://zenodo.org/records/19965662/files/WRF_models_DN221119_01_2022WJ1.zip,uploaded,
DN210122_01,51.04788154319375,3.990530711985342,2021-01-22T06:51:50,/mnt/L2_plus/events_trello/DN210122_01/WRF/wrfout_d03_2021-01-21_18:00:00,2021-01-22_06:00:00,2021-01-22_07:00:00,48.577720642089844,53.12937545776367,-0.01971435546875,7.45477294921875,2021-01-21_18:00:00,/mnt/L2_plus/winds_data_products/2021/DN210122_01/wrfout_d03_2021-01-21_180000.nc4,2,14,60.0,3.0,19965310,https://zenodo.org/records/19965310/files/WRF_models_DN210122_01.zip,uploaded,
DN210122_01,51.04788154319375,3.990530711985342,2021-01-22T06:51:50,/mnt/L2_plus/events_trello/DN210122_01/WRF/wrfout_d03_2021-01-22_00:00:00,2021-01-22_06:00:00,2021-01-22_07:00:00,48.577720642089844,53.12937545776367,-0.01971435546875,7.45477294921875,2021-01-22_00:00:00,/mnt/L2_plus/winds_data_products/2021/DN210122_01/wrfout_d03_2021-01-22_000000.nc4,2,8,60.0,3.0,19965310,https://zenodo.org/records/19965310/files/WRF_models_DN210122_01.zip,uploaded,
DN210122_01,51.04788154319375,3.990530711985342,2021-01-22T06:51:50,/mnt/L2_plus/events_trello/DN210122_01/WRF/wrfout_d03_2021-01-22_06:00:00,2021-01-22_06:00:00,2021-01-22_07:00:00,48.577720642089844,53.12937545776367,-0.01971435546875,7.45477294921875,2021-01-22_06:00:00,/mnt/L2_plus/winds_data_products/2021/DN210122_01/wrfout_d03_2021-01-22_060000.nc4,2,2,60.0,3.0,19965310,https://zenodo.org/records/19965310/files/WRF_models_DN210122_01.zip,uploaded,
DN210211_01,-31.663439636504943,116.1020415271742,2021-02-11T16:09:16,/mnt/L2_plus/events_trello/DN210211_01/WRF/wrfout_d03_2021-02-10_18:00:00,2021-02-11_16:00:00,2021-02-11_16:30:00,-34.07417678833008,-29.55085563659668,113.19384765625,118.61383056640625,2021-02-10_18:00:00,/mnt/L2_plus/winds_data_products/2021/DN210211_01/wrfout_d03_2021-02-10_180000.nc4,3,91,15.0,3.0,19965310,https://zenodo.org/records/19965310/files/WRF_models_DN210211_01.zip,uploaded,
DN210211_01,-31.663439636504943,116.1020415271742,2021-02-11T16:09:16,/mnt/L2_plus/events_trello/DN210211_01/WRF/wrfout_d03_2021-02-11_00:00:00,2021-02-11_16:00:00,2021-02-11_16:30:00,-34.07417678833008,-29.55085563659668,113.19384765625,118.61383056640625,2021-02-11_00:00:00,/mnt/L2_plus/winds_data_products/2021/DN210211_01/wrfout_d03_2021-02-11_000000.nc4,3,67,15.0,3.0,19965310,https://zenodo.org/records/19965310/files/WRF_models_DN210211_01.zip,uploaded,
DN210211_01,-31.663439636504943,116.1020415271742,2021-02-11T16:09:16,/mnt/L2_plus/events_trello/DN210211_01/WRF/wrfout_d03_2021-02-11_06:00:00,2021-02-11_16:00:00,2021-02-11_16:30:00,-34.07417678833008,-29.55085563659668,113.19384765625,118.61383056640625,2021-02-11_06:00:00,/mnt/L2_plus/winds_data_products/2021/DN210211_01/wrfout_d03_2021-02-11_060000.nc4,3,43,15.0,3.0,19965310,https://zenodo.org/records/19965310/files/WRF_models_DN210211_01.zip,uploaded,
DN210211_01,-31.663439636504943,116.1020415271742,2021-02-11T16:09:16,/mnt/L2_plus/events_trello/DN210211_01/WRF/wrfout_d03_2021-02-11_12:00:00,2021-02-11_16:00:00,2021-02-11_16:30:00,-34.07417678833008,-29.55085563659668,113.19384765625,118.61383056640625,2021-02-11_12:00:00,/mnt/L2_plus/winds_data_products/2021/DN210211_01/wrfout_d03_2021-02-11_120000.nc4,3,19,15.0,3.0,19965310,https://zenodo.org/records/19965310/files/WRF_models_DN210211_01.zip,uploaded,
DN210228_02,51.936938739491694,-2.1525844861169867,2021-02-28T21:54:17,/mnt/L2_plus/events_trello/DN210228_02/WRF/wrfout_d03_2021-02-28_06:00:00,2021-02-28_21:00:00,2021-02-28_22:00:00,50.23704528808594,53.197265625,-4.942169189453125,-0.055755615234375,2021-02-28_06:00:00,/mnt/L2_plus/winds_data_products/2021/DN210228_02/wrfout_d03_2021-02-28_060000.nc4,2,18,60.0,3.0,19965310,https://zenodo.org/records/19965310/files/WRF_models_DN210228_02.zip,uploaded,
DN210228_02,51.936938739491694,-2.1525844861169867,2021-02-28T21:54:17,/mnt/L2_plus/events_trello/DN210228_02/WRF/wrfout_d03_2021-02-28_12:00:00,2021-02-28_21:00:00,2021-02-28_22:00:00,50.23704528808594,53.197265625,-4.942169189453125,-0.055755615234375,2021-02-28_12:00:00,/mnt/L2_plus/winds_data_products/2021/DN210228_02/wrfout_d03_2021-02-28_120000.nc4,2,12,60.0,3.0,19965310,https://zenodo.org/records/19965310/files/WRF_models_DN210228_02.zip,uploaded,
DN210228_02,51.936938739491694,-2.1525844861169867,2021-02-28T21:54:17,/mnt/L2_plus/events_trello/DN210228_02/WRF/wrfout_d03_2021-02-28_18:00:00,2021-02-28_21:00:00,2021-02-28_22:00:00,50.23704528808594,53.197265625,-4.942169189453125,-0.055755615234375,2021-02-28_18:00:00,/mnt/L2_plus/winds_data_products/2021/DN210228_02/wrfout_d03_2021-02-28_180000.nc4,2,6,60.0,3.0,19965310,https://zenodo.org/records/19965310/files/WRF_models_DN210228_02.zip,uploaded,
DN210305_01,-28.26273484851749,114.38708600650646,2021-03-05T12:39:02,/mnt/L2_plus/events_trello/DN210305_01/WRF/wrfout_d04_2021-03-04_18:00:00,2021-03-05_12:30:00,2021-03-05_13:00:00,-29.707122802734375,-27.16094398498535,112.7239990234375,115.64483642578125,2021-03-04_18:00:00,/mnt/L2_plus/winds_data_products/2021/DN210305_01/wrfout_d04_2021-03-04_180000.nc4,3,77,15.0,1.0,19965310,https://zenodo.org/records/19965310/files/WRF_models_DN210305_01.zip,uploaded,
DN210305_01,-28.26273484851749,114.38708600650646,2021-03-05T12:39:02,/mnt/L2_plus/events_trello/DN210305_01/WRF/wrfout_d04_2021-03-05_00:00:00,2021-03-05_12:30:00,2021-03-05_13:00:00,-29.707122802734375,-27.16094398498535,112.7239990234375,115.64483642578125,2021-03-05_00:00:00,/mnt/L2_plus/winds_data_products/2021/DN210305_01/wrfout_d04_2021-03-05_000000.nc4,3,53,15.0,1.0,19965310,https://zenodo.org/records/19965310/files/WRF_models_DN210305_01.zip,uploaded,
DN210305_01,-28.26273484851749,114.38708600650646,2021-03-05T12:39:02,/mnt/L2_plus/events_trello/DN210305_01/WRF/wrfout_d04_2021-03-05_06:00:00,2021-03-05_12:30:00,2021-03-05_13:00:00,-29.707122802734375,-27.16094398498535,112.7239990234375,115.64483642578125,2021-03-05_06:00:00,/mnt/L2_plus/winds_data_products/2021/DN210305_01/wrfout_d04_2021-03-05_060000.nc4,3,29,15.0,1.0,19965310,https://zenodo.org/records/19965310/files/WRF_models_DN210305_01.zip,uploaded,
DN210305_01,-28.26273484851749,114.38708600650646,2021-03-05T12:39:02,/mnt/L2_plus/events_trello/DN210305_01/WRF/wrfout_d04_2021-03-05_12:00:00,2021-03-05_12:30:00,2021-03-05_13:00:00,-29.707122802734375,-27.16094398498535,112.7239990234375,115.64483642578125,2021-03-05_12:00:00,/mnt/L2_plus/winds_data_products/2021/DN210305_01/wrfout_d04_2021-03-05_120000.nc4,3,5,15.0,1.0,19965310,https://zenodo.org/records/19965310/files/WRF_models_DN210305_01.zip,uploaded,
DN210310_01,-27.50381595352,119.86611918,2021-03-10T14:19:51,/mnt/L2_plus/events_trello/DN210310_01/WRF/wrfout_d04_2021-03-09_18:00:00,2021-03-10_14:15:00,2021-03-10_14:45:00,-29.211599349975586,-26.139066696166992,117.91015625,121.4141845703125,2021-03-09_18:00:00,/mnt/L2_plus/winds_data_products/2021/DN210310_01/wrfout_d04_2021-03-09_180000.nc4,3,84,15.0,1.0,19965310,https://zenodo.org/records/19965310/files/WRF_models_DN210310_01.zip,uploaded,
DN210310_01,-27.50381595352,119.86611918,2021-03-10T14:19:51,/mnt/L2_plus/events_trello/DN210310_01/WRF/wrfout_d04_2021-03-10_00:00:00,2021-03-10_14:15:00,2021-03-10_14:45:00,-29.211599349975586,-26.139066696166992,117.91015625,121.4141845703125,2021-03-10_00:00:00,/mnt/L2_plus/winds_data_products/2021/DN210310_01/wrfout_d04_2021-03-10_000000.nc4,3,60,15.0,1.0,19965310,https://zenodo.org/records/19965310/files/WRF_models_DN210310_01.zip,uploaded,
DN210310_01,-27.50381595352,119.86611918,2021-03-10T14:19:51,/mnt/L2_plus/events_trello/DN210310_01/WRF/wrfout_d04_2021-03-10_06:00:00,2021-03-10_14:15:00,2021-03-10_14:45:00,-29.211599349975586,-26.139066696166992,117.91015625,121.4141845703125,2021-03-10_06:00:00,/mnt/L2_plus/winds_data_products/2021/DN210310_01/wrfout_d04_2021-03-10_060000.nc4,3,36,15.0,1.0,19965310,https://zenodo.org/records/19965310/files/WRF_models_DN210310_01.zip,uploaded,
DN210310_01,-27.50381595352,119.86611918,2021-03-10T14:19:51,/mnt/L2_plus/events_trello/DN210310_01/WRF/wrfout_d04_2021-03-10_12:00:00,2021-03-10_14:15:00,2021-03-10_14:45:00,-29.211599349975586,-26.139066696166992,117.91015625,121.4141845703125,2021-03-10_12:00:00,/mnt/L2_plus/winds_data_products/2021/DN210310_01/wrfout_d04_2021-03-10_120000.nc4,3,12,15.0,1.0,19965310,https://zenodo.org/records/19965310/files/WRF_models_DN210310_01.zip,uploaded,
DN210312_01,-33.128691423077704,118.42516783376534,2021-03-12T11:54:00,/mnt/L2_plus/events_trello/DN210312_01/WRF/wrfout_d03_2021-03-11_18:00:00,2021-03-12_11:00:00,2021-03-12_12:00:00,-34.7728157043457,-31.86005401611328,116.40814208984375,119.93612670898438,2021-03-11_18:00:00,/mnt/L2_plus/winds_data_products/2021/DN210312_01/wrfout_d03_2021-03-11_180000.nc4,2,19,60.0,3.0,19965310,https://zenodo.org/records/19965310/files/WRF_models_DN210312_01.zip,uploaded,
DN210312_01,-33.128691423077704,118.42516783376534,2021-03-12T11:54:00,/mnt/L2_plus/events_trello/DN210312_01/WRF/wrfout_d03_2021-03-12_00:00:00,2021-03-12_11:00:00,2021-03-12_12:00:00,-34.7728157043457,-31.86005401611328,116.40814208984375,119.93612670898438,2021-03-12_00:00:00,/mnt/L2_plus/winds_data_products/2021/DN210312_01/wrfout_d03_2021-03-12_000000.nc4,2,13,60.0,3.0,19965310,https://zenodo.org/records/19965310/files/WRF_models_DN210312_01.zip,uploaded,
DN210312_01,-33.128691423077704,118.42516783376534,2021-03-12T11:54:00,/mnt/L2_plus/events_trello/DN210312_01/WRF/wrfout_d03_2021-03-12_06:00:00,2021-03-12_11:00:00,2021-03-12_12:00:00,-34.7728157043457,-31.86005401611328,116.40814208984375,119.93612670898438,2021-03-12_06:00:00,/mnt/L2_plus/winds_data_products/2021/DN210312_01/wrfout_d03_2021-03-12_060000.nc4,2,7,60.0,3.0,19965310,https://zenodo.org/records/19965310/files/WRF_models_DN210312_01.zip,uploaded,
DN210401_01,-31.350781714375493,126.40653113204999,2021-04-01T15:56:32,/mnt/L2_plus/events_trello/DN210401_01/WRF/wrfout_d03_2021-04-01_00:00:00,2021-04-01_15:00:00,2021-04-01_16:00:00,-33.002166748046875,-30.093759536743164,124.44122314453125,127.89456176757812,2021-04-01_00:00:00,/mnt/L2_plus/winds_data_products/2021/DN210401_01/wrfout_d03_2021-04-01_000000.nc4,2,17,60.0,3.0,19965310,https://zenodo.org/records/19965310/files/WRF_models_DN210401_01.zip,uploaded,
DN210401_01,-31.350781714375493,126.40653113204999,2021-04-01T15:56:32,/mnt/L2_plus/events_trello/DN210401_01/WRF/wrfout_d03_2021-04-01_06:00:00,2021-04-01_15:00:00,2021-04-01_16:00:00,-33.002166748046875,-30.093759536743164,124.44122314453125,127.89456176757812,2021-04-01_06:00:00,/mnt/L2_plus/winds_data_products/2021/DN210401_01/wrfout_d03_2021-04-01_060000.nc4,2,11,60.0,3.0,19965310,https://zenodo.org/records/19965310/files/WRF_models_DN210401_01.zip,uploaded,
DN210401_01,-31.350781714375493,126.40653113204999,2021-04-01T15:56:32,/mnt/L2_plus/events_trello/DN210401_01/WRF/wrfout_d03_2021-04-01_12:00:00,2021-04-01_15:00:00,2021-04-01_16:00:00,-33.002166748046875,-30.093759536743164,124.44122314453125,127.89456176757812,2021-04-01_12:00:00,/mnt/L2_plus/winds_data_products/2021/DN210401_01/wrfout_d03_2021-04-01_120000.nc4,2,5,60.0,3.0,19965310,https://zenodo.org/records/19965310/files/WRF_models_DN210401_01.zip,uploaded,
DN210507_04,32.425940029086206,-6.269298605017,2021-05-07T21:48:11,/mnt/L2_plus/events_trello/DN210507_04/WRF/wrfout_d04_2021-05-07_06:00:00,2021-05-07_21:30:00,2021-05-07_22:00:00,30.96152114868164,33.52718734741211,-8.019195556640625,-4.94586181640625,2021-05-07_06:00:00,/mnt/L2_plus/winds_data_products/2021/DN210507_04/wrfout_d04_2021-05-07_060000.nc4,2,34,30.0,1.0,19965310,https://zenodo.org/records/19965310/files/WRF_models_DN210507_04.zip,uploaded,
DN210507_04,32.425940029086206,-6.269298605017,2021-05-07T21:48:11,/mnt/L2_plus/events_trello/DN210507_04/WRF/wrfout_d04_2021-05-07_12:00:00,2021-05-07_21:30:00,2021-05-07_22:00:00,30.96152114868164,33.52718734741211,-8.019195556640625,-4.94586181640625,2021-05-07_12:00:00,/mnt/L2_plus/winds_data_products/2021/DN210507_04/wrfout_d04_2021-05-07_120000.nc4,2,22,30.0,1.0,19965310,https://zenodo.org/records/19965310/files/WRF_models_DN210507_04.zip,uploaded,
DN210507_04,32.425940029086206,-6.269298605017,2021-05-07T21:48:11,/mnt/L2_plus/events_trello/DN210507_04/WRF/wrfout_d04_2021-05-07_18:00:00,2021-05-07_21:30:00,2021-05-07_22:00:00,30.96152114868164,33.52718734741211,-8.019195556640625,-4.94586181640625,2021-05-07_18:00:00,/mnt/L2_plus/winds_data_products/2021/DN210507_04/wrfout_d04_2021-05-07_180000.nc4,2,11,30.0,1.0,19965310,https://zenodo.org/records/19965310/files/WRF_models_DN210507_04.zip,uploaded,
DN210509_01,-32.55040165895697,133.9058802935365,2021-05-09T10:55:00,/mnt/L2_plus/events_trello/DN210509_01/WRF/wrfout_d04_2021-05-09_00:00:00,2021-05-09_10:00:00,2021-05-09_11:00:00,-33.99382400512695,-31.554866790771484,132.16580200195312,135.09454345703125,2021-05-09_00:00:00,/mnt/L2_plus/winds_data_products/2021/DN210509_01/wrfout_d04_2021-05-09_000000.nc4,2,13,60.0,1.0,19965310,https://zenodo.org/records/19965310/files/WRF_models_DN210509_01.zip,uploaded,
DN210509_01,-32.55040165895697,133.9058802935365,2021-05-09T10:55:00,/mnt/L2_plus/events_trello/DN210509_01/WRF/wrfout_d04_2021-05-09_06:00:00,2021-05-09_10:00:00,2021-05-09_11:00:00,-33.99382400512695,-31.554866790771484,132.16580200195312,135.09454345703125,2021-05-09_06:00:00,/mnt/L2_plus/winds_data_products/2021/DN210509_01/wrfout_d04_2021-05-09_060000.nc4,2,7,60.0,1.0,19965310,https://zenodo.org/records/19965310/files/WRF_models_DN210509_01.zip,uploaded,
DN210616_01,43.623276109593284,4.295733456457806,2021-06-16T22:24:49,/mnt/L2_plus/events_trello/DN210616_01/WRF/wrfout_d04_2021-06-16_12:00:00,2021-06-16_22:00:00,2021-06-16_23:00:00,42.11612319946289,44.74995803833008,2.197998046875,5.88232421875,2021-06-16_12:00:00,/mnt/L2_plus/winds_data_products/2021/DN210616_01/wrfout_d04_2021-06-16_120000.nc4,3,23,30.0,1.0,19965310,https://zenodo.org/records/19965310/files/WRF_models_DN210616_01.zip,uploaded,2026-05-26T07:41:40
DN210616_01,43.623276109593284,4.295733456457806,2021-06-16T22:24:49,/mnt/L2_plus/events_trello/DN210616_01/WRF/wrfout_d04_2021-06-16_18:00:00,2021-06-16_22:00:00,2021-06-16_23:00:00,42.11612319946289,44.74995803833008,2.197998046875,5.88232421875,2021-06-16_18:00:00,/mnt/L2_plus/winds_data_products/2021/DN210616_01/wrfout_d04_2021-06-16_180000.nc4,3,11,30.0,1.0,19965310,https://zenodo.org/records/19965310/files/WRF_models_DN210616_01.zip,uploaded,2026-05-26T07:41:40
DN210627_01,-31.5042275152922,135.23268588470248,2021-06-27T12:12:03,/mnt/L2_plus/events_trello/DN210627_01/WRF/wrfout_d04_2021-06-26_18:00:00,2021-06-27_12:00:00,2021-06-27_12:45:00,-33.21202087402344,-30.137178421020508,133.19219970703125,136.84765625,2021-06-26_18:00:00,/mnt/L2_plus/winds_data_products/2021/DN210627_01/wrfout_d04_2021-06-26_180000.nc4,4,76,15.0,1.0,19965310,https://zenodo.org/records/19965310/files/WRF_models_DN210627_01.zip,uploaded,
DN210627_01,-31.5042275152922,135.23268588470248,2021-06-27T12:12:03,/mnt/L2_plus/events_trello/DN210627_01/WRF/wrfout_d04_2021-06-27_00:00:00,2021-06-27_12:00:00,2021-06-27_12:45:00,-33.21202087402344,-30.137178421020508,133.19219970703125,136.84765625,2021-06-27_00:00:00,/mnt/L2_plus/winds_data_products/2021/DN210627_01/wrfout_d04_2021-06-27_000000.nc4,4,52,15.0,1.0,19965310,https://zenodo.org/records/19965310/files/WRF_models_DN210627_01.zip,uploaded,
DN210627_01,-31.5042275152922,135.23268588470248,2021-06-27T12:12:03,/mnt/L2_plus/events_trello/DN210627_01/WRF/wrfout_d04_2021-06-27_06:00:00,2021-06-27_12:00:00,2021-06-27_12:45:00,-33.21202087402344,-30.137178421020508,133.19219970703125,136.84765625,2021-06-27_06:00:00,/mnt/L2_plus/winds_data_products/2021/DN210627_01/wrfout_d04_2021-06-27_060000.nc4,4,28,15.0,1.0,19965310,https://zenodo.org/records/19965310/files/WRF_models_DN210627_01.zip,uploaded,
DN210627_01,-31.5042275152922,135.23268588470248,2021-06-27T12:12:03,/mnt/L2_plus/events_trello/DN210627_01/WRF/wrfout_d04_2021-06-27_12:00:00,2021-06-27_12:00:00,2021-06-27_12:45:00,-33.21202087402344,-30.137178421020508,133.19219970703125,136.84765625,2021-06-27_12:00:00,/mnt/L2_plus/winds_data_products/2021/DN210627_01/wrfout_d04_2021-06-27_120000.nc4,4,4,15.0,1.0,19965310,https://zenodo.org/records/19965310/files/WRF_models_DN210627_01.zip,uploaded,
DN210701_01,-33.27483643074483,137.204754149528,2021-07-01T11:42:43,/mnt/L2_plus/events_trello/DN210701_01/WRF/wrfout_d04_2021-06-30_18:00:00,2021-07-01_11:30:00,2021-07-01_12:00:00,-34.73676300048828,-32.15969467163086,135.41912841796875,138.54904174804688,2021-06-30_18:00:00,/mnt/L2_plus/winds_data_products/2021/DN210701_01/wrfout_d04_2021-06-30_180000.nc4,3,73,15.0,1.0,19965310,https://zenodo.org/records/19965310/files/WRF_models_DN210701_01.zip,uploaded,
DN210701_01,-33.27483643074483,137.204754149528,2021-07-01T11:42:43,/mnt/L2_plus/events_trello/DN210701_01/WRF/wrfout_d04_2021-07-01_00:00:00,2021-07-01_11:30:00,2021-07-01_12:00:00,-34.73676300048828,-32.15969467163086,135.41912841796875,138.54904174804688,2021-07-01_00:00:00,/mnt/L2_plus/winds_data_products/2021/DN210701_01/wrfout_d04_2021-07-01_000000.nc4,3,49,15.0,1.0,19965310,https://zenodo.org/records/19965310/files/WRF_models_DN210701_01.zip,uploaded,
DN210701_01,-33.27483643074483,137.204754149528,2021-07-01T11:42:43,/mnt/L2_plus/events_trello/DN210701_01/WRF/wrfout_d04_2021-07-01_06:00:00,2021-07-01_11:30:00,2021-07-01_12:00:00,-34.73676300048828,-32.15969467163086,135.41912841796875,138.54904174804688,2021-07-01_06:00:00,/mnt/L2_plus/winds_data_products/2021/DN210701_01/wrfout_d04_2021-07-01_060000.nc4,3,25,15.0,1.0,19965310,https://zenodo.org/records/19965310/files/WRF_models_DN210701_01.zip,uploaded,
DN210707_02,-32.76768488572447,138.49631163251246,2021-07-07T18:02:32,/mnt/L2_plus/events_trello/DN210707_02/WRF/wrfout_d04_2021-07-07_00:00:00,2021-07-07_18:00:00,2021-07-07_18:30:00,-34.22649383544922,-31.654123306274414,136.7279052734375,139.833740234375,2021-07-07_12:00:00,/mnt/L2_plus/winds_data_products/2021/DN210707_02/wrfout_d04_2021-07-07_000000.nc4,4,40,10.0,1.0,19965310,https://zenodo.org/records/19965310/files/WRF_models_DN210707_02.zip,uploaded,
DN210707_02,-32.76768488572447,138.49631163251246,2021-07-07T18:02:32,/mnt/L2_plus/events_trello/DN210707_02/WRF/wrfout_d04_2021-07-07_06:00:00,2021-07-07_18:00:00,2021-07-07_18:30:00,-34.22649383544922,-31.654123306274414,136.7279052734375,139.833740234375,2021-07-07_12:00:00,/mnt/L2_plus/winds_data_products/2021/DN210707_02/wrfout_d04_2021-07-07_060000.nc4,4,40,10.0,1.0,19965310,https://zenodo.org/records/19965310/files/WRF_models_DN210707_02.zip,uploaded,
DN210707_02,-32.76768488572447,138.49631163251246,2021-07-07T18:02:32,/mnt/L2_plus/events_trello/DN210707_02/WRF/wrfout_d04_2021-07-07_12:00:00,2021-07-07_18:00:00,2021-07-07_18:30:00,-34.22649383544922,-31.654123306274414,136.7279052734375,139.833740234375,2021-07-07_12:00:00,/mnt/L2_plus/winds_data_products/2021/DN210707_02/wrfout_d04_2021-07-07_120000.nc4,4,40,10.0,1.0,19965310,https://zenodo.org/records/19965310/files/WRF_models_DN210707_02.zip,uploaded,
DN210707_02,-32.76768488572447,138.49631163251246,2021-07-07T18:02:32,/mnt/L2_plus/events_trello/DN210707_02/WRF/wrfout_d04_2021-07-07_18:00:00,2021-07-07_18:00:00,2021-07-07_18:30:00,-34.22649383544922,-31.654123306274414,136.7279052734375,139.833740234375,2021-07-07_18:00:00,/mnt/L2_plus/winds_data_products/2021/DN210707_02/wrfout_d04_2021-07-07_180000.nc4,4,4,10.0,1.0,19965310,https://zenodo.org/records/19965310/files/WRF_models_DN210707_02.zip,uploaded,
DN210727_01,-31.60042565547212,127.24493491365287,2021-07-27T15:03:43,/mnt/L2_plus/events_trello/DN210727_01/WRF/wrfout_d04_2021-07-27_00:00:00,2021-07-27_15:00:00,2021-07-27_15:30:00,-33.020118713378906,-30.44390869140625,125.52764892578125,128.58456420898438,2021-07-27_00:00:00,/mnt/L2_plus/winds_data_products/2021/DN210727_01/wrfout_d04_2021-07-27_000000.nc4,2,33,30.0,1.0,19965310,https://zenodo.org/records/19965310/files/WRF_models_DN210727_01.zip,uploaded,
DN210727_01,-31.60042565547212,127.24493491365287,2021-07-27T15:03:43,/mnt/L2_plus/events_trello/DN210727_01/WRF/wrfout_d04_2021-07-27_06:00:00,2021-07-27_15:00:00,2021-07-27_15:30:00,-33.020118713378906,-30.44390869140625,125.52764892578125,128.58456420898438,2021-07-27_06:00:00,/mnt/L2_plus/winds_data_products/2021/DN210727_01/wrfout_d04_2021-07-27_060000.nc4,2,21,30.0,1.0,19965310,https://zenodo.org/records/19965310/files/WRF_models_DN210727_01.zip,uploaded,
DN210727_01,-31.60042565547212,127.24493491365287,2021-07-27T15:03:43,/mnt/L2_plus/events_trello/DN210727_01/WRF/wrfout_d04_2021-07-27_12:00:00,2021-07-27_15:00:00,2021-07-27_15:30:00,-33.020118713378906,-30.44390869140625,125.52764892578125,128.58456420898438,2021-07-27_12:00:00,/mnt/L2_plus/winds_data_products/2021/DN210727_01/wrfout_d04_2021-07-27_120000.nc4,2,9,30.0,1.0,19965310,https://zenodo.org/records/19965310/files/WRF_models_DN210727_01.zip,uploaded,
DN210806_02,34.60970719624486,-4.495928193472088,2021-08-06T21:12:14,/mnt/L2_plus/events_trello/DN210806_02/WRF/wrfout_d04_2021-08-06_06:00:00,2021-08-06_21:00:00,2021-08-06_21:30:00,33.07831954956055,35.636688232421875,-6.31475830078125,-3.18017578125,2021-08-06_06:00:00,/mnt/L2_plus/winds_data_products/2021/DN210806_02/wrfout_d04_2021-08-06_060000.nc4,3,63,15.0,1.0,19965310,https://zenodo.org/records/19965310/files/WRF_models_DN210806_02.zip,uploaded,
DN210806_02,34.60970719624486,-4.495928193472088,2021-08-06T21:12:14,/mnt/L2_plus/events_trello/DN210806_02/WRF/wrfout_d04_2021-08-06_12:00:00,2021-08-06_21:00:00,2021-08-06_21:30:00,33.07831954956055,35.636688232421875,-6.31475830078125,-3.18017578125,2021-08-06_12:00:00,/mnt/L2_plus/winds_data_products/2021/DN210806_02/wrfout_d04_2021-08-06_120000.nc4,3,39,15.0,1.0,19965310,https://zenodo.org/records/19965310/files/WRF_models_DN210806_02.zip,uploaded,
DN210806_02,34.60970719624486,-4.495928193472088,2021-08-06T21:12:14,/mnt/L2_plus/events_trello/DN210806_02/WRF/wrfout_d04_2021-08-06_18:00:00,2021-08-06_21:00:00,2021-08-06_21:30:00,33.07831954956055,35.636688232421875,-6.31475830078125,-3.18017578125,2021-08-06_18:00:00,/mnt/L2_plus/winds_data_products/2021/DN210806_02/wrfout_d04_2021-08-06_180000.nc4,3,15,15.0,1.0,19965310,https://zenodo.org/records/19965310/files/WRF_models_DN210806_02.zip,uploaded,
DN210820_01,-32.48063465944947,136.26042868738008,2021-08-20T17:26:42,/mnt/L2_plus/events_trello/DN210820_01/WRF/wrfout_d04_2021-08-20_00:00:00,2021-08-20_17:00:00,2021-08-20_18:00:00,-33.927955627441406,-31.375198364257812,134.51492309570312,137.58074951171875,2021-08-20_00:00:00,/mnt/L2_plus/winds_data_products/2021/DN210820_01/wrfout_d04_2021-08-20_000000.nc4,3,37,30.0,1.0,19965310,https://zenodo.org/records/19965310/files/WRF_models_DN210820_01.zip,uploaded,
DN210820_01,-32.48063465944947,136.26042868738008,2021-08-20T17:26:42,/mnt/L2_plus/events_trello/DN210820_01/WRF/wrfout_d04_2021-08-20_06:00:00,2021-08-20_17:00:00,2021-08-20_18:00:00,-33.927955627441406,-31.375198364257812,134.51492309570312,137.58074951171875,2021-08-20_06:00:00,/mnt/L2_plus/winds_data_products/2021/DN210820_01/wrfout_d04_2021-08-20_060000.nc4,3,25,30.0,1.0,19965310,https://zenodo.org/records/19965310/files/WRF_models_DN210820_01.zip,uploaded,
DN210820_01,-32.48063465944947,136.26042868738008,2021-08-20T17:26:42,/mnt/L2_plus/events_trello/DN210820_01/WRF/wrfout_d04_2021-08-20_12:00:00,2021-08-20_17:00:00,2021-08-20_18:00:00,-33.927955627441406,-31.375198364257812,134.51492309570312,137.58074951171875,2021-08-20_12:00:00,/mnt/L2_plus/winds_data_products/2021/DN210820_01/wrfout_d04_2021-08-20_120000.nc4,3,13,30.0,1.0,19965310,https://zenodo.org/records/19965310/files/WRF_models_DN210820_01.zip,uploaded,
DN210825_01,-28.93446445213729,115.72975013626973,2021-08-25T14:33:02,/mnt/L2_plus/events_trello/DN210825_01/WRF/wrfout_d03_2021-08-25_00:00:00,2021-08-25_14:30:00,2021-08-25_14:50:00,-30.414451599121094,-27.437992095947266,113.55984497070312,117.00442504882812,2021-08-25_00:00:00,/mnt/L2_plus/winds_data_products/2021/DN210825_01/wrfout_d03_2021-08-25_000000.nc4,3,90,10.0,3.0,19965310,https://zenodo.org/records/19965310/files/WRF_models_DN210825_01.zip,uploaded,
DN210825_01,-28.93446445213729,115.72975013626973,2021-08-25T14:33:02,/mnt/L2_plus/events_trello/DN210825_01/WRF/wrfout_d03_2021-08-25_06:00:00,2021-08-25_14:30:00,2021-08-25_14:50:00,-30.414451599121094,-27.437992095947266,113.55984497070312,117.00442504882812,2021-08-25_06:00:00,/mnt/L2_plus/winds_data_products/2021/DN210825_01/wrfout_d03_2021-08-25_060000.nc4,3,54,10.0,3.0,19965310,https://zenodo.org/records/19965310/files/WRF_models_DN210825_01.zip,uploaded,
DN210825_01,-28.93446445213729,115.72975013626973,2021-08-25T14:33:02,/mnt/L2_plus/events_trello/DN210825_01/WRF/wrfout_d03_2021-08-25_12:00:00,2021-08-25_14:30:00,2021-08-25_14:40:00,-30.414451599121094,-27.437992095947266,113.55984497070312,117.00442504882812,2021-08-25_12:00:00,/mnt/L2_plus/winds_data_products/2021/DN210825_01/wrfout_d03_2021-08-25_120000.nc4,2,17,10.0,3.0,19965310,https://zenodo.org/records/19965310/files/WRF_models_DN210825_01.zip,uploaded,
DN210904_01,35.5522569490711,-114.56701978699319,2021-09-04T06:47:42,/mnt/L2_plus/events_trello/DN210904_01/WRF/wrfout_d03_2021-09-03_12:00:00,2021-09-04_06:45:00,2021-09-04_07:15:00,33.10657501220703,37.63443374633789,-117.60932922363281,-111.93936157226562,2021-09-03_12:00:00,/mnt/L2_plus/winds_data_products/2021/DN210904_01/wrfout_d03_2021-09-03_120000.nc4,3,78,15.0,3.0,19965310,https://zenodo.org/records/19965310/files/WRF_models_DN210904_01.zip,uploaded,
DN210904_01,35.5522569490711,-114.56701978699319,2021-09-04T06:47:42,/mnt/L2_plus/events_trello/DN210904_01/WRF/wrfout_d03_2021-09-03_18:00:00,2021-09-04_06:45:00,2021-09-04_07:15:00,33.10657501220703,37.63443374633789,-117.60932922363281,-111.93936157226562,2021-09-03_18:00:00,/mnt/L2_plus/winds_data_products/2021/DN210904_01/wrfout_d03_2021-09-03_180000.nc4,3,54,15.0,3.0,19965310,https://zenodo.org/records/19965310/files/WRF_models_DN210904_01.zip,uploaded,
DN210904_01,35.5522569490711,-114.56701978699319,2021-09-04T06:47:42,/mnt/L2_plus/events_trello/DN210904_01/WRF/wrfout_d03_2021-09-04_00:00:00,2021-09-04_06:45:00,2021-09-04_07:15:00,33.10657501220703,37.63443374633789,-117.60932922363281,-111.93936157226562,2021-09-04_00:00:00,/mnt/L2_plus/winds_data_products/2021/DN210904_01/wrfout_d03_2021-09-04_000000.nc4,3,30,15.0,3.0,19965310,https://zenodo.org/records/19965310/files/WRF_models_DN210904_01.zip,uploaded,
DN210904_01,35.5522569490711,-114.56701978699319,2021-09-04T06:47:42,/mnt/L2_plus/events_trello/DN210904_01/WRF/wrfout_d03_2021-09-04_06:00:00,2021-09-04_06:45:00,2021-09-04_07:15:00,33.10657501220703,37.63443374633789,-117.60932922363281,-111.93936157226562,2021-09-04_06:00:00,/mnt/L2_plus/winds_data_products/2021/DN210904_01/wrfout_d03_2021-09-04_060000.nc4,3,6,15.0,3.0,19965310,https://zenodo.org/records/19965310/files/WRF_models_DN210904_01.zip,uploaded,
DN211004_01,51.34424611383289,-117.12850208414305,2021-10-04T05:33:47,/mnt/L2_plus/events_trello/DN211004_01/WRF/wrfout_d04_2021-10-03_12:00:00,2021-10-04_05:30:00,2021-10-04_06:00:00,49.60593032836914,52.695430755615234,-119.943115234375,-114.90046691894531,2021-10-03_12:00:00,/mnt/L2_plus/winds_data_products/2021/DN211004_01/wrfout_d04_2021-10-03_120000.nc4,4,109,10.0,1.0,19965310,https://zenodo.org/records/19965310/files/WRF_models_DN211004_01.zip,uploaded,
DN211004_01,51.34424611383289,-117.12850208414305,2021-10-04T05:33:47,/mnt/L2_plus/events_trello/DN211004_01/WRF/wrfout_d04_2021-10-03_18:00:00,2021-10-04_05:30:00,2021-10-04_06:00:00,49.60593032836914,52.695430755615234,-119.943115234375,-114.90046691894531,2021-10-03_18:00:00,/mnt/L2_plus/winds_data_products/2021/DN211004_01/wrfout_d04_2021-10-03_180000.nc4,4,73,10.0,1.0,19965310,https://zenodo.org/records/19965310/files/WRF_models_DN211004_01.zip,uploaded,
DN211004_01,51.34424611383289,-117.12850208414305,2021-10-04T05:33:47,/mnt/L2_plus/events_trello/DN211004_01/WRF/wrfout_d04_2021-10-04_00:00:00,2021-10-04_05:30:00,2021-10-04_06:00:00,49.60593032836914,52.695430755615234,-119.943115234375,-114.90046691894531,2021-10-04_00:00:00,/mnt/L2_plus/winds_data_products/2021/DN211004_01/wrfout_d04_2021-10-04_000000.nc4,4,37,10.0,1.0,19965310,https://zenodo.org/records/19965310/files/WRF_models_DN211004_01.zip,uploaded,
DN211011_02,-30.33477344706891,115.67031344313042,2021-10-11T13:22:30,/mnt/L2_plus/events_trello/DN211011_02/WRF/wrfout_d04_2021-10-10_18:00:00,2021-10-11_13:15:00,2021-10-11_13:45:00,-32.04254150390625,-28.96842384338379,113.65631103515625,117.2642822265625,2021-10-10_18:00:00,/mnt/L2_plus/winds_data_products/2021/DN211011_02/wrfout_d04_2021-10-10_180000.nc4,3,80,15.0,1.0,19965310,https://zenodo.org/records/19965310/files/WRF_models_DN211011_02.zip,uploaded,
DN211011_02,-30.33477344706891,115.67031344313042,2021-10-11T13:22:30,/mnt/L2_plus/events_trello/DN211011_02/WRF/wrfout_d04_2021-10-11_00:00:00,2021-10-11_13:15:00,2021-10-11_13:45:00,-32.04254150390625,-28.96842384338379,113.65631103515625,117.2642822265625,2021-10-11_00:00:00,/mnt/L2_plus/winds_data_products/2021/DN211011_02/wrfout_d04_2021-10-11_000000.nc4,3,56,15.0,1.0,19965310,https://zenodo.org/records/19965310/files/WRF_models_DN211011_02.zip,uploaded,
DN211011_02,-30.33477344706891,115.67031344313042,2021-10-11T13:22:30,/mnt/L2_plus/events_trello/DN211011_02/WRF/wrfout_d04_2021-10-11_06:00:00,2021-10-11_13:15:00,2021-10-11_13:45:00,-32.04254150390625,-28.96842384338379,113.65631103515625,117.2642822265625,2021-10-11_06:00:00,/mnt/L2_plus/winds_data_products/2021/DN211011_02/wrfout_d04_2021-10-11_060000.nc4,3,32,15.0,1.0,19965310,https://zenodo.org/records/19965310/files/WRF_models_DN211011_02.zip,uploaded,
DN211011_02,-30.33477344706891,115.67031344313042,2021-10-11T13:22:30,/mnt/L2_plus/events_trello/DN211011_02/WRF/wrfout_d04_2021-10-11_12:00:00,2021-10-11_13:15:00,2021-10-11_13:45:00,-32.04254150390625,-28.96842384338379,113.65631103515625,117.2642822265625,2021-10-11_12:00:00,/mnt/L2_plus/winds_data_products/2021/DN211011_02/wrfout_d04_2021-10-11_120000.nc4,3,8,15.0,1.0,19965310,https://zenodo.org/records/19965310/files/WRF_models_DN211011_02.zip,uploaded,
DN211013_01,39.27110994780446,-115.83290703907562,2021-10-13T04:28:11,/mnt/L2_plus/events_trello/DN211013_01/WRF/wrfout_d04_2021-10-12_12:00:00,2021-10-13_04:00:00,2021-10-13_05:00:00,37.795196533203125,40.37625503540039,-117.75094604492188,-114.38230895996094,2021-10-12_12:00:00,/mnt/L2_plus/winds_data_products/2021/DN211013_01/wrfout_d04_2021-10-12_120000.nc4,3,35,30.0,1.0,19965310,https://zenodo.org/records/19965310/files/WRF_models_DN211013_01.zip,uploaded,
DN211013_01,39.27110994780446,-115.83290703907562,2021-10-13T04:28:11,/mnt/L2_plus/events_trello/DN211013_01/WRF/wrfout_d04_2021-10-12_18:00:00,2021-10-13_04:00:00,2021-10-13_05:00:00,37.795196533203125,40.37625503540039,-117.75094604492188,-114.38230895996094,2021-10-12_18:00:00,/mnt/L2_plus/winds_data_products/2021/DN211013_01/wrfout_d04_2021-10-12_180000.nc4,3,23,30.0,1.0,19965310,https://zenodo.org/records/19965310/files/WRF_models_DN211013_01.zip,uploaded,
DN211013_01,39.27110994780446,-115.83290703907562,2021-10-13T04:28:11,/mnt/L2_plus/events_trello/DN211013_01/WRF/wrfout_d04_2021-10-13_00:00:00,2021-10-13_04:00:00,2021-10-13_05:00:00,37.795196533203125,40.37625503540039,-117.75094604492188,-114.38230895996094,2021-10-13_00:00:00,/mnt/L2_plus/winds_data_products/2021/DN211013_01/wrfout_d04_2021-10-13_000000.nc4,3,11,30.0,1.0,19965310,https://zenodo.org/records/19965310/files/WRF_models_DN211013_01.zip,uploaded,
DN211128_04,-36.677507,144.191074,2021-11-28T13:20:29,/mnt/L2_plus/events_trello/DN211128_04/WRF/wrfout_d04_2021-11-27_18:00:00,2021-11-28_13:20:00,2021-11-28_14:00:00,-38.12903594970703,-35.56636428833008,142.3460693359375,145.58642578125,2021-11-27_18:00:00,/mnt/L2_plus/winds_data_products/2021/DN211128_04/wrfout_d04_2021-11-27_180000.nc4,3,61,20.0,1.0,19965310,https://zenodo.org/records/19965310/files/WRF_models_DN211128_04.zip,uploaded,
DN211128_04,-36.677507,144.191074,2021-11-28T13:20:29,/mnt/L2_plus/events_trello/DN211128_04/WRF/wrfout_d04_2021-11-28_00:00:00,2021-11-28_13:20:00,2021-11-28_14:00:00,-38.12903594970703,-35.56636428833008,142.3460693359375,145.58642578125,2021-11-28_00:00:00,/mnt/L2_plus/winds_data_products/2021/DN211128_04/wrfout_d04_2021-11-28_000000.nc4,3,43,20.0,1.0,19965310,https://zenodo.org/records/19965310/files/WRF_models_DN211128_04.zip,uploaded,
DN211128_04,-36.677507,144.191074,2021-11-28T13:20:29,/mnt/L2_plus/events_trello/DN211128_04/WRF/wrfout_d04_2021-11-28_06:00:00,2021-11-28_13:20:00,2021-11-28_14:00:00,-38.12903594970703,-35.56636428833008,142.3460693359375,145.58642578125,2021-11-28_06:00:00,/mnt/L2_plus/winds_data_products/2021/DN211128_04/wrfout_d04_2021-11-28_060000.nc4,3,25,20.0,1.0,19965310,https://zenodo.org/records/19965310/files/WRF_models_DN211128_04.zip,uploaded,
DN211128_04,-36.677507,144.191074,2021-11-28T13:20:29,/mnt/L2_plus/events_trello/DN211128_04/WRF/wrfout_d04_2021-11-28_12:00:00,2021-11-28_13:20:00,2021-11-28_14:00:00,-38.12903594970703,-35.56636428833008,142.3460693359375,145.58642578125,2021-11-28_12:00:00,/mnt/L2_plus/winds_data_products/2021/DN211128_04/wrfout_d04_2021-11-28_120000.nc4,3,7,20.0,1.0,19965310,https://zenodo.org/records/19965310/files/WRF_models_DN211128_04.zip,uploaded,
DN200113_01,-30.626836269078144,115.95622608383411,2020-01-13T16:50:54,/mnt/L2_plus/events_trello/DN200113_01/WRF/wrfout_d04_2020-01-13_06:00:00,2020-01-13_16:00:00,2020-01-13_17:00:00,-32.319129943847656,-29.27579689025879,113.9461669921875,117.544677734375,2020-01-13_06:00:00,/mnt/L2_plus/winds_data_products/2020/DN200113_01/wrfout_d04_2020-01-13_060000.nc4,2,12,60.0,1.0,19965051,https://zenodo.org/records/19965051/files/WRF_models_DN200113_01.zip,uploaded,
DN200113_01,-30.626836269078144,115.95622608383411,2020-01-13T16:50:54,/mnt/L2_plus/events_trello/DN200113_01/WRF/wrfout_d04_2020-01-13_12:00:00,2020-01-13_16:00:00,2020-01-13_17:00:00,-32.319129943847656,-29.27579689025879,113.9461669921875,117.544677734375,2020-01-13_12:00:00,/mnt/L2_plus/winds_data_products/2020/DN200113_01/wrfout_d04_2020-01-13_120000.nc4,2,6,60.0,1.0,19965051,https://zenodo.org/records/19965051/files/WRF_models_DN200113_01.zip,uploaded,
DN200205_01,-31.503097080099458,117.17835356966502,2020-02-05T17:31:41,/mnt/L2_plus/events_trello/DN200205_01/WRF/wrfout_d04_2020-02-05_06:00:00,2020-02-05_17:30:00,2020-02-05_18:00:00,-33.201080322265625,-30.14674186706543,115.14324951171875,118.7891845703125,2020-02-05_06:00:00,/mnt/L2_plus/winds_data_products/2020/DN200205_01/wrfout_d04_2020-02-05_060000.nc4,2,25,30.0,1.0,19965051,https://zenodo.org/records/19965051/files/WRF_models_DN200205_01.zip,uploaded,
DN200205_01,-31.503097080099458,117.17835356966502,2020-02-05T17:31:41,/mnt/L2_plus/events_trello/DN200205_01/WRF/wrfout_d04_2020-02-05_12:00:00,2020-02-05_17:30:00,2020-02-05_18:00:00,-33.201080322265625,-30.14674186706543,115.14324951171875,118.7891845703125,2020-02-05_12:00:00,/mnt/L2_plus/winds_data_products/2020/DN200205_01/wrfout_d04_2020-02-05_120000.nc4,2,13,30.0,1.0,19965051,https://zenodo.org/records/19965051/files/WRF_models_DN200205_01.zip,uploaded,
DN200331_01,-30.775839134737993,141.28553923455718,2020-03-31T10:35:26,/mnt/L2_plus/events_trello/DN200331_01/WRF/wrfout_d04_2020-03-31_00:00:00,2020-03-31_10:30:00,2020-03-31_11:00:00,-32.4691276550293,-29.42389488220215,139.27249145507812,142.87899780273438,2020-03-31_00:00:00,/mnt/L2_plus/winds_data_products/2020/DN200331_01/wrfout_d04_2020-03-31_000000.nc4,4,67,10.0,1.0,19965051,https://zenodo.org/records/19965051/files/WRF_models_DN200331_01.zip,uploaded,
DN200331_01,-30.775839134737993,141.28553923455718,2020-03-31T10:35:26,/mnt/L2_plus/events_trello/DN200331_01/WRF/wrfout_d04_2020-03-31_06:00:00,2020-03-31_10:30:00,2020-03-31_11:00:00,-32.4691276550293,-29.42389488220215,139.27249145507812,142.87899780273438,2020-03-31_06:00:00,/mnt/L2_plus/winds_data_products/2020/DN200331_01/wrfout_d04_2020-03-31_060000.nc4,4,31,10.0,1.0,19965051,https://zenodo.org/records/19965051/files/WRF_models_DN200331_01.zip,uploaded,
DN200502_01,53.171064769184845,-115.19649775038124,2020-05-02T04:45:23,/mnt/L2_plus/events_trello/DN200502_01/WRF/wrfout_d03_2020-05-01_12:00:00,2020-05-02_04:45:00,2020-05-02_05:00:00,50.667572021484375,55.26904296875,-119.44821166992188,-111.53045654296875,2020-05-01_12:00:00,/mnt/L2_plus/winds_data_products/2020/DN200502_01/wrfout_d03_2020-05-01_120000.nc4,2,69,15.0,3.0,19965051,https://zenodo.org/records/19965051/files/WRF_models_DN200502_01.zip,uploaded,
DN200502_01,53.171064769184845,-115.19649775038124,2020-05-02T04:45:23,/mnt/L2_plus/events_trello/DN200502_01/WRF/wrfout_d03_2020-05-01_18:00:00,2020-05-02_04:45:00,2020-05-02_05:00:00,50.667572021484375,55.26904296875,-119.44821166992188,-111.53045654296875,2020-05-01_18:00:00,/mnt/L2_plus/winds_data_products/2020/DN200502_01/wrfout_d03_2020-05-01_180000.nc4,2,45,15.0,3.0,19965051,https://zenodo.org/records/19965051/files/WRF_models_DN200502_01.zip,uploaded,
DN200502_01,53.171064769184845,-115.19649775038124,2020-05-02T04:45:23,/mnt/L2_plus/events_trello/DN200502_01/WRF/wrfout_d03_2020-05-02_00:00:00,2020-05-02_04:45:00,2020-05-02_05:00:00,50.667572021484375,55.26904296875,-119.44821166992188,-111.53045654296875,2020-05-02_00:00:00,/mnt/L2_plus/winds_data_products/2020/DN200502_01/wrfout_d03_2020-05-02_000000.nc4,2,21,15.0,3.0,19965051,https://zenodo.org/records/19965051/files/WRF_models_DN200502_01.zip,uploaded,
DN200503_06,-28.192096752443362,123.35387632021997,2020-05-03T11:35:39,/mnt/L2_plus/events_trello/DN200503_06/WRF/wrfout_d04_2020-05-02_12:00:00,2020-05-03_11:30:00,2020-05-03_12:00:00,-29.899877548217773,-26.826961517333984,121.38455200195312,124.91253662109375,2020-05-02_12:00:00,/mnt/L2_plus/winds_data_products/2020/DN200503_06/wrfout_d04_2020-05-02_120000.nc4,3,97,15.0,1.0,19965051,https://zenodo.org/records/19965051/files/WRF_models_DN200503_06.zip,uploaded,
DN200503_06,-28.192096752443362,123.35387632021997,2020-05-03T11:35:39,/mnt/L2_plus/events_trello/DN200503_06/WRF/wrfout_d04_2020-05-02_18:00:00,2020-05-03_11:30:00,2020-05-03_12:00:00,-29.899877548217773,-26.826961517333984,121.38455200195312,124.91253662109375,2020-05-02_18:00:00,/mnt/L2_plus/winds_data_products/2020/DN200503_06/wrfout_d04_2020-05-02_180000.nc4,3,73,15.0,1.0,19965051,https://zenodo.org/records/19965051/files/WRF_models_DN200503_06.zip,uploaded,
DN200503_06,-28.192096752443362,123.35387632021997,2020-05-03T11:35:39,/mnt/L2_plus/events_trello/DN200503_06/WRF/wrfout_d04_2020-05-03_00:00:00,2020-05-03_11:30:00,2020-05-03_12:00:00,-29.899877548217773,-26.826961517333984,121.38455200195312,124.91253662109375,2020-05-03_00:00:00,/mnt/L2_plus/winds_data_products/2020/DN200503_06/wrfout_d04_2020-05-03_000000.nc4,3,49,15.0,1.0,19965051,https://zenodo.org/records/19965051/files/WRF_models_DN200503_06.zip,uploaded,
DN200503_06,-28.192096752443362,123.35387632021997,2020-05-03T11:35:39,/mnt/L2_plus/events_trello/DN200503_06/WRF/wrfout_d04_2020-05-03_06:00:00,2020-05-03_11:30:00,2020-05-03_12:00:00,-29.899877548217773,-26.826961517333984,121.38455200195312,124.91253662109375,2020-05-03_06:00:00,/mnt/L2_plus/winds_data_products/2020/DN200503_06/wrfout_d04_2020-05-03_060000.nc4,3,25,15.0,1.0,19965051,https://zenodo.org/records/19965051/files/WRF_models_DN200503_06.zip,uploaded,
DN200516_02,40.770337910650554,-121.97350219786266,2020-05-16T07:13:42,/mnt/L2_plus/events_trello/DN200516_02/WRF/wrfout_d04_2020-05-16_06:00:00,2020-05-16_07:00:00,2020-05-16_07:45:00,39.041221618652344,42.12206268310547,-124.27532958984375,-120.15155029296875,2020-05-16_06:00:00,/mnt/L2_plus/winds_data_products/2020/DN200516_02/wrfout_d04_2020-05-16_060000.nc4,4,8,15.0,1.0,19965051,https://zenodo.org/records/19965051/files/WRF_models_DN200516_02.zip,uploaded,
DN200605_02,-29.2050895853794,134.01767141443207,2020-06-05T17:54:02,/mnt/L2_plus/events_trello/DN200605_02/WRF/wrfout_d04_2020-06-04_18:00:00,2020-06-05_17:45:00,2020-06-05_18:15:00,-30.91287612915039,-27.839401245117188,132.02783203125,135.59259033203125,2020-06-04_18:00:00,/mnt/L2_plus/winds_data_products/2020/DN200605_02/wrfout_d04_2020-06-04_180000.nc4,3,98,15.0,1.0,19965051,https://zenodo.org/records/19965051/files/WRF_models_DN200605_02.zip,uploaded,
DN200605_02,-29.2050895853794,134.01767141443207,2020-06-05T17:54:02,/mnt/L2_plus/events_trello/DN200605_02/WRF/wrfout_d04_2020-06-05_00:00:00,2020-06-05_17:45:00,2020-06-05_18:15:00,-30.91287612915039,-27.839401245117188,132.02783203125,135.59259033203125,2020-06-05_00:00:00,/mnt/L2_plus/winds_data_products/2020/DN200605_02/wrfout_d04_2020-06-05_000000.nc4,3,74,15.0,1.0,19965051,https://zenodo.org/records/19965051/files/WRF_models_DN200605_02.zip,uploaded,
DN200605_02,-29.2050895853794,134.01767141443207,2020-06-05T17:54:02,/mnt/L2_plus/events_trello/DN200605_02/WRF/wrfout_d04_2020-06-05_06:00:00,2020-06-05_17:45:00,2020-06-05_18:15:00,-30.91287612915039,-27.839401245117188,132.02783203125,135.59259033203125,2020-06-05_06:00:00,/mnt/L2_plus/winds_data_products/2020/DN200605_02/wrfout_d04_2020-06-05_060000.nc4,3,50,15.0,1.0,19965051,https://zenodo.org/records/19965051/files/WRF_models_DN200605_02.zip,uploaded,
DN200605_02,-29.2050895853794,134.01767141443207,2020-06-05T17:54:02,/mnt/L2_plus/events_trello/DN200605_02/WRF/wrfout_d04_2020-06-05_12:00:00,2020-06-05_17:45:00,2020-06-05_18:15:00,-30.91287612915039,-27.839401245117188,132.02783203125,135.59259033203125,2020-06-05_12:00:00,/mnt/L2_plus/winds_data_products/2020/DN200605_02/wrfout_d04_2020-06-05_120000.nc4,3,26,15.0,1.0,19965051,https://zenodo.org/records/19965051/files/WRF_models_DN200605_02.zip,uploaded,
DN200609_01,-32.69827601346555,120.21864768612988,2020-06-09T13:04:49,/mnt/L2_plus/events_trello/DN200609_01/WRF/wrfout_d04_2020-06-08_18:00:00,2020-06-09_13:00:00,2020-06-09_13:30:00,-34.40607833862305,-31.330522537231445,118.14950561523438,121.85635375976562,2020-06-08_18:00:00,/mnt/L2_plus/winds_data_products/2020/DN200609_01/wrfout_d04_2020-06-08_180000.nc4,3,79,15.0,1.0,19965051,https://zenodo.org/records/19965051/files/WRF_models_DN200609_01.zip,uploaded,
DN200609_01,-32.69827601346555,120.21864768612988,2020-06-09T13:04:49,/mnt/L2_plus/events_trello/DN200609_01/WRF/wrfout_d04_2020-06-09_00:00:00,2020-06-09_13:00:00,2020-06-09_13:30:00,-34.40607833862305,-31.330522537231445,118.14950561523438,121.85635375976562,2020-06-09_00:00:00,/mnt/L2_plus/winds_data_products/2020/DN200609_01/wrfout_d04_2020-06-09_000000.nc4,3,55,15.0,1.0,19965051,https://zenodo.org/records/19965051/files/WRF_models_DN200609_01.zip,uploaded,
DN200609_01,-32.69827601346555,120.21864768612988,2020-06-09T13:04:49,/mnt/L2_plus/events_trello/DN200609_01/WRF/wrfout_d04_2020-06-09_06:00:00,2020-06-09_13:00:00,2020-06-09_13:30:00,-34.40607833862305,-31.330522537231445,118.14950561523438,121.85635375976562,2020-06-09_06:00:00,/mnt/L2_plus/winds_data_products/2020/DN200609_01/wrfout_d04_2020-06-09_060000.nc4,3,31,15.0,1.0,19965051,https://zenodo.org/records/19965051/files/WRF_models_DN200609_01.zip,uploaded,
DN200609_01,-32.69827601346555,120.21864768612988,2020-06-09T13:04:49,/mnt/L2_plus/events_trello/DN200609_01/WRF/wrfout_d04_2020-06-09_12:00:00,2020-06-09_13:00:00,2020-06-09_13:30:00,-34.40607833862305,-31.330522537231445,118.14950561523438,121.85635375976562,2020-06-09_12:00:00,/mnt/L2_plus/winds_data_products/2020/DN200609_01/wrfout_d04_2020-06-09_120000.nc4,3,7,15.0,1.0,19965051,https://zenodo.org/records/19965051/files/WRF_models_DN200609_01.zip,uploaded,
DN200611_01,-32.39934814531339,140.43651872449558,2020-06-11T10:40:30,/mnt/L2_plus/events_trello/DN200611_01/WRF/wrfout_d04_2020-06-11_00:00:00,2020-06-11_10:30:00,2020-06-11_11:00:00,-34.08711624145508,-31.048934936523438,138.396728515625,142.04803466796875,2020-06-11_00:00:00,/mnt/L2_plus/winds_data_products/2020/DN200611_01/wrfout_d04_2020-06-11_000000.nc4,3,45,15.0,1.0,19965051,https://zenodo.org/records/19965051/files/WRF_models_DN200611_01.zip,uploaded,
DN200611_01,-32.39934814531339,140.43651872449558,2020-06-11T10:40:30,/mnt/L2_plus/events_trello/DN200611_01/WRF/wrfout_d04_2020-06-11_06:00:00,2020-06-11_10:30:00,2020-06-11_11:00:00,-34.08711624145508,-31.048934936523438,138.396728515625,142.04803466796875,2020-06-11_06:00:00,/mnt/L2_plus/winds_data_products/2020/DN200611_01/wrfout_d04_2020-06-11_060000.nc4,3,21,15.0,1.0,19965051,https://zenodo.org/records/19965051/files/WRF_models_DN200611_01.zip,uploaded,
DN200619_01,-31.974060067163762,126.90159818358515,2020-06-19T20:05:07,/mnt/L2_plus/events_trello/DN200619_01/WRF/wrfout_d04_2020-06-19_00:00:00,2020-06-19_20:00:00,2020-06-19_20:30:00,-33.66245651245117,-30.61954116821289,124.86764526367188,128.5101318359375,2020-06-19_00:00:00,/mnt/L2_plus/winds_data_products/2020/DN200619_01/wrfout_d04_2020-06-19_000000.nc4,4,124,10.0,1.0,19965051,https://zenodo.org/records/19965051/files/WRF_models_DN200619_01.zip,uploaded,
DN200619_01,-31.974060067163762,126.90159818358515,2020-06-19T20:05:07,/mnt/L2_plus/events_trello/DN200619_01/WRF/wrfout_d04_2020-06-19_06:00:00,2020-06-19_20:00:00,2020-06-19_20:30:00,-33.66245651245117,-30.61954116821289,124.86764526367188,128.5101318359375,2020-06-19_06:00:00,/mnt/L2_plus/winds_data_products/2020/DN200619_01/wrfout_d04_2020-06-19_060000.nc4,4,88,10.0,1.0,19965051,https://zenodo.org/records/19965051/files/WRF_models_DN200619_01.zip,uploaded,
DN200619_01,-31.974060067163762,126.90159818358515,2020-06-19T20:05:07,/mnt/L2_plus/events_trello/DN200619_01/WRF/wrfout_d04_2020-06-19_12:00:00,2020-06-19_20:00:00,2020-06-19_20:40:00,-33.66245651245117,-30.61954116821289,124.86764526367188,128.5101318359375,2020-06-19_12:00:00,/mnt/L2_plus/winds_data_products/2020/DN200619_01/wrfout_d04_2020-06-19_120000.nc4,5,67,10.0,1.0,19965051,https://zenodo.org/records/19965051/files/WRF_models_DN200619_01.zip,uploaded,
DN200619_01,-31.974060067163762,126.90159818358515,2020-06-19T20:05:07,/mnt/L2_plus/events_trello/DN200619_01/WRF/wrfout_d04_2020-06-19_18:00:00,2020-06-19_20:00:00,2020-06-19_20:40:00,-33.66245651245117,-30.61954116821289,124.86764526367188,128.5101318359375,2020-06-19_18:00:00,/mnt/L2_plus/winds_data_products/2020/DN200619_01/wrfout_d04_2020-06-19_180000.nc4,5,31,10.0,1.0,19965051,https://zenodo.org/records/19965051/files/WRF_models_DN200619_01.zip,uploaded,
DN200701_01,-32.93259353897963,119.40924007110499,2020-07-01T13:11:05,/mnt/L2_plus/events_trello/DN200701_01/WRF/wrfout_d03_2020-07-01_12:00:00,2020-07-01_13:00:00,2020-07-01_13:30:00,-34.57975387573242,-31.675247192382812,117.40969848632812,120.91717529296875,2020-07-01_12:00:00,/mnt/L2_plus/winds_data_products/2020/DN200701_01/wrfout_d03_2020-07-01_120000.nc4,3,7,15.0,3.0,19965051,https://zenodo.org/records/19965051/files/WRF_models_DN200701_01.zip,uploaded,
DN200813_01,-33.24676149301452,119.34080972533292,2020-08-13T13:50:47,/mnt/L2_plus/events_trello/DN200813_01/WRF/wrfout_d04_2020-08-13_00:00:00,2020-08-13_13:50:00,2020-08-13_14:00:00,-34.934165954589844,-31.89423179626465,117.28009033203125,120.96917724609375,2020-08-13_00:00:00,/mnt/L2_plus/winds_data_products/2020/DN200813_01/wrfout_d04_2020-08-13_000000.nc4,2,85,10.0,1.0,19965051,https://zenodo.org/records/19965051/files/WRF_models_DN200813_01.zip,uploaded,
DN200813_01,-33.24676149301452,119.34080972533292,2020-08-13T13:50:47,/mnt/L2_plus/events_trello/DN200813_01/WRF/wrfout_d04_2020-08-13_06:00:00,2020-08-13_13:50:00,2020-08-13_14:00:00,-34.934165954589844,-31.89423179626465,117.28009033203125,120.96917724609375,2020-08-13_06:00:00,/mnt/L2_plus/winds_data_products/2020/DN200813_01/wrfout_d04_2020-08-13_060000.nc4,2,49,10.0,1.0,19965051,https://zenodo.org/records/19965051/files/WRF_models_DN200813_01.zip,uploaded,
DN200813_01,-33.24676149301452,119.34080972533292,2020-08-13T13:50:47,/mnt/L2_plus/events_trello/DN200813_01/WRF/wrfout_d04_2020-08-13_12:00:00,2020-08-13_13:50:00,2020-08-13_14:00:00,-34.934165954589844,-31.89423179626465,117.28009033203125,120.96917724609375,2020-08-13_12:00:00,/mnt/L2_plus/winds_data_products/2020/DN200813_01/wrfout_d04_2020-08-13_120000.nc4,2,13,10.0,1.0,19965051,https://zenodo.org/records/19965051/files/WRF_models_DN200813_01.zip,uploaded,
DN200814_01,-31.015152123304592,118.22822481675372,2020-08-14T18:37:18,/mnt/L2_plus/events_trello/DN200814_01/WRF/wrfout_d04_2020-08-14_18:00:00,2020-08-14_18:20:00,2020-08-14_19:00:00,-32.713829040527344,-29.675752639770508,116.2142333984375,119.804931640625,2020-08-14_18:00:00,/mnt/L2_plus/winds_data_products/2020/DN200814_01/wrfout_d04_2020-08-14_180000.nc4,3,4,20.0,1.0,19965051,https://zenodo.org/records/19965051/files/WRF_models_DN200814_01.zip,uploaded,
DN190221_03,-32.39024339522677,131.84305523884169,2019-02-21T14:18:50,/mnt/L2_plus/events_trello/DN190221_03/WRF/wrfout_d04_2019-02-20_18:00:00,2019-02-21_14:00:00,2019-02-21_14:40:00,-33.8502082824707,-31.389930725097656,130.09375,133.0501708984375,2019-02-20_18:00:00,/mnt/L2_plus/winds_data_products/2019/DN190221_03/wrfout_d04_2019-02-20_180000.nc4,3,64,20.0,1.0,19971297,https://zenodo.org/records/19971297/files/WRF_models_DN190221_03.zip,uploaded,
DN190221_03,-32.39024339522677,131.84305523884169,2019-02-21T14:18:50,/mnt/L2_plus/events_trello/DN190221_03/WRF/wrfout_d04_2019-02-21_00:00:00,2019-02-21_14:00:00,2019-02-21_14:40:00,-33.8502082824707,-31.389930725097656,130.09375,133.0501708984375,2019-02-21_00:00:00,/mnt/L2_plus/winds_data_products/2019/DN190221_03/wrfout_d04_2019-02-21_000000.nc4,3,46,20.0,1.0,19971297,https://zenodo.org/records/19971297/files/WRF_models_DN190221_03.zip,uploaded,
DN190221_03,-32.39024339522677,131.84305523884169,2019-02-21T14:18:50,/mnt/L2_plus/events_trello/DN190221_03/WRF/wrfout_d04_2019-02-21_06:00:00,2019-02-21_14:00:00,2019-02-21_14:40:00,-33.8502082824707,-31.389930725097656,130.09375,133.0501708984375,2019-02-21_06:00:00,/mnt/L2_plus/winds_data_products/2019/DN190221_03/wrfout_d04_2019-02-21_060000.nc4,3,28,20.0,1.0,19971297,https://zenodo.org/records/19971297/files/WRF_models_DN190221_03.zip,uploaded,
DN190221_03,-32.39024339522677,131.84305523884169,2019-02-21T14:18:50,/mnt/L2_plus/events_trello/DN190221_03/WRF/wrfout_d04_2019-02-21_12:00:00,2019-02-21_14:10:00,2019-02-21_14:50:00,-33.8502082824707,-31.389930725097656,130.09375,133.0501708984375,2019-02-21_12:00:00,/mnt/L2_plus/winds_data_products/2019/DN190221_03/wrfout_d04_2019-02-21_120000.nc4,5,19,10.0,1.0,19971297,https://zenodo.org/records/19971297/files/WRF_models_DN190221_03.zip,uploaded,
DN190317_01,-31.39796115154073,137.9689403800616,2019-03-17T11:56:20,/mnt/L2_plus/events_trello/DN190317_01/WRF/wrfout_d04_2019-03-17_00:00:00,2019-03-17_11:00:00,2019-03-17_12:00:00,-32.850425720214844,-30.399616241455078,136.23699951171875,139.1495361328125,2019-03-17_00:00:00,/mnt/L2_plus/winds_data_products/2019/DN190317_01/wrfout_d04_2019-03-17_000000.nc4,2,13,60.0,1.0,19971297,https://zenodo.org/records/19971297/files/WRF_models_DN190317_01.zip,uploaded,
DN190317_01,-31.39796115154073,137.9689403800616,2019-03-17T11:56:20,/mnt/L2_plus/events_trello/DN190317_01/WRF/wrfout_d04_2019-03-17_06:00:00,2019-03-17_11:00:00,2019-03-17_12:00:00,-32.850425720214844,-30.399616241455078,136.23699951171875,139.1495361328125,2019-03-17_06:00:00,/mnt/L2_plus/winds_data_products/2019/DN190317_01/wrfout_d04_2019-03-17_060000.nc4,2,7,60.0,1.0,19971297,https://zenodo.org/records/19971297/files/WRF_models_DN190317_01.zip,uploaded,
DN190317_01,-31.39796115154073,137.9689403800616,2019-03-17T11:56:20,/mnt/L2_plus/events_trello/DN190317_01/WRF/wrfout_d04_2019-03-17_12:00:00,2019-03-17_12:00:00,2019-03-17_12:10:00,-32.850425720214844,-30.399616241455078,136.23699951171875,139.1495361328125,2019-03-17_12:00:00,/mnt/L2_plus/winds_data_products/2019/DN190317_01/wrfout_d04_2019-03-17_120000.nc4,2,2,10.0,1.0,19971297,https://zenodo.org/records/19971297/files/WRF_models_DN190317_01.zip,uploaded,
DN190325_02,-28.159665160595004,138.568599905837,2019-03-25T12:04:38,/mnt/L2_plus/events_trello/DN190325_02/WRF/wrfout_d04_2019-03-25_00:00:00,2019-03-25_12:00:00,2019-03-25_12:30:00,-29.867475509643555,-26.794567108154297,136.59991455078125,140.12680053710938,2019-03-25_00:00:00,/mnt/L2_plus/winds_data_products/2019/DN190325_02/wrfout_d04_2019-03-25_000000.nc4,3,51,15.0,1.0,19971297,https://zenodo.org/records/19971297/files/WRF_models_DN190325_02.zip,uploaded,
DN190325_02,-28.159665160595004,138.568599905837,2019-03-25T12:04:38,/mnt/L2_plus/events_trello/DN190325_02/WRF/wrfout_d04_2019-03-25_06:00:00,2019-03-25_12:00:00,2019-03-25_12:30:00,-29.867475509643555,-26.794567108154297,136.59991455078125,140.12680053710938,2019-03-25_06:00:00,/mnt/L2_plus/winds_data_products/2019/DN190325_02/wrfout_d04_2019-03-25_060000.nc4,3,27,15.0,1.0,19971297,https://zenodo.org/records/19971297/files/WRF_models_DN190325_02.zip,uploaded,
DN190325_02,-28.159665160595004,138.568599905837,2019-03-25T12:04:38,/mnt/L2_plus/events_trello/DN190325_02/WRF/wrfout_d04_2019-03-25_12:00:00,2019-03-25_12:00:00,2019-03-25_12:30:00,-29.867475509643555,-26.794567108154297,136.59991455078125,140.12680053710938,2019-03-25_12:00:00,/mnt/L2_plus/winds_data_products/2019/DN190325_02/wrfout_d04_2019-03-25_120000.nc4,3,3,15.0,1.0,19971297,https://zenodo.org/records/19971297/files/WRF_models_DN190325_02.zip,uploaded,
DN190508_01,-29.00761476003155,117.44086257769963,2019-05-08T14:56:35,/mnt/L2_plus/events_trello/DN190508_01/WRF/wrfout_d04_2019-05-07_18:00:00,2019-05-08_14:00:00,2019-05-08_15:00:00,-30.442358016967773,-28.016767501831055,115.76901245117188,118.58047485351562,2019-05-07_18:00:00,/mnt/L2_plus/winds_data_products/2019/DN190508_01/wrfout_d04_2019-05-07_180000.nc4,2,23,60.0,1.0,19971297,https://zenodo.org/records/19971297/files/WRF_models_DN190508_01.zip,uploaded,
DN190508_01,-29.00761476003155,117.44086257769963,2019-05-08T14:56:35,/mnt/L2_plus/events_trello/DN190508_01/WRF/wrfout_d04_2019-05-08_00:00:00,2019-05-08_14:00:00,2019-05-08_15:00:00,-30.442358016967773,-28.016767501831055,115.76901245117188,118.58047485351562,2019-05-08_00:00:00,/mnt/L2_plus/winds_data_products/2019/DN190508_01/wrfout_d04_2019-05-08_000000.nc4,2,17,60.0,1.0,19971297,https://zenodo.org/records/19971297/files/WRF_models_DN190508_01.zip,uploaded,
DN190508_01,-29.00761476003155,117.44086257769963,2019-05-08T14:56:35,/mnt/L2_plus/events_trello/DN190508_01/WRF/wrfout_d04_2019-05-08_06:00:00,2019-05-08_14:00:00,2019-05-08_15:00:00,-30.442358016967773,-28.016767501831055,115.76901245117188,118.58047485351562,2019-05-08_06:00:00,/mnt/L2_plus/winds_data_products/2019/DN190508_01/wrfout_d04_2019-05-08_060000.nc4,2,11,60.0,1.0,19971297,https://zenodo.org/records/19971297/files/WRF_models_DN190508_01.zip,uploaded,
DN190508_01,-29.00761476003155,117.44086257769963,2019-05-08T14:56:35,/mnt/L2_plus/events_trello/DN190508_01/WRF/wrfout_d04_2019-05-08_12:00:00,2019-05-08_14:50:00,2019-05-08_15:30:00,-30.442358016967773,-28.016767501831055,115.76901245117188,118.58047485351562,2019-05-08_12:00:00,/mnt/L2_plus/winds_data_products/2019/DN190508_01/wrfout_d04_2019-05-08_120000.nc4,5,25,10.0,1.0,19971297,https://zenodo.org/records/19971297/files/WRF_models_DN190508_01.zip,uploaded,
DN190601_01,-30.6236357938378,129.6311394381529,2019-06-01T09:53:04,/mnt/L2_plus/events_trello/DN190601_01/WRF/wrfout_d04_2019-05-31_12:00:00,2019-06-01_09:00:00,2019-06-01_10:00:00,-32.07102966308594,-29.628023147583008,127.91415405273438,130.79330444335938,2019-05-31_12:00:00,/mnt/L2_plus/winds_data_products/2019/DN190601_01/wrfout_d04_2019-05-31_120000.nc4,2,23,60.0,1.0,19971297,https://zenodo.org/records/19971297/files/WRF_models_DN190601_01.zip,uploaded,
DN190601_01,-30.6236357938378,129.6311394381529,2019-06-01T09:53:04,/mnt/L2_plus/events_trello/DN190601_01/WRF/wrfout_d04_2019-05-31_18:00:00,2019-06-01_09:00:00,2019-06-01_10:00:00,-32.07102966308594,-29.628023147583008,127.91415405273438,130.79330444335938,2019-05-31_18:00:00,/mnt/L2_plus/winds_data_products/2019/DN190601_01/wrfout_d04_2019-05-31_180000.nc4,2,17,60.0,1.0,19971297,https://zenodo.org/records/19971297/files/WRF_models_DN190601_01.zip,uploaded,
DN190601_01,-30.6236357938378,129.6311394381529,2019-06-01T09:53:04,/mnt/L2_plus/events_trello/DN190601_01/WRF/wrfout_d04_2019-06-01_00:00:00,2019-06-01_09:00:00,2019-06-01_10:00:00,-32.07102966308594,-29.628023147583008,127.91415405273438,130.79330444335938,2019-06-01_00:00:00,/mnt/L2_plus/winds_data_products/2019/DN190601_01/wrfout_d04_2019-06-01_000000.nc4,2,11,60.0,1.0,19971297,https://zenodo.org/records/19971297/files/WRF_models_DN190601_01.zip,uploaded,
DN190601_01,-30.6236357938378,129.6311394381529,2019-06-01T09:53:04,/mnt/L2_plus/events_trello/DN190601_01/WRF/wrfout_d04_2019-06-01_06:00:00,2019-06-01_09:00:00,2019-06-01_10:00:00,-32.07102966308594,-29.628023147583008,127.91415405273438,130.79330444335938,2019-06-01_06:00:00,/mnt/L2_plus/winds_data_products/2019/DN190601_01/wrfout_d04_2019-06-01_060000.nc4,2,7,60.0,1.0,19971297,https://zenodo.org/records/19971297/files/WRF_models_DN190601_01.zip,uploaded,
DN190701_03,40.95487593484077,-121.8327384945595,2019-07-01T08:14:39,/mnt/L2_plus/events_trello/DN190701_03/WRF/wrfout_d04_2019-06-30_12:00:00,2019-07-01_08:00:00,2019-07-01_08:45:00,39.197021484375,42.330055236816406,-124.18421936035156,-119.97148132324219,2019-06-30_12:00:00,/mnt/L2_plus/winds_data_products/2019/DN190701_03/wrfout_d04_2019-06-30_120000.nc4,4,85,15.0,1.0,19971297,https://zenodo.org/records/19971297/files/WRF_models_DN190701_03.zip,uploaded,
DN190701_03,40.95487593484077,-121.8327384945595,2019-07-01T08:14:39,/mnt/L2_plus/events_trello/DN190701_03/WRF/wrfout_d04_2019-06-30_18:00:00,2019-07-01_08:00:00,2019-07-01_08:45:00,39.197021484375,42.330055236816406,-124.18421936035156,-119.97148132324219,2019-06-30_18:00:00,/mnt/L2_plus/winds_data_products/2019/DN190701_03/wrfout_d04_2019-06-30_180000.nc4,4,61,15.0,1.0,19971297,https://zenodo.org/records/19971297/files/WRF_models_DN190701_03.zip,uploaded,
DN190701_03,40.95487593484077,-121.8327384945595,2019-07-01T08:14:39,/mnt/L2_plus/events_trello/DN190701_03/WRF/wrfout_d04_2019-07-01_00:00:00,2019-07-01_08:00:00,2019-07-01_08:45:00,39.197021484375,42.330055236816406,-124.18421936035156,-119.97148132324219,2019-07-01_00:00:00,/mnt/L2_plus/winds_data_products/2019/DN190701_03/wrfout_d04_2019-07-01_000000.nc4,4,37,15.0,1.0,19971297,https://zenodo.org/records/19971297/files/WRF_models_DN190701_03.zip,uploaded,
DN190701_03,40.95487593484077,-121.8327384945595,2019-07-01T08:14:39,/mnt/L2_plus/events_trello/DN190701_03/WRF/wrfout_d04_2019-07-01_06:00:00,2019-07-01_08:00:00,2019-07-01_08:45:00,39.197021484375,42.330055236816406,-124.18421936035156,-119.97148132324219,2019-07-01_06:00:00,/mnt/L2_plus/winds_data_products/2019/DN190701_03/wrfout_d04_2019-07-01_060000.nc4,4,13,15.0,1.0,19971297,https://zenodo.org/records/19971297/files/WRF_models_DN190701_03.zip,uploaded,
DN190713_02,-29.662999571363013,128.11789655991424,2019-07-13T14:16:38,/mnt/L2_plus/events_trello/DN190713_02/WRF/wrfout_d04_2019-07-12_18:00:00,2019-07-13_14:15:00,2019-07-13_14:45:00,-31.370820999145508,-28.29705047607422,126.118408203125,129.700439453125,2019-07-12_18:00:00,/mnt/L2_plus/winds_data_products/2019/DN190713_02/wrfout_d04_2019-07-12_180000.nc4,3,84,15.0,1.0,19971297,https://zenodo.org/records/19971297/files/WRF_models_DN190713_02.zip,uploaded,
DN190713_02,-29.662999571363013,128.11789655991424,2019-07-13T14:16:38,/mnt/L2_plus/events_trello/DN190713_02/WRF/wrfout_d04_2019-07-13_00:00:00,2019-07-13_14:15:00,2019-07-13_14:45:00,-31.370820999145508,-28.29705047607422,126.118408203125,129.700439453125,2019-07-13_00:00:00,/mnt/L2_plus/winds_data_products/2019/DN190713_02/wrfout_d04_2019-07-13_000000.nc4,3,60,15.0,1.0,19971297,https://zenodo.org/records/19971297/files/WRF_models_DN190713_02.zip,uploaded,
DN190713_02,-29.662999571363013,128.11789655991424,2019-07-13T14:16:38,/mnt/L2_plus/events_trello/DN190713_02/WRF/wrfout_d04_2019-07-13_06:00:00,2019-07-13_14:15:00,2019-07-13_14:45:00,-31.370820999145508,-28.29705047607422,126.118408203125,129.700439453125,2019-07-13_06:00:00,/mnt/L2_plus/winds_data_products/2019/DN190713_02/wrfout_d04_2019-07-13_060000.nc4,3,36,15.0,1.0,19971297,https://zenodo.org/records/19971297/files/WRF_models_DN190713_02.zip,uploaded,
DN190713_02,-29.662999571363013,128.11789655991424,2019-07-13T14:16:38,/mnt/L2_plus/events_trello/DN190713_02/WRF/wrfout_d04_2019-07-13_12:00:00,2019-07-13_14:15:00,2019-07-13_14:45:00,-31.370820999145508,-28.29705047607422,126.118408203125,129.700439453125,2019-07-13_12:00:00,/mnt/L2_plus/winds_data_products/2019/DN190713_02/wrfout_d04_2019-07-13_120000.nc4,3,12,15.0,1.0,19971297,https://zenodo.org/records/19971297/files/WRF_models_DN190713_02.zip,uploaded,
DN190901_01,53.03730976145042,-112.86411647285532,2019-09-01T04:23:47,/mnt/L2_plus/events_trello/DN190901_01/WRF/wrfout_d04_2019-08-31_12:00:00,2019-09-01_04:00:00,2019-09-01_05:00:00,51.27705764770508,54.4014778137207,-115.81925964355469,-110.52621459960938,2019-08-31_12:00:00,/mnt/L2_plus/winds_data_products/2019/DN190901_01/wrfout_d04_2019-08-31_120000.nc4,3,35,30.0,1.0,19971297,https://zenodo.org/records/19971297/files/WRF_models_DN190901_01.zip,uploaded,
DN190901_01,53.03730976145042,-112.86411647285532,2019-09-01T04:23:47,/mnt/L2_plus/events_trello/DN190901_01/WRF/wrfout_d04_2019-08-31_18:00:00,2019-09-01_04:00:00,2019-09-01_05:00:00,51.27705764770508,54.4014778137207,-115.81925964355469,-110.52621459960938,2019-08-31_18:00:00,/mnt/L2_plus/winds_data_products/2019/DN190901_01/wrfout_d04_2019-08-31_180000.nc4,3,23,30.0,1.0,19971297,https://zenodo.org/records/19971297/files/WRF_models_DN190901_01.zip,uploaded,
DN190901_01,53.03730976145042,-112.86411647285532,2019-09-01T04:23:47,/mnt/L2_plus/events_trello/DN190901_01/WRF/wrfout_d04_2019-09-01_00:00:00,2019-09-01_04:00:00,2019-09-01_05:00:00,51.27705764770508,54.4014778137207,-115.81925964355469,-110.52621459960938,2019-09-01_00:00:00,/mnt/L2_plus/winds_data_products/2019/DN190901_01/wrfout_d04_2019-09-01_000000.nc4,3,11,30.0,1.0,19971297,https://zenodo.org/records/19971297/files/WRF_models_DN190901_01.zip,uploaded,
DN191118_02,-30.63792677439671,127.55350136747555,2019-11-18T19:27:56,/mnt/L2_plus/events_trello/DN191118_02/WRF/wrfout_d04_2019-11-18_06:00:00,2019-11-18_19:00:00,2019-11-18_19:30:00,-31.595340728759766,-30.02737045288086,126.42800903320312,128.26687622070312,2019-11-18_06:00:00,/mnt/L2_plus/winds_data_products/2019/DN191118_02/wrfout_d04_2019-11-18_060000.nc4,2,28,30.0,1.0,19971297,https://zenodo.org/records/19971297/files/WRF_models_DN191118_02.zip,uploaded,
DN191118_02,-30.63792677439671,127.55350136747555,2019-11-18T19:27:56,/mnt/L2_plus/events_trello/DN191118_02/WRF/wrfout_d04_2019-11-18_12:00:00,2019-11-18_19:00:00,2019-11-18_19:30:00,-31.595340728759766,-30.02737045288086,126.42800903320312,128.26687622070312,2019-11-18_12:00:00,/mnt/L2_plus/winds_data_products/2019/DN191118_02/wrfout_d04_2019-11-18_120000.nc4,2,16,30.0,1.0,19971297,https://zenodo.org/records/19971297/files/WRF_models_DN191118_02.zip,uploaded,
DN191118_02,-30.63792677439671,127.55350136747555,2019-11-18T19:27:56,/mnt/L2_plus/events_trello/DN191118_02/WRF/wrfout_d04_2019-11-18_18:00:00,2019-11-18_19:00:00,2019-11-18_19:30:00,-32.32976531982422,-29.286300659179688,125.54571533203125,129.144775390625,2019-11-18_18:00:00,/mnt/L2_plus/winds_data_products/2019/DN191118_02/wrfout_d04_2019-11-18_180000.nc4,2,4,30.0,1.0,19971297,https://zenodo.org/records/19971297/files/WRF_models_DN191118_02.zip,uploaded,
DN191205_02,-29.319802954520924,129.12714208431828,2019-12-05T13:28:11,/mnt/L2_plus/events_trello/DN191205_02/WRF/wrfout_d04_2019-12-05_00:00:00,2019-12-05_13:00:00,2019-12-05_14:00:00,-30.999422073364258,-27.97357940673828,127.16107177734375,130.69061279296875,2019-12-05_00:00:00,/mnt/L2_plus/winds_data_products/2019/DN191205_02/wrfout_d04_2019-12-05_000000.nc4,3,29,30.0,1.0,19971297,https://zenodo.org/records/19971297/files/WRF_models_DN191205_02.zip,uploaded,
DN191205_02,-29.319802954520924,129.12714208431828,2019-12-05T13:28:11,/mnt/L2_plus/events_trello/DN191205_02/WRF/wrfout_d04_2019-12-05_06:00:00,2019-12-05_13:00:00,2019-12-05_14:00:00,-30.999422073364258,-27.97357940673828,127.16107177734375,130.69061279296875,2019-12-05_06:00:00,/mnt/L2_plus/winds_data_products/2019/DN191205_02/wrfout_d04_2019-12-05_060000.nc4,3,17,30.0,1.0,19971297,https://zenodo.org/records/19971297/files/WRF_models_DN191205_02.zip,uploaded,
DN191205_02,-29.319802954520924,129.12714208431828,2019-12-05T13:28:11,/mnt/L2_plus/events_trello/DN191205_02/WRF/wrfout_d04_2019-12-05_12:00:00,2019-12-05_13:00:00,2019-12-05_14:00:00,-30.999422073364258,-27.97357940673828,127.16107177734375,130.69061279296875,2019-12-05_12:00:00,/mnt/L2_plus/winds_data_products/2019/DN191205_02/wrfout_d04_2019-12-05_120000.nc4,3,5,30.0,1.0,19971297,https://zenodo.org/records/19971297/files/WRF_models_DN191205_02.zip,uploaded,
DN191211_02,-33.96824579386513,149.17164798852932,2019-12-11T13:29:46,/mnt/L2_plus/events_trello/DN191211_02/WRF/wrfout_d04_2019-12-11_12:00:00,2019-12-11_13:00:00,2019-12-11_14:00:00,-35.680877685546875,-32.59868240356445,147.05862426757812,150.84405517578125,2019-12-11_12:00:00,/mnt/L2_plus/winds_data_products/2019/DN191211_02/wrfout_d04_2019-12-11_120000.nc4,3,5,30.0,1.0,19971297,https://zenodo.org/records/19971297/files/WRF_models_DN191211_02.zip,uploaded,
2015-09-02_Saricicek,38.43,40.7,2015-09-02T20:10:30,/mnt/L2_plus/events_search/2015-09-02_Saricicek/WRF/wrfout_d04_2015-09-02_00:00:00,2015-09-02_20:00:00,2015-09-02_20:30:00,36.70256805419922,39.7817268371582,38.47833251953125,42.458465576171875,2015-09-02_00:00:00,/mnt/L2_plus/winds_data_products/2015/2015-09-02_Saricicek/wrfout_d04_2015-09-02_000000.nc4,3,83,15.0,1.0,20066408,https://zenodo.org/records/20066408/files/WRF_models_2015-09-02_Saricicek.zip,uploaded,
2015-09-02_Saricicek,38.43,40.7,2015-09-02T20:10:30,/mnt/L2_plus/events_search/2015-09-02_Saricicek/WRF/wrfout_d04_2015-09-02_06:00:00,2015-09-02_20:00:00,2015-09-02_20:30:00,36.70256805419922,39.7817268371582,38.47833251953125,42.458465576171875,2015-09-02_06:00:00,/mnt/L2_plus/winds_data_products/2015/2015-09-02_Saricicek/wrfout_d04_2015-09-02_060000.nc4,3,59,15.0,1.0,20066408,https://zenodo.org/records/20066408/files/WRF_models_2015-09-02_Saricicek.zip,uploaded,
2015-09-02_Saricicek,38.43,40.7,2015-09-02T20:10:30,/mnt/L2_plus/events_search/2015-09-02_Saricicek/WRF/wrfout_d04_2015-09-02_12:00:00,2015-09-02_20:00:00,2015-09-02_20:30:00,36.70256805419922,39.7817268371582,38.47833251953125,42.458465576171875,2015-09-02_12:00:00,/mnt/L2_plus/winds_data_products/2015/2015-09-02_Saricicek/wrfout_d04_2015-09-02_120000.nc4,3,35,15.0,1.0,20066408,https://zenodo.org/records/20066408/files/WRF_models_2015-09-02_Saricicek.zip,uploaded,
2015-09-02_Saricicek,38.43,40.7,2015-09-02T20:10:30,/mnt/L2_plus/events_search/2015-09-02_Saricicek/WRF/wrfout_d04_2015-09-02_18:00:00,2015-09-02_20:00:00,2015-09-02_20:30:00,36.70256805419922,39.7817268371582,38.47833251953125,42.458465576171875,2015-09-02_18:00:00,/mnt/L2_plus/winds_data_products/2015/2015-09-02_Saricicek/wrfout_d04_2015-09-02_180000.nc4,3,11,15.0,1.0,20066408,https://zenodo.org/records/20066408/files/WRF_models_2015-09-02_Saricicek.zip,uploaded,
2016-02-06_Ejby,55.398,10.368,2016-02-06T21:07:18,/mnt/L2_plus/events_search/2016-02-06_Ejby/WRF/wrfout_d04_2016-02-06_00:00:00,2016-02-06_21:00:00,2016-02-06_21:30:00,53.65483093261719,56.74984359741211,7.255126953125,12.832275390625,2016-02-06_00:00:00,/mnt/L2_plus/winds_data_products/2016/2016-02-06_Ejby/wrfout_d04_2016-02-06_000000.nc4,3,87,15.0,1.0,19993887,https://zenodo.org/records/19993887/files/WRF_models_2016-02-06_Ejby.zip,uploaded,
2016-02-06_Ejby,55.398,10.368,2016-02-06T21:07:18,/mnt/L2_plus/events_search/2016-02-06_Ejby/WRF/wrfout_d04_2016-02-06_06:00:00,2016-02-06_21:00:00,2016-02-06_21:30:00,53.65483093261719,56.74984359741211,7.255126953125,12.832275390625,2016-02-06_06:00:00,/mnt/L2_plus/winds_data_products/2016/2016-02-06_Ejby/wrfout_d04_2016-02-06_060000.nc4,3,63,15.0,1.0,19993887,https://zenodo.org/records/19993887/files/WRF_models_2016-02-06_Ejby.zip,uploaded,
2016-02-06_Ejby,55.398,10.368,2016-02-06T21:07:18,/mnt/L2_plus/events_search/2016-02-06_Ejby/WRF/wrfout_d04_2016-02-06_12:00:00,2016-02-06_21:00:00,2016-02-06_21:30:00,53.65483093261719,56.74984359741211,7.255126953125,12.832275390625,2016-02-06_12:00:00,/mnt/L2_plus/winds_data_products/2016/2016-02-06_Ejby/wrfout_d04_2016-02-06_120000.nc4,3,39,15.0,1.0,19993887,https://zenodo.org/records/19993887/files/WRF_models_2016-02-06_Ejby.zip,uploaded,
2016-02-06_Ejby,55.398,10.368,2016-02-06T21:07:18,/mnt/L2_plus/events_search/2016-02-06_Ejby/WRF/wrfout_d04_2016-02-06_18:00:00,2016-02-06_21:00:00,2016-02-06_21:30:00,53.65483093261719,56.74984359741211,7.255126953125,12.832275390625,2016-02-06_18:00:00,/mnt/L2_plus/winds_data_products/2016/2016-02-06_Ejby/wrfout_d04_2016-02-06_180000.nc4,3,15,15.0,1.0,19993887,https://zenodo.org/records/19993887/files/WRF_models_2016-02-06_Ejby.zip,uploaded,
2016-05-17_Hradec-Kralove,50.209,15.83,2016-05-17T01:04:01,/mnt/L2_plus/events_search/2016-05-17_Hradec-Kralove/WRF/wrfout_d04_2016-05-16_06:00:00,2016-05-17_01:00:00,2016-05-17_01:30:00,48.47172927856445,51.560794830322266,13.08416748046875,18.0035400390625,2016-05-16_06:00:00,/mnt/L2_plus/winds_data_products/2016/2016-05-17_Hradec-Kralove/wrfout_d04_2016-05-16_060000.nc4,3,79,15.0,1.0,19993887,https://zenodo.org/records/19993887/files/WRF_models_2016-05-17_Hradec-Kralove.zip,uploaded,
2016-05-17_Hradec-Kralove,50.209,15.83,2016-05-17T01:04:01,/mnt/L2_plus/events_search/2016-05-17_Hradec-Kralove/WRF/wrfout_d04_2016-05-16_12:00:00,2016-05-17_01:00:00,2016-05-17_01:30:00,48.47172927856445,51.560794830322266,13.08416748046875,18.0035400390625,2016-05-16_12:00:00,/mnt/L2_plus/winds_data_products/2016/2016-05-17_Hradec-Kralove/wrfout_d04_2016-05-16_120000.nc4,3,55,15.0,1.0,19993887,https://zenodo.org/records/19993887/files/WRF_models_2016-05-17_Hradec-Kralove.zip,uploaded,
2016-05-17_Hradec-Kralove,50.209,15.83,2016-05-17T01:04:01,/mnt/L2_plus/events_search/2016-05-17_Hradec-Kralove/WRF/wrfout_d04_2016-05-16_18:00:00,2016-05-17_01:00:00,2016-05-17_01:30:00,48.47172927856445,51.560794830322266,13.08416748046875,18.0035400390625,2016-05-16_18:00:00,/mnt/L2_plus/winds_data_products/2016/2016-05-17_Hradec-Kralove/wrfout_d04_2016-05-16_180000.nc4,3,31,15.0,1.0,19993887,https://zenodo.org/records/19993887/files/WRF_models_2016-05-17_Hradec-Kralove.zip,uploaded,
2016-05-17_Hradec-Kralove,50.209,15.83,2016-05-17T01:04:01,/mnt/L2_plus/events_search/2016-05-17_Hradec-Kralove/WRF/wrfout_d04_2016-05-17_00:00:00,2016-05-17_01:00:00,2016-05-17_01:30:00,48.47172927856445,51.560794830322266,13.08416748046875,18.0035400390625,2016-05-17_00:00:00,/mnt/L2_plus/winds_data_products/2016/2016-05-17_Hradec-Kralove/wrfout_d04_2016-05-17_000000.nc4,3,7,15.0,1.0,19993887,https://zenodo.org/records/19993887/files/WRF_models_2016-05-17_Hradec-Kralove.zip,uploaded,
2019-04-24_Aquas-Zarcas,10.452,-84.367,2019-04-24T03:07:22,/mnt/L2_plus/events_search/2019-04-24_Aquas-Zarcas/WRF/wrfout_d04_2019-04-23_06:00:00,2019-04-24_03:00:00,2019-04-24_03:30:00,8.739652633666992,11.803674697875977,-86.11141967773438,-82.98638916015625,2019-04-23_06:00:00,/mnt/L2_plus/winds_data_products/2019/2019-04-24_Aquas-Zarcas/wrfout_d04_2019-04-23_060000.nc4,3,87,15.0,1.0,19971297,https://zenodo.org/records/19971297/files/WRF_models_2019-04-24_Aquas-Zarcas.zip,uploaded,
2019-04-24_Aquas-Zarcas,10.452,-84.367,2019-04-24T03:07:22,/mnt/L2_plus/events_search/2019-04-24_Aquas-Zarcas/WRF/wrfout_d04_2019-04-23_12:00:00,2019-04-24_03:00:00,2019-04-24_03:30:00,8.739652633666992,11.803674697875977,-86.11141967773438,-82.98638916015625,2019-04-23_12:00:00,/mnt/L2_plus/winds_data_products/2019/2019-04-24_Aquas-Zarcas/wrfout_d04_2019-04-23_120000.nc4,3,63,15.0,1.0,19971297,https://zenodo.org/records/19971297/files/WRF_models_2019-04-24_Aquas-Zarcas.zip,uploaded,
2019-04-24_Aquas-Zarcas,10.452,-84.367,2019-04-24T03:07:22,/mnt/L2_plus/events_search/2019-04-24_Aquas-Zarcas/WRF/wrfout_d04_2019-04-23_18:00:00,2019-04-24_03:00:00,2019-04-24_03:30:00,8.739652633666992,11.803674697875977,-86.11141967773438,-82.98638916015625,2019-04-23_18:00:00,/mnt/L2_plus/winds_data_products/2019/2019-04-24_Aquas-Zarcas/wrfout_d04_2019-04-23_180000.nc4,3,39,15.0,1.0,19971297,https://zenodo.org/records/19971297/files/WRF_models_2019-04-24_Aquas-Zarcas.zip,uploaded,
2019-04-24_Aquas-Zarcas,10.452,-84.367,2019-04-24T03:07:22,/mnt/L2_plus/events_search/2019-04-24_Aquas-Zarcas/WRF/wrfout_d04_2019-04-24_00:00:00,2019-04-24_03:00:00,2019-04-24_03:30:00,8.739652633666992,11.803674697875977,-86.11141967773438,-82.98638916015625,2019-04-24_00:00:00,/mnt/L2_plus/winds_data_products/2019/2019-04-24_Aquas-Zarcas/wrfout_d04_2019-04-24_000000.nc4,3,15,15.0,1.0,19971297,https://zenodo.org/records/19971297/files/WRF_models_2019-04-24_Aquas-Zarcas.zip,uploaded,
2019-09-12_Flensburg,54.79,9.432,2019-09-12T12:49:48,/mnt/L2_plus/events_search/2019-09-12_Flensburg/WRF/wrfout_d04_2019-09-11_18:00:00,2019-09-12_12:45:00,2019-09-12_13:15:00,53.04759979248047,56.141849517822266,6.36846923828125,11.857208251953125,2019-09-11_18:00:00,/mnt/L2_plus/winds_data_products/2019/2019-09-12_Flensburg/wrfout_d04_2019-09-11_180000.nc4,3,78,15.0,1.0,19971297,https://zenodo.org/records/19971297/files/WRF_models_2019-09-12_Flensburg.zip,uploaded,
2019-09-12_Flensburg,54.79,9.432,2019-09-12T12:49:48,/mnt/L2_plus/events_search/2019-09-12_Flensburg/WRF/wrfout_d04_2019-09-12_00:00:00,2019-09-12_12:45:00,2019-09-12_13:15:00,53.04759979248047,56.141849517822266,6.36846923828125,11.857208251953125,2019-09-12_00:00:00,/mnt/L2_plus/winds_data_products/2019/2019-09-12_Flensburg/wrfout_d04_2019-09-12_000000.nc4,3,54,15.0,1.0,19971297,https://zenodo.org/records/19971297/files/WRF_models_2019-09-12_Flensburg.zip,uploaded,
2019-09-12_Flensburg,54.79,9.432,2019-09-12T12:49:48,/mnt/L2_plus/events_search/2019-09-12_Flensburg/WRF/wrfout_d04_2019-09-12_06:00:00,2019-09-12_12:45:00,2019-09-12_13:15:00,53.04759979248047,56.141849517822266,6.36846923828125,11.857208251953125,2019-09-12_06:00:00,/mnt/L2_plus/winds_data_products/2019/2019-09-12_Flensburg/wrfout_d04_2019-09-12_060000.nc4,3,30,15.0,1.0,19971297,https://zenodo.org/records/19971297/files/WRF_models_2019-09-12_Flensburg.zip,uploaded,
2019-09-12_Flensburg,54.79,9.432,2019-09-12T12:49:48,/mnt/L2_plus/events_search/2019-09-12_Flensburg/WRF/wrfout_d04_2019-09-12_12:00:00,2019-09-12_12:45:00,2019-09-12_13:15:00,53.04759979248047,56.141849517822266,6.36846923828125,11.857208251953125,2019-09-12_12:00:00,/mnt/L2_plus/winds_data_products/2019/2019-09-12_Flensburg/wrfout_d04_2019-09-12_120000.nc4,3,6,15.0,1.0,19971297,https://zenodo.org/records/19971297/files/WRF_models_2019-09-12_Flensburg.zip,uploaded,
2020-01-01_Cavezzo,44.843,10.978,2020-01-01T18:26:54,/mnt/L2_plus/events_search/2020-01-01_Cavezzo/WRF/wrfout_d04_2020-01-01_06:00:00,2020-01-01_18:15:00,2020-01-01_19:00:00,43.110660552978516,46.19473648071289,8.511688232421875,12.930145263671875,2020-01-01_06:00:00,/mnt/L2_plus/winds_data_products/2020/2020-01-01_Cavezzo/wrfout_d04_2020-01-01_060000.nc4,4,53,15.0,1.0,19965051,https://zenodo.org/records/19965051/files/WRF_models_2020-01-01_Cavezzo.zip,uploaded,
2020-01-01_Cavezzo,44.843,10.978,2020-01-01T18:26:54,/mnt/L2_plus/events_search/2020-01-01_Cavezzo/WRF/wrfout_d04_2020-01-01_12:00:00,2020-01-01_18:15:00,2020-01-01_19:00:00,43.110660552978516,46.19473648071289,8.511688232421875,12.930145263671875,2020-01-01_12:00:00,/mnt/L2_plus/winds_data_products/2020/2020-01-01_Cavezzo/wrfout_d04_2020-01-01_120000.nc4,4,29,15.0,1.0,19965051,https://zenodo.org/records/19965051/files/WRF_models_2020-01-01_Cavezzo.zip,uploaded,
2020-01-01_Cavezzo,44.843,10.978,2020-01-01T18:26:54,/mnt/L2_plus/events_search/2020-01-01_Cavezzo/WRF/wrfout_d04_2020-01-01_18:00:00,2020-01-01_18:15:00,2020-01-01_19:00:00,43.110660552978516,46.19473648071289,8.511688232421875,12.930145263671875,2020-01-01_18:00:00,/mnt/L2_plus/winds_data_products/2020/2020-01-01_Cavezzo/wrfout_d04_2020-01-01_180000.nc4,4,5,15.0,1.0,19965051,https://zenodo.org/records/19965051/files/WRF_models_2020-01-01_Cavezzo.zip,uploaded,
2020-02-28_Novo-Mesto,45.803,15.168,2020-02-28T09:30:32,/mnt/L2_plus/events_search/2020-02-28_Novo-Mesto/WRF/wrfout_d04_2020-02-27_18:00:00,2020-02-28_09:30:00,2020-02-28_10:00:00,44.069854736328125,47.15475082397461,12.657501220703125,17.1551513671875,2020-02-27_18:00:00,/mnt/L2_plus/winds_data_products/2020/2020-02-28_Novo-Mesto/wrfout_d04_2020-02-27_180000.nc4,3,65,15.0,1.0,19965051,https://zenodo.org/records/19965051/files/WRF_models_2020-02-28_Novo-Mesto.zip,uploaded,
2020-02-28_Novo-Mesto,45.803,15.168,2020-02-28T09:30:32,/mnt/L2_plus/events_search/2020-02-28_Novo-Mesto/WRF/wrfout_d04_2020-02-28_00:00:00,2020-02-28_09:30:00,2020-02-28_10:00:00,44.069854736328125,47.15475082397461,12.657501220703125,17.1551513671875,2020-02-28_00:00:00,/mnt/L2_plus/winds_data_products/2020/2020-02-28_Novo-Mesto/wrfout_d04_2020-02-28_000000.nc4,3,41,15.0,1.0,19965051,https://zenodo.org/records/19965051/files/WRF_models_2020-02-28_Novo-Mesto.zip,uploaded,
2020-02-28_Novo-Mesto,45.803,15.168,2020-02-28T09:30:32,/mnt/L2_plus/events_search/2020-02-28_Novo-Mesto/WRF/wrfout_d04_2020-02-28_06:00:00,2020-02-28_09:30:00,2020-02-28_10:00:00,44.069854736328125,47.15475082397461,12.657501220703125,17.1551513671875,2020-02-28_06:00:00,/mnt/L2_plus/winds_data_products/2020/2020-02-28_Novo-Mesto/wrfout_d04_2020-02-28_060000.nc4,3,17,15.0,1.0,19965051,https://zenodo.org/records/19965051/files/WRF_models_2020-02-28_Novo-Mesto.zip,uploaded,
2020-05-08_Tiros,-18.91,-45.82,2020-05-08T06:25:15,/mnt/L2_plus/events_search/2020-05-08_Tiros/WRF/wrfout_d04_2020-05-07_12:00:00,2020-05-08_06:15:00,2020-05-08_06:45:00,-20.617727279663086,-17.54972267150879,-47.64404296875,-44.3763427734375,2020-05-07_12:00:00,/mnt/L2_plus/winds_data_products/2020/2020-05-08_Tiros/wrfout_d04_2020-05-07_120000.nc4,3,76,15.0,1.0,19965051,https://zenodo.org/records/19965051/files/WRF_models_2020-05-08_Tiros.zip,uploaded,
2020-05-08_Tiros,-18.91,-45.82,2020-05-08T06:25:15,/mnt/L2_plus/events_search/2020-05-08_Tiros/WRF/wrfout_d04_2020-05-07_18:00:00,2020-05-08_06:15:00,2020-05-08_06:45:00,-20.617727279663086,-17.54972267150879,-47.64404296875,-44.3763427734375,2020-05-07_18:00:00,/mnt/L2_plus/winds_data_products/2020/2020-05-08_Tiros/wrfout_d04_2020-05-07_180000.nc4,3,52,15.0,1.0,19965051,https://zenodo.org/records/19965051/files/WRF_models_2020-05-08_Tiros.zip,uploaded,
2020-05-08_Tiros,-18.91,-45.82,2020-05-08T06:25:15,/mnt/L2_plus/events_search/2020-05-08_Tiros/WRF/wrfout_d04_2020-05-08_00:00:00,2020-05-08_06:15:00,2020-05-08_06:45:00,-20.617727279663086,-17.54972267150879,-47.64404296875,-44.3763427734375,2020-05-08_00:00:00,/mnt/L2_plus/winds_data_products/2020/2020-05-08_Tiros/wrfout_d04_2020-05-08_000000.nc4,3,28,15.0,1.0,19965051,https://zenodo.org/records/19965051/files/WRF_models_2020-05-08_Tiros.zip,uploaded,
2020-05-08_Tiros,-18.91,-45.82,2020-05-08T06:25:15,/mnt/L2_plus/events_search/2020-05-08_Tiros/WRF/wrfout_d04_2020-05-08_06:00:00,2020-05-08_06:15:00,2020-05-08_06:45:00,-20.617727279663086,-17.54972267150879,-47.64404296875,-44.3763427734375,2020-05-08_06:00:00,/mnt/L2_plus/winds_data_products/2020/2020-05-08_Tiros/wrfout_d04_2020-05-08_060000.nc4,3,4,15.0,1.0,19965051,https://zenodo.org/records/19965051/files/WRF_models_2020-05-08_Tiros.zip,uploaded,
2020-07-01_Narashino,35.691,140.031,2020-07-01T17:32:03,/mnt/L2_plus/events_search/2020-07-01_Narashino/WRF/wrfout_d04_2020-06-30_18:00:00,2020-07-01_17:30:00,2020-07-01_18:00:00,33.96538543701172,37.0427131652832,137.89190673828125,141.72406005859375,2020-06-30_18:00:00,/mnt/L2_plus/winds_data_products/2020/2020-07-01_Narashino/wrfout_d04_2020-06-30_180000.nc4,3,97,15.0,1.0,19965051,https://zenodo.org/records/19965051/files/WRF_models_2020-07-01_Narashino.zip,uploaded,
2020-07-01_Narashino,35.691,140.031,2020-07-01T17:32:03,/mnt/L2_plus/events_search/2020-07-01_Narashino/WRF/wrfout_d04_2020-07-01_00:00:00,2020-07-01_17:30:00,2020-07-01_18:00:00,33.96538543701172,37.0427131652832,137.89190673828125,141.72406005859375,2020-07-01_00:00:00,/mnt/L2_plus/winds_data_products/2020/2020-07-01_Narashino/wrfout_d04_2020-07-01_000000.nc4,3,73,15.0,1.0,19965051,https://zenodo.org/records/19965051/files/WRF_models_2020-07-01_Narashino.zip,uploaded,
2020-07-01_Narashino,35.691,140.031,2020-07-01T17:32:03,/mnt/L2_plus/events_search/2020-07-01_Narashino/WRF/wrfout_d04_2020-07-01_06:00:00,2020-07-01_17:30:00,2020-07-01_18:00:00,33.96538543701172,37.0427131652832,137.89190673828125,141.72406005859375,2020-07-01_06:00:00,/mnt/L2_plus/winds_data_products/2020/2020-07-01_Narashino/wrfout_d04_2020-07-01_060000.nc4,3,49,15.0,1.0,19965051,https://zenodo.org/records/19965051/files/WRF_models_2020-07-01_Narashino.zip,uploaded,
2020-07-01_Narashino,35.691,140.031,2020-07-01T17:32:03,/mnt/L2_plus/events_search/2020-07-01_Narashino/WRF/wrfout_d04_2020-07-01_12:00:00,2020-07-01_17:30:00,2020-07-01_18:00:00,33.96538543701172,37.0427131652832,137.89190673828125,141.72406005859375,2020-07-01_12:00:00,/mnt/L2_plus/winds_data_products/2020/2020-07-01_Narashino/wrfout_d04_2020-07-01_120000.nc4,3,25,15.0,1.0,19965051,https://zenodo.org/records/19965051/files/WRF_models_2020-07-01_Narashino.zip,uploaded,
2020-11-07_Adalen,59.62,17.15,2020-11-07T21:27:04,/mnt/L2_plus/events_search/2020-11-07_Adalen/WRF/wrfout_d04_2020-11-07_00:00:00,2020-11-07_21:15:00,2020-11-07_22:00:00,57.87083053588867,60.971920013427734,13.633331298828125,19.9342041015625,2020-11-07_00:00:00,/mnt/L2_plus/winds_data_products/2020/2020-11-07_Adalen/wrfout_d04_2020-11-07_000000.nc4,4,89,15.0,1.0,19965051,https://zenodo.org/records/19965051/files/WRF_models_2020-11-07_Adalen.zip,uploaded,
2020-11-07_Adalen,59.62,17.15,2020-11-07T21:27:04,/mnt/L2_plus/events_search/2020-11-07_Adalen/WRF/wrfout_d04_2020-11-07_06:00:00,2020-11-07_21:15:00,2020-11-07_22:00:00,57.87083053588867,60.971920013427734,13.633331298828125,19.9342041015625,2020-11-07_06:00:00,/mnt/L2_plus/winds_data_products/2020/2020-11-07_Adalen/wrfout_d04_2020-11-07_060000.nc4,4,65,15.0,1.0,19965051,https://zenodo.org/records/19965051/files/WRF_models_2020-11-07_Adalen.zip,uploaded,
2020-11-07_Adalen,59.62,17.15,2020-11-07T21:27:04,/mnt/L2_plus/events_search/2020-11-07_Adalen/WRF/wrfout_d04_2020-11-07_12:00:00,2020-11-07_21:15:00,2020-11-07_22:00:00,57.87083053588867,60.971920013427734,13.633331298828125,19.9342041015625,2020-11-07_12:00:00,/mnt/L2_plus/winds_data_products/2020/2020-11-07_Adalen/wrfout_d04_2020-11-07_120000.nc4,4,41,15.0,1.0,19965051,https://zenodo.org/records/19965051/files/WRF_models_2020-11-07_Adalen.zip,uploaded,
2020-11-07_Adalen,59.62,17.15,2020-11-07T21:27:04,/mnt/L2_plus/events_search/2020-11-07_Adalen/WRF/wrfout_d04_2020-11-07_18:00:00,2020-11-07_21:15:00,2020-11-07_22:00:00,57.87083053588867,60.971920013427734,13.633331298828125,19.9342041015625,2020-11-07_18:00:00,/mnt/L2_plus/winds_data_products/2020/2020-11-07_Adalen/wrfout_d04_2020-11-07_180000.nc4,4,17,15.0,1.0,19965051,https://zenodo.org/records/19965051/files/WRF_models_2020-11-07_Adalen.zip,uploaded,
2020-11-19_Kindberg,47.5,15.45,2020-11-19T03:46:55,/mnt/L2_plus/events_search/2020-11-19_Kindberg/WRF/wrfout_d04_2020-11-18_12:00:00,2020-11-19_03:45:00,2020-11-19_04:15:00,45.765357971191406,48.851776123046875,12.8555908203125,17.50360107421875,2020-11-18_12:00:00,/mnt/L2_plus/winds_data_products/2020/2020-11-19_Kindberg/wrfout_d04_2020-11-18_120000.nc4,3,66,15.0,1.0,19965051,https://zenodo.org/records/19965051/files/WRF_models_2020-11-19_Kindberg.zip,uploaded,
2020-11-19_Kindberg,47.5,15.45,2020-11-19T03:46:55,/mnt/L2_plus/events_search/2020-11-19_Kindberg/WRF/wrfout_d04_2020-11-18_18:00:00,2020-11-19_03:45:00,2020-11-19_04:15:00,45.765357971191406,48.851776123046875,12.8555908203125,17.50360107421875,2020-11-18_18:00:00,/mnt/L2_plus/winds_data_products/2020/2020-11-19_Kindberg/wrfout_d04_2020-11-18_180000.nc4,3,42,15.0,1.0,19965051,https://zenodo.org/records/19965051/files/WRF_models_2020-11-19_Kindberg.zip,uploaded,
2020-11-19_Kindberg,47.5,15.45,2020-11-19T03:46:55,/mnt/L2_plus/events_search/2020-11-19_Kindberg/WRF/wrfout_d04_2020-11-19_00:00:00,2020-11-19_03:45:00,2020-11-19_04:15:00,45.765357971191406,48.851776123046875,12.8555908203125,17.50360107421875,2020-11-19_00:00:00,/mnt/L2_plus/winds_data_products/2020/2020-11-19_Kindberg/wrfout_d04_2020-11-19_000000.nc4,3,18,15.0,1.0,19965051,https://zenodo.org/records/19965051/files/WRF_models_2020-11-19_Kindberg.zip,uploaded,
BOSNIA_2025-11-09_2253,44.36850,16.87197,2025-11-09T22:53:11,/mnt/L2_plus/events_search/BOSNIA_2025-11-09_2253/WRF/wrfout_d04_2025-11-09_00:00:00,2025-11-09_22:45:00,2025-11-09_23:15:00,42.63658905029297,45.72026443481445,14.4266357421875,18.807525634765625,2025-11-09_00:00:00,/mnt/L2_plus/winds_data_products/2025/BOSNIA_2025-11-09_2253/wrfout_d04_2025-11-09_000000.nc4,3,94,15.0,1.0,19967974,https://zenodo.org/records/19967974/files/WRF_models_BOSNIA_2025-11-09_2253.zip,uploaded,
BOSNIA_2025-11-09_2253,44.36850,16.87197,2025-11-09T22:53:11,/mnt/L2_plus/events_search/BOSNIA_2025-11-09_2253/WRF/wrfout_d04_2025-11-09_06:00:00,2025-11-09_22:45:00,2025-11-09_23:15:00,42.63658905029297,45.72026443481445,14.4266357421875,18.807525634765625,2025-11-09_06:00:00,/mnt/L2_plus/winds_data_products/2025/BOSNIA_2025-11-09_2253/wrfout_d04_2025-11-09_060000.nc4,3,70,15.0,1.0,19967974,https://zenodo.org/records/19967974/files/WRF_models_BOSNIA_2025-11-09_2253.zip,uploaded,
BOSNIA_2025-11-09_2253,44.36850,16.87197,2025-11-09T22:53:11,/mnt/L2_plus/events_search/BOSNIA_2025-11-09_2253/WRF/wrfout_d04_2025-11-09_12:00:00,2025-11-09_22:45:00,2025-11-09_23:15:00,42.63658905029297,45.72026443481445,14.4266357421875,18.807525634765625,2025-11-09_12:00:00,/mnt/L2_plus/winds_data_products/2025/BOSNIA_2025-11-09_2253/wrfout_d04_2025-11-09_120000.nc4,3,46,15.0,1.0,19967974,https://zenodo.org/records/19967974/files/WRF_models_BOSNIA_2025-11-09_2253.zip,uploaded,
BOSNIA_2025-11-09_2253,44.36850,16.87197,2025-11-09T22:53:11,/mnt/L2_plus/events_search/BOSNIA_2025-11-09_2253/WRF/wrfout_d04_2025-11-09_18:00:00,2025-11-09_22:45:00,2025-11-09_23:15:00,42.63658905029297,45.72026443481445,14.4266357421875,18.807525634765625,2025-11-09_18:00:00,/mnt/L2_plus/winds_data_products/2025/BOSNIA_2025-11-09_2253/wrfout_d04_2025-11-09_180000.nc4,3,22,15.0,1.0,19967974,https://zenodo.org/records/19967974/files/WRF_models_BOSNIA_2025-11-09_2253.zip,uploaded,
DN101223_01,-31.77224,128.77586,2010-12-23T13:35:54,/mnt/L2_plus/events_search/DN101223_01/WRF/wrfout_d04_2010-12-22_12:00:00,2010-12-23_13:20:00,2010-12-23_14:00:00,-33.225887298583984,-30.77144432067871,127.03384399414062,129.96270751953125,2010-12-22_12:00:00,/mnt/L2_plus/winds_data_products/2010/DN101223_01/wrfout_d04_2010-12-22_120000.nc4,3,79,20.0,1.0,20068575,https://zenodo.org/records/20068575/files/WRF_models_DN101223_01.zip,uploaded,
DN101223_01,-31.77224,128.77586,2010-12-23T13:35:54,/mnt/L2_plus/events_search/DN101223_01/WRF/wrfout_d04_2010-12-22_18:00:00,2010-12-23_13:20:00,2010-12-23_14:00:00,-33.225887298583984,-30.77144432067871,127.03384399414062,129.96270751953125,2010-12-22_18:00:00,/mnt/L2_plus/winds_data_products/2010/DN101223_01/wrfout_d04_2010-12-22_180000.nc4,3,61,20.0,1.0,20068575,https://zenodo.org/records/20068575/files/WRF_models_DN101223_01.zip,uploaded,
DN101223_01,-31.77224,128.77586,2010-12-23T13:35:54,/mnt/L2_plus/events_search/DN101223_01/WRF/wrfout_d04_2010-12-23_00:00:00,2010-12-23_13:20:00,2010-12-23_14:00:00,-33.225887298583984,-30.77144432067871,127.03384399414062,129.96270751953125,2010-12-23_00:00:00,/mnt/L2_plus/winds_data_products/2010/DN101223_01/wrfout_d04_2010-12-23_000000.nc4,3,43,20.0,1.0,20068575,https://zenodo.org/records/20068575/files/WRF_models_DN101223_01.zip,uploaded,
DN101223_01,-31.77224,128.77586,2010-12-23T13:35:54,/mnt/L2_plus/events_search/DN101223_01/WRF/wrfout_d04_2010-12-23_06:00:00,2010-12-23_13:20:00,2010-12-23_14:00:00,-33.225887298583984,-30.77144432067871,127.03384399414062,129.96270751953125,2010-12-23_06:00:00,/mnt/L2_plus/winds_data_products/2010/DN101223_01/wrfout_d04_2010-12-23_060000.nc4,3,25,20.0,1.0,20068575,https://zenodo.org/records/20068575/files/WRF_models_DN101223_01.zip,uploaded,
DN101223_01,-31.77224,128.77586,2010-12-23T13:35:54,/mnt/L2_plus/events_search/DN101223_01/WRF/wrfout_d04_2010-12-23_12:00:00,2010-12-23_13:20:00,2010-12-23_14:00:00,-33.225887298583984,-30.77144432067871,127.03384399414062,129.96270751953125,2010-12-23_12:00:00,/mnt/L2_plus/winds_data_products/2010/DN101223_01/wrfout_d04_2010-12-23_120000.nc4,3,7,20.0,1.0,20068575,https://zenodo.org/records/20068575/files/WRF_models_DN101223_01.zip,uploaded,
DN130505_01,-30.12050,127.99997,2013-05-05T12:26:50,/mnt/L2_plus/events_search/DN130505_01/WRF/wrfout_d04_2013-05-04_18:00:00,2013-05-05_12:00:00,2013-05-05_13:00:00,-31.564777374267578,-29.019548416137695,126.30020141601562,129.28549194335938,2013-05-04_18:00:00,/mnt/L2_plus/winds_data_products/2013/DN130505_01/wrfout_d04_2013-05-04_180000.nc4,3,39,30.0,1.0,19993753,https://zenodo.org/records/19993753/files/WRF_models_DN130505_01.zip,uploaded,
DN130505_01,-30.12050,127.99997,2013-05-05T12:26:50,/mnt/L2_plus/events_search/DN130505_01/WRF/wrfout_d04_2013-05-05_00:00:00,2013-05-05_12:00:00,2013-05-05_13:00:00,-31.564777374267578,-29.019548416137695,126.30020141601562,129.28549194335938,2013-05-05_00:00:00,/mnt/L2_plus/winds_data_products/2013/DN130505_01/wrfout_d04_2013-05-05_000000.nc4,3,27,30.0,1.0,19993753,https://zenodo.org/records/19993753/files/WRF_models_DN130505_01.zip,uploaded,
DN130505_01,-30.12050,127.99997,2013-05-05T12:26:50,/mnt/L2_plus/events_search/DN130505_01/WRF/wrfout_d04_2013-05-05_06:00:00,2013-05-05_12:00:00,2013-05-05_13:00:00,-31.564777374267578,-29.019548416137695,126.30020141601562,129.28549194335938,2013-05-05_06:00:00,/mnt/L2_plus/winds_data_products/2013/DN130505_01/wrfout_d04_2013-05-05_060000.nc4,3,15,30.0,1.0,19993753,https://zenodo.org/records/19993753/files/WRF_models_DN130505_01.zip,uploaded,
DN130505_01,-30.12050,127.99997,2013-05-05T12:26:50,/mnt/L2_plus/events_search/DN130505_01/WRF/wrfout_d04_2013-05-05_12:00:00,2013-05-05_12:00:00,2013-05-05_13:00:00,-31.564777374267578,-29.019548416137695,126.30020141601562,129.28549194335938,2013-05-05_12:00:00,/mnt/L2_plus/winds_data_products/2013/DN130505_01/wrfout_d04_2013-05-05_120000.nc4,3,3,30.0,1.0,19993753,https://zenodo.org/records/19993753/files/WRF_models_DN130505_01.zip,uploaded,
DN250421_10,-29.1,151.6,2025-04-21T09:27:34,/mnt/L2_plus/events_search/DN250421_10/WRF/wrfout_d04_2025-04-20_12:00:00,2025-04-21_09:15:00,2025-04-21_10:00:00,-30.807781219482422,-27.734359741210938,149.61233520507812,153.1732177734375,2025-04-20_12:00:00,/mnt/L2_plus/winds_data_products/2025/DN250421_10/wrfout_d04_2025-04-20_120000.nc4,4,89,15.0,1.0,19967974,https://zenodo.org/records/19967974/files/WRF_models_DN250421_10.zip,uploaded,
DN250421_10,-29.1,151.6,2025-04-21T09:27:34,/mnt/L2_plus/events_search/DN250421_10/WRF/wrfout_d04_2025-04-20_18:00:00,2025-04-21_09:15:00,2025-04-21_10:00:00,-30.807781219482422,-27.734359741210938,149.61233520507812,153.1732177734375,2025-04-20_18:00:00,/mnt/L2_plus/winds_data_products/2025/DN250421_10/wrfout_d04_2025-04-20_180000.nc4,4,65,15.0,1.0,19967974,https://zenodo.org/records/19967974/files/WRF_models_DN250421_10.zip,uploaded,
DN250421_10,-29.1,151.6,2025-04-21T09:27:34,/mnt/L2_plus/events_search/DN250421_10/WRF/wrfout_d04_2025-04-21_00:00:00,2025-04-21_09:15:00,2025-04-21_10:00:00,-30.807781219482422,-27.734359741210938,149.61233520507812,153.1732177734375,2025-04-21_00:00:00,/mnt/L2_plus/winds_data_products/2025/DN250421_10/wrfout_d04_2025-04-21_000000.nc4,4,41,15.0,1.0,19967974,https://zenodo.org/records/19967974/files/WRF_models_DN250421_10.zip,uploaded,
DN250421_10,-29.1,151.6,2025-04-21T09:27:34,/mnt/L2_plus/events_search/DN250421_10/WRF/wrfout_d04_2025-04-21_06:00:00,2025-04-21_09:15:00,2025-04-21_10:00:00,-30.807781219482422,-27.734359741210938,149.61233520507812,153.1732177734375,2025-04-21_06:00:00,/mnt/L2_plus/winds_data_products/2025/DN250421_10/wrfout_d04_2025-04-21_060000.nc4,4,17,15.0,1.0,19967974,https://zenodo.org/records/19967974/files/WRF_models_DN250421_10.zip,uploaded,
DZA_2023-05-07,36.12400,3.80090,2023-05-07T22:59:59,/mnt/L2_plus/events_search/DZA_2023-05-07/WRF/wrfout_d04_2023-05-07_00:00:00,2023-05-07_22:45:00,2023-05-07_23:30:00,35.150146484375,36.73583984375,2.59332275390625,4.564239501953125,2023-05-07_00:00:00,/mnt/L2_plus/winds_data_products/2023/DZA_2023-05-07/wrfout_d04_2023-05-07_000000.nc4,4,95,15.0,1.0,19966241,https://zenodo.org/records/19966241/files/WRF_models_DZA_2023-05-07.zip,uploaded,
DZA_2023-05-07,36.12400,3.80090,2023-05-07T22:59:59,/mnt/L2_plus/events_search/DZA_2023-05-07/WRF/wrfout_d04_2023-05-07_06:00:00,2023-05-07_22:45:00,2023-05-07_23:30:00,35.150146484375,36.73583984375,2.59332275390625,4.564239501953125,2023-05-07_06:00:00,/mnt/L2_plus/winds_data_products/2023/DZA_2023-05-07/wrfout_d04_2023-05-07_060000.nc4,4,71,15.0,1.0,19966241,https://zenodo.org/records/19966241/files/WRF_models_DZA_2023-05-07.zip,uploaded,
DZA_2023-05-07,36.12400,3.80090,2023-05-07T22:59:59,/mnt/L2_plus/events_search/DZA_2023-05-07/WRF/wrfout_d04_2023-05-07_12:00:00,2023-05-07_22:45:00,2023-05-07_23:30:00,35.150146484375,36.73583984375,2.59332275390625,4.564239501953125,2023-05-07_12:00:00,/mnt/L2_plus/winds_data_products/2023/DZA_2023-05-07/wrfout_d04_2023-05-07_120000.nc4,4,47,15.0,1.0,19966241,https://zenodo.org/records/19966241/files/WRF_models_DZA_2023-05-07.zip,uploaded,
DZA_2023-05-07,36.12400,3.80090,2023-05-07T22:59:59,/mnt/L2_plus/events_search/DZA_2023-05-07/WRF/wrfout_d04_2023-05-07_18:00:00,2023-05-07_22:45:00,2023-05-07_23:30:00,35.150146484375,36.73583984375,2.59332275390625,4.564239501953125,2023-05-07_18:00:00,/mnt/L2_plus/winds_data_products/2023/DZA_2023-05-07/wrfout_d04_2023-05-07_180000.nc4,4,23,15.0,1.0,19966241,https://zenodo.org/records/19966241/files/WRF_models_DZA_2023-05-07.zip,uploaded,
FRIPON_20200228T093032_Slovenia,45.852606,15.067279,2020-02-28T09:30:32,/mnt/L2_plus/events_search/FRIPON_20200228T093032_Slovenia/WRF/wrfout_d04_2020-02-27_18:00:00,2020-02-28_09:30:00,2020-02-28_10:00:00,44.343013763427734,46.979576110839844,12.88397216796875,16.71856689453125,2020-02-27_18:00:00,/mnt/L2_plus/winds_data_products/2020/FRIPON_20200228T093032_Slovenia/wrfout_d04_2020-02-27_180000.nc4,2,33,30.0,1.0,19965051,https://zenodo.org/records/19965051/files/WRF_models_FRIPON_20200228T093032_Slovenia.zip,uploaded,
FRIPON_20200228T093032_Slovenia,45.852606,15.067279,2020-02-28T09:30:32,/mnt/L2_plus/events_search/FRIPON_20200228T093032_Slovenia/WRF/wrfout_d04_2020-02-28_00:00:00,2020-02-28_09:30:00,2020-02-28_10:00:00,44.343013763427734,46.979576110839844,12.88397216796875,16.71856689453125,2020-02-28_00:00:00,/mnt/L2_plus/winds_data_products/2020/FRIPON_20200228T093032_Slovenia/wrfout_d04_2020-02-28_000000.nc4,2,21,30.0,1.0,19965051,https://zenodo.org/records/19965051/files/WRF_models_FRIPON_20200228T093032_Slovenia.zip,uploaded,
FRIPON_20200228T093032_Slovenia,45.852606,15.067279,2020-02-28T09:30:32,/mnt/L2_plus/events_search/FRIPON_20200228T093032_Slovenia/WRF/wrfout_d04_2020-02-28_06:00:00,2020-02-28_09:30:00,2020-02-28_10:00:00,44.343013763427734,46.979576110839844,12.88397216796875,16.71856689453125,2020-02-28_06:00:00,/mnt/L2_plus/winds_data_products/2020/FRIPON_20200228T093032_Slovenia/wrfout_d04_2020-02-28_060000.nc4,2,9,30.0,1.0,19965051,https://zenodo.org/records/19965051/files/WRF_models_FRIPON_20200228T093032_Slovenia.zip,uploaded,
FRIPON_20210118T001856_Spain,42.86978,-7.30701,2021-01-18T00:18:56,/mnt/L2_plus/events_search/FRIPON_20210118T001856_Spain/WRF/wrfout_d04_2021-01-17_18:00:00,2021-01-18_00:00:00,2021-01-18_00:40:00,41.36393737792969,43.995975494384766,-9.3773193359375,-5.741180419921875,2021-01-17_18:00:00,/mnt/L2_plus/winds_data_products/2021/FRIPON_20210118T001856_Spain/wrfout_d04_2021-01-17_180000.nc4,3,22,20.0,1.0,19965310,https://zenodo.org/records/19965310/files/WRF_models_FRIPON_20210118T001856_Spain.zip,uploaded,
FRIPON_20210118T001856_Spain,42.86978,-7.30701,2021-01-18T00:18:56,/mnt/L2_plus/events_search/FRIPON_20210118T001856_Spain/WRF/wrfout_d04_2021-01-18_00:00:00,2021-01-18_00:00:00,2021-01-18_00:40:00,41.36393737792969,43.995975494384766,-9.3773193359375,-5.741180419921875,2021-01-18_00:00:00,/mnt/L2_plus/winds_data_products/2021/FRIPON_20210118T001856_Spain/wrfout_d04_2021-01-18_000000.nc4,3,4,20.0,1.0,19965310,https://zenodo.org/records/19965310/files/WRF_models_FRIPON_20210118T001856_Spain.zip,uploaded,
FRIPON_2023-09-09_2213,47.44791,2.30489,2023-09-09T22:13:00,/mnt/L2_plus/events_search/FRIPON_2023-09-09_2213/WRF/wrfout_d04_2023-09-09_00:00:00,2023-09-09_22:00:00,2023-09-09_22:45:00,45.71329879760742,48.7996711730957,-0.286773681640625,4.356353759765625,2023-09-09_00:00:00,/mnt/L2_plus/winds_data_products/2023/FRIPON_2023-09-09_2213/wrfout_d04_2023-09-09_000000.nc4,4,92,15.0,1.0,19966241,https://zenodo.org/records/19966241/files/WRF_models_FRIPON_2023-09-09_2213.zip,uploaded,
FRIPON_2023-09-09_2213,47.44791,2.30489,2023-09-09T22:13:00,/mnt/L2_plus/events_search/FRIPON_2023-09-09_2213/WRF/wrfout_d04_2023-09-09_06:00:00,2023-09-09_22:00:00,2023-09-09_22:45:00,45.71329879760742,48.7996711730957,-0.286773681640625,4.356353759765625,2023-09-09_06:00:00,/mnt/L2_plus/winds_data_products/2023/FRIPON_2023-09-09_2213/wrfout_d04_2023-09-09_060000.nc4,4,68,15.0,1.0,19966241,https://zenodo.org/records/19966241/files/WRF_models_FRIPON_2023-09-09_2213.zip,uploaded,
FRIPON_2023-09-09_2213,47.44791,2.30489,2023-09-09T22:13:00,/mnt/L2_plus/events_search/FRIPON_2023-09-09_2213/WRF/wrfout_d04_2023-09-09_12:00:00,2023-09-09_22:00:00,2023-09-09_22:45:00,45.71329879760742,48.7996711730957,-0.286773681640625,4.356353759765625,2023-09-09_12:00:00,/mnt/L2_plus/winds_data_products/2023/FRIPON_2023-09-09_2213/wrfout_d04_2023-09-09_120000.nc4,4,44,15.0,1.0,19966241,https://zenodo.org/records/19966241/files/WRF_models_FRIPON_2023-09-09_2213.zip,uploaded,
FRIPON_2023-09-09_2213,47.44791,2.30489,2023-09-09T22:13:00,/mnt/L2_plus/events_search/FRIPON_2023-09-09_2213/WRF/wrfout_d04_2023-09-09_18:00:00,2023-09-09_22:00:00,2023-09-09_22:45:00,45.71329879760742,48.7996711730957,-0.286773681640625,4.356353759765625,2023-09-09_18:00:00,/mnt/L2_plus/winds_data_products/2023/FRIPON_2023-09-09_2213/wrfout_d04_2023-09-09_180000.nc4,4,20,15.0,1.0,19966241,https://zenodo.org/records/19966241/files/WRF_models_FRIPON_2023-09-09_2213.zip,uploaded,
FRIPON_2024-06-04_235828,47.306485,-0.487465,2024-06-04T23:58:28,/mnt/L2_plus/events_search/FRIPON_2024-06-04_235828/WRF/wrfout_d04_2024-06-04_06:00:00,2024-06-04_23:45:00,2024-06-05_00:30:00,45.57201385498047,48.65825271606445,-3.071868896484375,1.558258056640625,2024-06-04_06:00:00,/mnt/L2_plus/winds_data_products/2024/FRIPON_2024-06-04_235828/wrfout_d04_2024-06-04_060000.nc4,4,75,15.0,1.0,19967163,https://zenodo.org/records/19967163/files/WRF_models_FRIPON_2024-06-04_235828.zip,uploaded,
FRIPON_2024-06-04_235828,47.306485,-0.487465,2024-06-04T23:58:28,/mnt/L2_plus/events_search/FRIPON_2024-06-04_235828/WRF/wrfout_d04_2024-06-04_12:00:00,2024-06-04_23:45:00,2024-06-05_00:30:00,45.57201385498047,48.65825271606445,-3.071868896484375,1.558258056640625,2024-06-04_12:00:00,/mnt/L2_plus/winds_data_products/2024/FRIPON_2024-06-04_235828/wrfout_d04_2024-06-04_120000.nc4,4,51,15.0,1.0,19967163,https://zenodo.org/records/19967163/files/WRF_models_FRIPON_2024-06-04_235828.zip,uploaded,
FRIPON_2024-06-04_235828,47.306485,-0.487465,2024-06-04T23:58:28,/mnt/L2_plus/events_search/FRIPON_2024-06-04_235828/WRF/wrfout_d04_2024-06-04_18:00:00,2024-06-04_23:45:00,2024-06-05_00:30:00,45.57201385498047,48.65825271606445,-3.071868896484375,1.558258056640625,2024-06-04_18:00:00,/mnt/L2_plus/winds_data_products/2024/FRIPON_2024-06-04_235828/wrfout_d04_2024-06-04_180000.nc4,4,27,15.0,1.0,19967163,https://zenodo.org/records/19967163/files/WRF_models_FRIPON_2024-06-04_235828.zip,uploaded,
FRIPON_2025-03-02_0618,45.818263,-72.399023,2025-03-02T06:18:00,/mnt/L2_plus/events_search/FRIPON_2025-03-02_0618/WRF/wrfout_d04_2025-03-01_12:00:00,2025-03-02_06:15:00,2025-03-02_06:45:00,44.08511734008789,47.17002868652344,-74.91021728515625,-70.41128540039062,2025-03-01_12:00:00,/mnt/L2_plus/winds_data_products/2025/FRIPON_2025-03-02_0618/wrfout_d04_2025-03-01_120000.nc4,3,76,15.0,1.0,19967974,https://zenodo.org/records/19967974/files/WRF_models_FRIPON_2025-03-02_0618.zip,uploaded,
FRIPON_2025-03-02_0618,45.818263,-72.399023,2025-03-02T06:18:00,/mnt/L2_plus/events_search/FRIPON_2025-03-02_0618/WRF/wrfout_d04_2025-03-01_18:00:00,2025-03-02_06:15:00,2025-03-02_06:45:00,44.08511734008789,47.17002868652344,-74.91021728515625,-70.41128540039062,2025-03-01_18:00:00,/mnt/L2_plus/winds_data_products/2025/FRIPON_2025-03-02_0618/wrfout_d04_2025-03-01_180000.nc4,3,52,15.0,1.0,19967974,https://zenodo.org/records/19967974/files/WRF_models_FRIPON_2025-03-02_0618.zip,uploaded,
FRIPON_2025-03-02_0618,45.818263,-72.399023,2025-03-02T06:18:00,/mnt/L2_plus/events_search/FRIPON_2025-03-02_0618/WRF/wrfout_d04_2025-03-02_00:00:00,2025-03-02_06:15:00,2025-03-02_06:45:00,44.08511734008789,47.17002868652344,-74.91021728515625,-70.41128540039062,2025-03-02_00:00:00,/mnt/L2_plus/winds_data_products/2025/FRIPON_2025-03-02_0618/wrfout_d04_2025-03-02_000000.nc4,3,28,15.0,1.0,19967974,https://zenodo.org/records/19967974/files/WRF_models_FRIPON_2025-03-02_0618.zip,uploaded,
FRIPON_2025-03-02_0618,45.818263,-72.399023,2025-03-02T06:18:00,/mnt/L2_plus/events_search/FRIPON_2025-03-02_0618/WRF/wrfout_d04_2025-03-02_06:00:00,2025-03-02_06:15:00,2025-03-02_06:45:00,44.08511734008789,47.17002868652344,-74.91021728515625,-70.41128540039062,2025-03-02_06:00:00,/mnt/L2_plus/winds_data_products/2025/FRIPON_2025-03-02_0618/wrfout_d04_2025-03-02_060000.nc4,3,4,15.0,1.0,19967974,https://zenodo.org/records/19967974/files/WRF_models_FRIPON_2025-03-02_0618.zip,uploaded,
NEXRAD_20160124_Osceola-Florida,30.463389,-82.485716,2016-01-24T15:25:00,/mnt/L2_plus/events_search/NEXRAD_20160124_Osceola-Florida/WRF/wrfout_d04_2016-01-23_18:00:00,2016-01-24_15:15:00,2016-01-24_15:45:00,28.74098014831543,31.815082550048828,-84.49505615234375,-80.89535522460938,2016-01-23_18:00:00,/mnt/L2_plus/winds_data_products/2016/NEXRAD_20160124_Osceola-Florida/wrfout_d04_2016-01-23_180000.nc4,3,88,15.0,1.0,19993887,https://zenodo.org/records/19993887/files/WRF_models_NEXRAD_20160124_Osceola-Florida.zip,uploaded,
NEXRAD_20160124_Osceola-Florida,30.463389,-82.485716,2016-01-24T15:25:00,/mnt/L2_plus/events_search/NEXRAD_20160124_Osceola-Florida/WRF/wrfout_d04_2016-01-24_00:00:00,2016-01-24_15:15:00,2016-01-24_15:45:00,28.74098014831543,31.815082550048828,-84.49505615234375,-80.89535522460938,2016-01-24_00:00:00,/mnt/L2_plus/winds_data_products/2016/NEXRAD_20160124_Osceola-Florida/wrfout_d04_2016-01-24_000000.nc4,3,64,15.0,1.0,19993887,https://zenodo.org/records/19993887/files/WRF_models_NEXRAD_20160124_Osceola-Florida.zip,uploaded,
NEXRAD_20160124_Osceola-Florida,30.463389,-82.485716,2016-01-24T15:25:00,/mnt/L2_plus/events_search/NEXRAD_20160124_Osceola-Florida/WRF/wrfout_d04_2016-01-24_06:00:00,2016-01-24_15:15:00,2016-01-24_15:45:00,28.74098014831543,31.815082550048828,-84.49505615234375,-80.89535522460938,2016-01-24_06:00:00,/mnt/L2_plus/winds_data_products/2016/NEXRAD_20160124_Osceola-Florida/wrfout_d04_2016-01-24_060000.nc4,3,40,15.0,1.0,19993887,https://zenodo.org/records/19993887/files/WRF_models_NEXRAD_20160124_Osceola-Florida.zip,uploaded,
NEXRAD_20160124_Osceola-Florida,30.463389,-82.485716,2016-01-24T15:25:00,/mnt/L2_plus/events_search/NEXRAD_20160124_Osceola-Florida/WRF/wrfout_d04_2016-01-24_12:00:00,2016-01-24_15:15:00,2016-01-24_15:45:00,28.74098014831543,31.815082550048828,-84.49505615234375,-80.89535522460938,2016-01-24_12:00:00,/mnt/L2_plus/winds_data_products/2016/NEXRAD_20160124_Osceola-Florida/wrfout_d04_2016-01-24_120000.nc4,3,16,15.0,1.0,19993887,https://zenodo.org/records/19993887/files/WRF_models_NEXRAD_20160124_Osceola-Florida.zip,uploaded,
NEXRAD_20160218_Mount-Blanco-Texas,33.754207,-101.248789,2016-02-18T03:43:00,/mnt/L2_plus/events_search/NEXRAD_20160218_Mount-Blanco-Texas/WRF/wrfout_d04_2016-02-17_06:00:00,2016-02-18_03:30:00,2016-02-18_04:15:00,32.02983856201172,35.10592269897461,-103.33587646484375,-99.59689331054688,2016-02-17_06:00:00,/mnt/L2_plus/winds_data_products/2016/NEXRAD_20160218_Mount-Blanco-Texas/wrfout_d04_2016-02-17_060000.nc4,4,90,15.0,1.0,19993887,https://zenodo.org/records/19993887/files/WRF_models_NEXRAD_20160218_Mount-Blanco-Texas.zip,uploaded,
NEXRAD_20160218_Mount-Blanco-Texas,33.754207,-101.248789,2016-02-18T03:43:00,/mnt/L2_plus/events_search/NEXRAD_20160218_Mount-Blanco-Texas/WRF/wrfout_d04_2016-02-17_12:00:00,2016-02-18_03:30:00,2016-02-18_04:15:00,32.02983856201172,35.10592269897461,-103.33587646484375,-99.59689331054688,2016-02-17_12:00:00,/mnt/L2_plus/winds_data_products/2016/NEXRAD_20160218_Mount-Blanco-Texas/wrfout_d04_2016-02-17_120000.nc4,4,66,15.0,1.0,19993887,https://zenodo.org/records/19993887/files/WRF_models_NEXRAD_20160218_Mount-Blanco-Texas.zip,uploaded,
NEXRAD_20160218_Mount-Blanco-Texas,33.754207,-101.248789,2016-02-18T03:43:00,/mnt/L2_plus/events_search/NEXRAD_20160218_Mount-Blanco-Texas/WRF/wrfout_d04_2016-02-17_18:00:00,2016-02-18_03:30:00,2016-02-18_04:15:00,32.02983856201172,35.10592269897461,-103.33587646484375,-99.59689331054688,2016-02-17_18:00:00,/mnt/L2_plus/winds_data_products/2016/NEXRAD_20160218_Mount-Blanco-Texas/wrfout_d04_2016-02-17_180000.nc4,4,42,15.0,1.0,19993887,https://zenodo.org/records/19993887/files/WRF_models_NEXRAD_20160218_Mount-Blanco-Texas.zip,uploaded,
NEXRAD_20160218_Mount-Blanco-Texas,33.754207,-101.248789,2016-02-18T03:43:00,/mnt/L2_plus/events_search/NEXRAD_20160218_Mount-Blanco-Texas/WRF/wrfout_d04_2016-02-18_00:00:00,2016-02-18_03:30:00,2016-02-18_04:15:00,32.02983856201172,35.10592269897461,-103.33587646484375,-99.59689331054688,2016-02-18_00:00:00,/mnt/L2_plus/winds_data_products/2016/NEXRAD_20160218_Mount-Blanco-Texas/wrfout_d04_2016-02-18_000000.nc4,4,18,15.0,1.0,19993887,https://zenodo.org/records/19993887/files/WRF_models_NEXRAD_20160218_Mount-Blanco-Texas.zip,uploaded,
NEXRAD_20160602_Dishchiibikoh-Arizona,33.855281,-110.654072,2016-06-02T10:56:00,/mnt/L2_plus/events_search/NEXRAD_20160602_Dishchiibikoh-Arizona/WRF/wrfout_d04_2016-06-01_12:00:00,2016-06-02_10:45:00,2016-06-02_11:30:00,32.13084411621094,35.20699691772461,-112.7437744140625,-109.00013732910156,2016-06-01_12:00:00,/mnt/L2_plus/winds_data_products/2016/NEXRAD_20160602_Dishchiibikoh-Arizona/wrfout_d04_2016-06-01_120000.nc4,4,95,15.0,1.0,19993887,https://zenodo.org/records/19993887/files/WRF_models_NEXRAD_20160602_Dishchiibikoh-Arizona.zip,uploaded,
NEXRAD_20160602_Dishchiibikoh-Arizona,33.855281,-110.654072,2016-06-02T10:56:00,/mnt/L2_plus/events_search/NEXRAD_20160602_Dishchiibikoh-Arizona/WRF/wrfout_d04_2016-06-01_18:00:00,2016-06-02_10:45:00,2016-06-02_11:30:00,32.13084411621094,35.20699691772461,-112.7437744140625,-109.00013732910156,2016-06-01_18:00:00,/mnt/L2_plus/winds_data_products/2016/NEXRAD_20160602_Dishchiibikoh-Arizona/wrfout_d04_2016-06-01_180000.nc4,4,71,15.0,1.0,19993887,https://zenodo.org/records/19993887/files/WRF_models_NEXRAD_20160602_Dishchiibikoh-Arizona.zip,uploaded,
NEXRAD_20160602_Dishchiibikoh-Arizona,33.855281,-110.654072,2016-06-02T10:56:00,/mnt/L2_plus/events_search/NEXRAD_20160602_Dishchiibikoh-Arizona/WRF/wrfout_d04_2016-06-02_00:00:00,2016-06-02_10:45:00,2016-06-02_11:30:00,32.13084411621094,35.20699691772461,-112.7437744140625,-109.00013732910156,2016-06-02_00:00:00,/mnt/L2_plus/winds_data_products/2016/NEXRAD_20160602_Dishchiibikoh-Arizona/wrfout_d04_2016-06-02_000000.nc4,4,47,15.0,1.0,19993887,https://zenodo.org/records/19993887/files/WRF_models_NEXRAD_20160602_Dishchiibikoh-Arizona.zip,uploaded,
NEXRAD_20160602_Dishchiibikoh-Arizona,33.855281,-110.654072,2016-06-02T10:56:00,/mnt/L2_plus/events_search/NEXRAD_20160602_Dishchiibikoh-Arizona/WRF/wrfout_d04_2016-06-02_06:00:00,2016-06-02_10:45:00,2016-06-02_11:30:00,32.13084411621094,35.20699691772461,-112.7437744140625,-109.00013732910156,2016-06-02_06:00:00,/mnt/L2_plus/winds_data_products/2016/NEXRAD_20160602_Dishchiibikoh-Arizona/wrfout_d04_2016-06-02_060000.nc4,4,23,15.0,1.0,19993887,https://zenodo.org/records/19993887/files/WRF_models_NEXRAD_20160602_Dishchiibikoh-Arizona.zip,uploaded,
NEXRAD_20180308_Pacific-Coast-Washington,47.4312,-124.3448,2018-03-08T03:05:00,/mnt/L2_plus/events_search/NEXRAD_20180308_Pacific-Coast-Washington/WRF/wrfout_d04_2018-03-08_00:00:00,2018-03-08_03:00:00,2018-03-08_03:30:00,45.696590423583984,48.78295135498047,-126.93562316894531,-122.29403686523438,2018-03-08_00:00:00,/mnt/L2_plus/winds_data_products/2018/NEXRAD_20180308_Pacific-Coast-Washington/wrfout_d04_2018-03-08_000000.nc4,3,15,15.0,1.0,20066733,https://zenodo.org/records/20066733/files/WRF_models_NEXRAD_20180308_Pacific-Coast-Washington.zip,uploaded,
NEXRAD_20180727_Glendale-Arizona,33.683881,-112.222128,2018-07-27T03:22:00,/mnt/L2_plus/events_search/NEXRAD_20180727_Glendale-Arizona/WRF/wrfout_d04_2018-07-26_06:00:00,2018-07-27_03:15:00,2018-07-27_03:45:00,31.959562301635742,35.03559112548828,-114.30740356445312,-110.57168579101562,2018-07-26_06:00:00,/mnt/L2_plus/winds_data_products/2018/NEXRAD_20180727_Glendale-Arizona/wrfout_d04_2018-07-26_060000.nc4,3,88,15.0,1.0,20066733,https://zenodo.org/records/20066733/files/WRF_models_NEXRAD_20180727_Glendale-Arizona.zip,uploaded,
NEXRAD_20180727_Glendale-Arizona,33.683881,-112.222128,2018-07-27T03:22:00,/mnt/L2_plus/events_search/NEXRAD_20180727_Glendale-Arizona/WRF/wrfout_d04_2018-07-26_12:00:00,2018-07-27_03:15:00,2018-07-27_03:45:00,31.959562301635742,35.03559112548828,-114.30740356445312,-110.57168579101562,2018-07-26_12:00:00,/mnt/L2_plus/winds_data_products/2018/NEXRAD_20180727_Glendale-Arizona/wrfout_d04_2018-07-26_120000.nc4,3,64,15.0,1.0,20066733,https://zenodo.org/records/20066733/files/WRF_models_NEXRAD_20180727_Glendale-Arizona.zip,uploaded,
NEXRAD_20180727_Glendale-Arizona,33.683881,-112.222128,2018-07-27T03:22:00,/mnt/L2_plus/events_search/NEXRAD_20180727_Glendale-Arizona/WRF/wrfout_d04_2018-07-26_18:00:00,2018-07-27_03:15:00,2018-07-27_03:45:00,31.959562301635742,35.03559112548828,-114.30740356445312,-110.57168579101562,2018-07-26_18:00:00,/mnt/L2_plus/winds_data_products/2018/NEXRAD_20180727_Glendale-Arizona/wrfout_d04_2018-07-26_180000.nc4,3,40,15.0,1.0,20066733,https://zenodo.org/records/20066733/files/WRF_models_NEXRAD_20180727_Glendale-Arizona.zip,uploaded,
NEXRAD_20180727_Glendale-Arizona,33.683881,-112.222128,2018-07-27T03:22:00,/mnt/L2_plus/events_search/NEXRAD_20180727_Glendale-Arizona/WRF/wrfout_d04_2018-07-27_00:00:00,2018-07-27_03:15:00,2018-07-27_03:45:00,31.959562301635742,35.03559112548828,-114.30740356445312,-110.57168579101562,2018-07-27_00:00:00,/mnt/L2_plus/winds_data_products/2018/NEXRAD_20180727_Glendale-Arizona/wrfout_d04_2018-07-27_000000.nc4,3,16,15.0,1.0,20066733,https://zenodo.org/records/20066733/files/WRF_models_NEXRAD_20180727_Glendale-Arizona.zip,uploaded,
NZ_2025-03-12,-40.05125,176.734029,2025-03-12T09:49:43,/mnt/L2_plus/events_search/NZ_2025-03-12/WRF/wrfout_d04_2025-03-11_12:00:00,2025-03-12_09:45:00,2025-03-12_10:15:00,-41.759117126464844,-38.6785888671875,174.445556640625,178.54541015625,2025-03-11_12:00:00,/mnt/L2_plus/winds_data_products/2025/NZ_2025-03-12/wrfout_d04_2025-03-11_120000.nc4,3,90,15.0,1.0,19967974,https://zenodo.org/records/19967974/files/WRF_models_NZ_2025-03-12.zip,uploaded,
NZ_2025-03-12,-40.05125,176.734029,2025-03-12T09:49:43,/mnt/L2_plus/events_search/NZ_2025-03-12/WRF/wrfout_d04_2025-03-11_18:00:00,2025-03-12_09:45:00,2025-03-12_10:15:00,-41.759117126464844,-38.6785888671875,174.445556640625,178.54541015625,2025-03-11_18:00:00,/mnt/L2_plus/winds_data_products/2025/NZ_2025-03-12/wrfout_d04_2025-03-11_180000.nc4,3,66,15.0,1.0,19967974,https://zenodo.org/records/19967974/files/WRF_models_NZ_2025-03-12.zip,uploaded,
NZ_2025-03-12,-40.05125,176.734029,2025-03-12T09:49:43,/mnt/L2_plus/events_search/NZ_2025-03-12/WRF/wrfout_d04_2025-03-12_00:00:00,2025-03-12_09:45:00,2025-03-12_10:15:00,-41.759117126464844,-38.6785888671875,174.445556640625,178.54541015625,2025-03-12_00:00:00,/mnt/L2_plus/winds_data_products/2025/NZ_2025-03-12/wrfout_d04_2025-03-12_000000.nc4,3,42,15.0,1.0,19967974,https://zenodo.org/records/19967974/files/WRF_models_NZ_2025-03-12.zip,uploaded,
NZ_2025-03-12,-40.05125,176.734029,2025-03-12T09:49:43,/mnt/L2_plus/events_search/NZ_2025-03-12/WRF/wrfout_d04_2025-03-12_06:00:00,2025-03-12_09:45:00,2025-03-12_10:15:00,-41.759117126464844,-38.6785888671875,174.445556640625,178.54541015625,2025-03-12_06:00:00,/mnt/L2_plus/winds_data_products/2025/NZ_2025-03-12/wrfout_d04_2025-03-12_060000.nc4,3,18,15.0,1.0,19967974,https://zenodo.org/records/19967974/files/WRF_models_NZ_2025-03-12.zip,uploaded,
NZ_2025-03-22,-37.394703,174.914593,2025-03-22T14:42:51,/mnt/L2_plus/events_search/NZ_2025-03-22/WRF/wrfout_d04_2025-03-21_18:00:00,2025-03-22_14:30:00,2025-03-22_15:15:00,-39.10253143310547,-36.02391052246094,172.71478271484375,176.65576171875,2025-03-21_18:00:00,/mnt/L2_plus/winds_data_products/2025/NZ_2025-03-22/wrfout_d04_2025-03-21_180000.nc4,4,86,15.0,1.0,19967974,https://zenodo.org/records/19967974/files/WRF_models_NZ_2025-03-22.zip,uploaded,
NZ_2025-03-22,-37.394703,174.914593,2025-03-22T14:42:51,/mnt/L2_plus/events_search/NZ_2025-03-22/WRF/wrfout_d04_2025-03-22_00:00:00,2025-03-22_14:30:00,2025-03-22_15:15:00,-39.10253143310547,-36.02391052246094,172.71478271484375,176.65576171875,2025-03-22_00:00:00,/mnt/L2_plus/winds_data_products/2025/NZ_2025-03-22/wrfout_d04_2025-03-22_000000.nc4,4,62,15.0,1.0,19967974,https://zenodo.org/records/19967974/files/WRF_models_NZ_2025-03-22.zip,uploaded,
NZ_2025-03-22,-37.394703,174.914593,2025-03-22T14:42:51,/mnt/L2_plus/events_search/NZ_2025-03-22/WRF/wrfout_d04_2025-03-22_06:00:00,2025-03-22_14:30:00,2025-03-22_15:15:00,-39.10253143310547,-36.02391052246094,172.71478271484375,176.65576171875,2025-03-22_06:00:00,/mnt/L2_plus/winds_data_products/2025/NZ_2025-03-22/wrfout_d04_2025-03-22_060000.nc4,4,38,15.0,1.0,19967974,https://zenodo.org/records/19967974/files/WRF_models_NZ_2025-03-22.zip,uploaded,
NZ_2025-03-22,-37.394703,174.914593,2025-03-22T14:42:51,/mnt/L2_plus/events_search/NZ_2025-03-22/WRF/wrfout_d04_2025-03-22_12:00:00,2025-03-22_14:30:00,2025-03-22_15:15:00,-39.10253143310547,-36.02391052246094,172.71478271484375,176.65576171875,2025-03-22_12:00:00,/mnt/L2_plus/winds_data_products/2025/NZ_2025-03-22/wrfout_d04_2025-03-22_120000.nc4,4,14,15.0,1.0,19967974,https://zenodo.org/records/19967974/files/WRF_models_NZ_2025-03-22.zip,uploaded,
RU_2024-06-06_232957,43.977016,42.898926,2024-06-06T23:29:57,/mnt/L2_plus/events_search/RU_2024-06-06_232957/WRF/wrfout_d04_2024-06-06_18:00:00,2024-06-06_23:15:00,2024-06-07_00:00:00,42.24540328979492,45.32875442504883,40.47052001953125,44.821044921875,2024-06-06_18:00:00,/mnt/L2_plus/winds_data_products/2024/RU_2024-06-06_232957/wrfout_d04_2024-06-06_180000.nc4,4,25,15.0,1.0,19967163,https://zenodo.org/records/19967163/files/WRF_models_RU_2024-06-06_232957.zip,uploaded,
Ural2025_23_03,55.658656,61.835723,2025-03-22T23:30:20,/mnt/L2_plus/events_search/RU_2025-03-22/WRF/wrfout_d04_2025-03-22_00:00:00,2025-03-22_23:30:00,2025-03-23_00:00:00,53.9151725769043,57.010520935058594,58.701080322265625,64.3172607421875,2025-03-22_00:00:00,/mnt/L2_plus/winds_data_products/2025/Ural2025_23_03/wrfout_d04_2025-03-22_000000.nc4,3,97,15.0,1.0,19967974,https://zenodo.org/records/19967974/files/WRF_models_Ural2025_23_03.zip,uploaded,
Ural2025_23_03,55.658656,61.835723,2025-03-22T23:30:20,/mnt/L2_plus/events_search/RU_2025-03-22/WRF/wrfout_d04_2025-03-22_06:00:00,2025-03-22_23:30:00,2025-03-23_00:00:00,53.9151725769043,57.010520935058594,58.701080322265625,64.3172607421875,2025-03-22_06:00:00,/mnt/L2_plus/winds_data_products/2025/Ural2025_23_03/wrfout_d04_2025-03-22_060000.nc4,3,73,15.0,1.0,19967974,https://zenodo.org/records/19967974/files/WRF_models_Ural2025_23_03.zip,uploaded,
Ural2025_23_03,55.658656,61.835723,2025-03-22T23:30:20,/mnt/L2_plus/events_search/RU_2025-03-22/WRF/wrfout_d04_2025-03-22_12:00:00,2025-03-22_23:30:00,2025-03-23_00:00:00,53.9151725769043,57.010520935058594,58.701080322265625,64.3172607421875,2025-03-22_12:00:00,/mnt/L2_plus/winds_data_products/2025/Ural2025_23_03/wrfout_d04_2025-03-22_120000.nc4,3,49,15.0,1.0,19967974,https://zenodo.org/records/19967974/files/WRF_models_Ural2025_23_03.zip,uploaded,
Ural2025_23_03,55.658656,61.835723,2025-03-22T23:30:20,/mnt/L2_plus/events_search/RU_2025-03-22/WRF/wrfout_d04_2025-03-22_18:00:00,2025-03-22_23:30:00,2025-03-23_00:00:00,53.9151725769043,57.010520935058594,58.701080322265625,64.3172607421875,2025-03-22_18:00:00,/mnt/L2_plus/winds_data_products/2025/Ural2025_23_03/wrfout_d04_2025-03-22_180000.nc4,3,25,15.0,1.0,19967974,https://zenodo.org/records/19967974/files/WRF_models_Ural2025_23_03.zip,uploaded,
UK_2025-04-23T01-38,52.163047,0.637265,2025-04-23T01:38:26,/mnt/L2_plus/events_search/UK_2025-04-23T01-38/WRF/wrfout_d04_2025-04-22_06:00:00,2025-04-23_01:30:00,2025-04-23_02:00:00,50.423728942871094,53.514869689941406,-2.233428955078125,2.90972900390625,2025-04-22_06:00:00,/mnt/L2_plus/winds_data_products/2025/UK_2025-04-23T01-38/wrfout_d04_2025-04-22_060000.nc4,3,81,15.0,1.0,19967974,https://zenodo.org/records/19967974/files/WRF_models_UK_2025-04-23T01-38.zip,uploaded,
UK_2025-04-23T01-38,52.163047,0.637265,2025-04-23T01:38:26,/mnt/L2_plus/events_search/UK_2025-04-23T01-38/WRF/wrfout_d04_2025-04-22_12:00:00,2025-04-23_01:30:00,2025-04-23_02:00:00,50.423728942871094,53.514869689941406,-2.233428955078125,2.90972900390625,2025-04-22_12:00:00,/mnt/L2_plus/winds_data_products/2025/UK_2025-04-23T01-38/wrfout_d04_2025-04-22_120000.nc4,3,57,15.0,1.0,19967974,https://zenodo.org/records/19967974/files/WRF_models_UK_2025-04-23T01-38.zip,uploaded,
UK_2025-04-23T01-38,52.163047,0.637265,2025-04-23T01:38:26,/mnt/L2_plus/events_search/UK_2025-04-23T01-38/WRF/wrfout_d04_2025-04-22_18:00:00,2025-04-23_01:30:00,2025-04-23_02:00:00,50.423728942871094,53.514869689941406,-2.233428955078125,2.90972900390625,2025-04-22_18:00:00,/mnt/L2_plus/winds_data_products/2025/UK_2025-04-23T01-38/wrfout_d04_2025-04-22_180000.nc4,3,33,15.0,1.0,19967974,https://zenodo.org/records/19967974/files/WRF_models_UK_2025-04-23T01-38.zip,uploaded,
UK_2025-04-23T01-38,52.163047,0.637265,2025-04-23T01:38:26,/mnt/L2_plus/events_search/UK_2025-04-23T01-38/WRF/wrfout_d04_2025-04-23_00:00:00,2025-04-23_01:30:00,2025-04-23_02:00:00,50.423728942871094,53.514869689941406,-2.233428955078125,2.90972900390625,2025-04-23_00:00:00,/mnt/L2_plus/winds_data_products/2025/UK_2025-04-23T01-38/wrfout_d04_2025-04-23_000000.nc4,3,9,15.0,1.0,19967974,https://zenodo.org/records/19967974/files/WRF_models_UK_2025-04-23T01-38.zip,uploaded,
DN140921_01,-31.112900255233725,135.65643291708355,2014-09-21T13:11:42,/mnt/L2_plus/events_trello/DN140921_01/WRF/wrfout_d04_2014-09-21_00:00:00,2014-09-21_13:00:00,2014-09-21_13:30:00,-32.554019927978516,-30.106121063232422,133.93435668945312,136.8341064453125,2014-09-21_00:00:00,/mnt/L2_plus/winds_data_products/2014/DN140921_01/wrfout_d04_2014-09-21_000000.nc4,2,49,30.0,1.0,20076770,https://zenodo.org/records/20076770/files/WRF_models_DN140921_01.zip,uploaded,
DN141125_01,-31.010576023115004,134.54164594692654,2014-11-25T15:21:15,/mnt/L2_plus/events_trello/DN141125_01/WRF/wrfout_d04_2014-11-25_00:00:00,2014-11-25_15:20:00,2014-11-25_16:00:00,-32.460025787353516,-30.013080596923828,132.81939697265625,135.71511840820312,2014-11-25_00:00:00,/mnt/L2_plus/winds_data_products/2014/DN141125_01/wrfout_d04_2014-11-25_000000.nc4,5,97,10.0,1.0,20076770,https://zenodo.org/records/20076770/files/WRF_models_DN141125_01.zip,uploaded,
DN141125_01,-31.010576023115004,134.54164594692654,2014-11-25T15:21:15,/mnt/L2_plus/events_trello/DN141125_01/WRF/wrfout_d04_2014-11-25_06:00:00,2014-11-25_15:20:00,2014-11-25_16:00:00,-32.460025787353516,-30.013080596923828,132.81939697265625,135.71511840820312,2014-11-25_06:00:00,/mnt/L2_plus/winds_data_products/2014/DN141125_01/wrfout_d04_2014-11-25_060000.nc4,5,61,10.0,1.0,20076770,https://zenodo.org/records/20076770/files/WRF_models_DN141125_01.zip,uploaded,
DN141125_01,-31.010576023115004,134.54164594692654,2014-11-25T15:21:15,/mnt/L2_plus/events_trello/DN141125_01/WRF/wrfout_d04_2014-11-25_12:00:00,2014-11-25_15:20:00,2014-11-25_16:00:00,-32.460025787353516,-30.013080596923828,132.81939697265625,135.71511840820312,2014-11-25_12:00:00,/mnt/L2_plus/winds_data_products/2014/DN141125_01/wrfout_d04_2014-11-25_120000.nc4,5,25,10.0,1.0,20076770,https://zenodo.org/records/20076770/files/WRF_models_DN141125_01.zip,uploaded,
DN141129_01,-29.274569800261958,116.72387967431142,2014-11-29T14:31:33,/mnt/L2_plus/events_trello/DN141129_01/WRF/wrfout_d04_2014-11-29_00:00:00,2014-11-29_14:30:00,2014-11-29_15:00:00,-30.71880340576172,-28.2901611328125,115.03347778320312,117.85623168945312,2014-11-29_00:00:00,/mnt/L2_plus/winds_data_products/2014/DN141129_01/wrfout_d04_2014-11-29_000000.nc4,2,49,30.0,1.0,20076770,https://zenodo.org/records/20076770/files/WRF_models_DN141129_01.zip,uploaded,
DN150102_01,-31.464563449173056,140.00361609333874,2015-01-02T13:39:11,/mnt/L2_plus/events_trello/DN150102_01/WRF/wrfout_d03_2015-01-01_12:00:00,2015-01-02_13:20:06,2015-01-02_14:00:00,-33.11793518066406,-30.191436767578125,138.10345458984375,141.59271240234375,2015-01-01_12:00:00,/mnt/L2_plus/winds_data_products/2015/DN150102_01/wrfout_d03_2015-01-01_120000.nc4,3,91,20.1,3.0,20066408,https://zenodo.org/records/20066408/files/WRF_models_DN150102_01.zip,uploaded,
DN150102_01,-31.464563449173056,140.00361609333874,2015-01-02T13:39:11,/mnt/L2_plus/events_trello/DN150102_01/WRF/wrfout_d03_2015-01-01_18:00:00,2015-01-02_13:20:06,2015-01-02_14:00:00,-33.11793518066406,-30.191436767578125,138.10345458984375,141.59271240234375,2015-01-01_18:00:00,/mnt/L2_plus/winds_data_products/2015/DN150102_01/wrfout_d03_2015-01-01_180000.nc4,3,73,20.1,3.0,20066408,https://zenodo.org/records/20066408/files/WRF_models_DN150102_01.zip,uploaded,
DN150102_01,-31.464563449173056,140.00361609333874,2015-01-02T13:39:11,/mnt/L2_plus/events_trello/DN150102_01/WRF/wrfout_d03_2015-01-02_00:00:00,2015-01-02_13:20:06,2015-01-02_14:00:00,-33.11793518066406,-30.191436767578125,138.10345458984375,141.59271240234375,2015-01-02_00:00:00,/mnt/L2_plus/winds_data_products/2015/DN150102_01/wrfout_d03_2015-01-02_000000.nc4,3,55,20.1,3.0,20066408,https://zenodo.org/records/20066408/files/WRF_models_DN150102_01.zip,uploaded,
DN150102_01,-31.464563449173056,140.00361609333874,2015-01-02T13:39:11,/mnt/L2_plus/events_trello/DN150102_01/WRF/wrfout_d03_2015-01-02_06:00:00,2015-01-02_13:20:06,2015-01-02_14:00:00,-33.11793518066406,-30.191436767578125,138.10345458984375,141.59271240234375,2015-01-02_06:00:00,/mnt/L2_plus/winds_data_products/2015/DN150102_01/wrfout_d03_2015-01-02_060000.nc4,3,37,20.1,3.0,20066408,https://zenodo.org/records/20066408/files/WRF_models_DN150102_01.zip,uploaded,
DN150102_01,-31.464563449173056,140.00361609333874,2015-01-02T13:39:11,/mnt/L2_plus/events_trello/DN150102_01/WRF/wrfout_d03_2015-01-02_12:00:00,2015-01-02_13:20:06,2015-01-02_14:00:00,-33.11793518066406,-30.191436767578125,138.10345458984375,141.59271240234375,2015-01-02_12:00:00,/mnt/L2_plus/winds_data_products/2015/DN150102_01/wrfout_d03_2015-01-02_120000.nc4,3,19,20.1,3.0,20066408,https://zenodo.org/records/20066408/files/WRF_models_DN150102_01.zip,uploaded,
DN150102_01,-31.464563449173056,140.00361609333874,2015-01-02T13:39:11,/mnt/L2_plus/events_trello/DN150102_01/WRF/wrfout_d04_2015-01-02_12:00:00,2015-01-02_13:20:00,2015-01-02_14:00:00,-32.908592224121094,-30.45722198486328,138.3587646484375,141.27386474609375,2015-01-02_12:00:00,/mnt/L2_plus/winds_data_products/2015/DN150102_01/wrfout_d04_2015-01-02_120000.nc4,3,19,20.0,1.0,20066408,https://zenodo.org/records/20066408/files/WRF_models_DN150102_01.zip,uploaded,
DN150123_03,-29.0093065,134.729782,2015-01-23T11:48:13,/mnt/L2_plus/events_trello/DN150123_03/WRF/wrfout_d04_2015-01-22_12:00:00,2015-01-23_11:45:00,2015-01-23_12:15:00,-30.71709632873535,-27.643735885620117,132.74395751953125,136.30145263671875,2015-01-22_12:00:00,/mnt/L2_plus/winds_data_products/2015/DN150123_03/wrfout_d04_2015-01-22_120000.nc4,3,98,15.0,1.0,20066408,https://zenodo.org/records/20066408/files/WRF_models_DN150123_03.zip,uploaded,
DN150123_03,-29.0093065,134.729782,2015-01-23T11:48:13,/mnt/L2_plus/events_trello/DN150123_03/WRF/wrfout_d04_2015-01-22_18:00:00,2015-01-23_11:45:00,2015-01-23_12:15:00,-30.71709632873535,-27.643735885620117,132.74395751953125,136.30145263671875,2015-01-22_18:00:00,/mnt/L2_plus/winds_data_products/2015/DN150123_03/wrfout_d04_2015-01-22_180000.nc4,3,74,15.0,1.0,20066408,https://zenodo.org/records/20066408/files/WRF_models_DN150123_03.zip,uploaded,
DN150123_03,-29.0093065,134.729782,2015-01-23T11:48:13,/mnt/L2_plus/events_trello/DN150123_03/WRF/wrfout_d04_2015-01-23_00:00:00,2015-01-23_11:45:00,2015-01-23_12:15:00,-30.71709632873535,-27.643735885620117,132.74395751953125,136.30145263671875,2015-01-23_00:00:00,/mnt/L2_plus/winds_data_products/2015/DN150123_03/wrfout_d04_2015-01-23_000000.nc4,3,50,15.0,1.0,20066408,https://zenodo.org/records/20066408/files/WRF_models_DN150123_03.zip,uploaded,
DN150123_03,-29.0093065,134.729782,2015-01-23T11:48:13,/mnt/L2_plus/events_trello/DN150123_03/WRF/wrfout_d04_2015-01-23_06:00:00,2015-01-23_11:45:00,2015-01-23_12:15:00,-30.71709632873535,-27.643735885620117,132.74395751953125,136.30145263671875,2015-01-23_06:00:00,/mnt/L2_plus/winds_data_products/2015/DN150123_03/wrfout_d04_2015-01-23_060000.nc4,3,26,15.0,1.0,20066408,https://zenodo.org/records/20066408/files/WRF_models_DN150123_03.zip,uploaded,
DN150331_01,-30.449476389012233,136.35459386433314,2015-03-31T18:01:09,/mnt/L2_plus/events_trello/DN150331_01/WRF/wrfout_d03_2015-03-31_00:00:00,2015-03-31_18:00:00,2015-03-31_18:30:00,-32.10655975341797,-29.19220733642578,134.39190673828125,137.82928466796875,2015-03-31_00:00:00,/mnt/L2_plus/winds_data_products/2015/DN150331_01/wrfout_d03_2015-03-31_000000.nc4,2,49,30.0,3.0,20066408,https://zenodo.org/records/20066408/files/WRF_models_DN150331_01.zip,uploaded,
DN150331_01,-30.449476389012233,136.35459386433314,2015-03-31T18:01:09,/mnt/L2_plus/events_trello/DN150331_01/WRF/wrfout_d03_2015-03-31_06:00:00,2015-03-31_18:00:00,2015-03-31_18:30:00,-32.10655975341797,-29.19220733642578,134.39190673828125,137.82928466796875,2015-03-31_06:00:00,/mnt/L2_plus/winds_data_products/2015/DN150331_01/wrfout_d03_2015-03-31_060000.nc4,2,37,30.0,3.0,20066408,https://zenodo.org/records/20066408/files/WRF_models_DN150331_01.zip,uploaded,
DN150331_01,-30.449476389012233,136.35459386433314,2015-03-31T18:01:09,/mnt/L2_plus/events_trello/DN150331_01/WRF/wrfout_d03_2015-03-31_12:00:00,2015-03-31_18:00:00,2015-03-31_18:30:00,-32.10655975341797,-29.19220733642578,134.39190673828125,137.82928466796875,2015-03-31_12:00:00,/mnt/L2_plus/winds_data_products/2015/DN150331_01/wrfout_d03_2015-03-31_120000.nc4,2,25,30.0,3.0,20066408,https://zenodo.org/records/20066408/files/WRF_models_DN150331_01.zip,uploaded,
DN150331_01,-30.449476389012233,136.35459386433314,2015-03-31T18:01:09,/mnt/L2_plus/events_trello/DN150331_01/WRF/wrfout_d03_2015-03-31_18:00:00,2015-03-31_18:00:00,2015-03-31_18:30:00,-32.10655975341797,-29.19220733642578,134.39190673828125,137.82928466796875,2015-03-31_18:00:00,/mnt/L2_plus/winds_data_products/2015/DN150331_01/wrfout_d03_2015-03-31_180000.nc4,2,7,30.0,3.0,20066408,https://zenodo.org/records/20066408/files/WRF_models_DN150331_01.zip,uploaded,
DN150331_01,-30.449476389012233,136.35459386433314,2015-03-31T18:01:09,/mnt/L2_plus/events_trello/DN150331_01/WRF/wrfout_d04_2015-03-31_00:00:00,2015-03-31_18:00:00,2015-03-31_18:30:00,-31.897987365722656,-29.456756591796875,134.64337158203125,137.51519775390625,2015-03-31_00:00:00,/mnt/L2_plus/winds_data_products/2015/DN150331_01/wrfout_d04_2015-03-31_000000.nc4,2,49,30.0,1.0,20066408,https://zenodo.org/records/20066408/files/WRF_models_DN150331_01.zip,uploaded,
DN150413_01,-30.63572140454081,128.25048726068576,2015-04-13T10:40:29,/mnt/L2_plus/events_trello/DN150413_01/WRF/wrfout_d04_2015-04-12_12:00:00,2015-04-13_10:30:00,2015-04-13_11:00:00,-32.3434944152832,-29.26919174194336,126.22982788085938,129.8497314453125,2015-04-12_12:00:00,/mnt/L2_plus/winds_data_products/2015/DN150413_01/wrfout_d04_2015-04-12_120000.nc4,3,93,15.0,1.0,20066408,https://zenodo.org/records/20066408/files/WRF_models_DN150413_01.zip,uploaded,2026-05-26T09:18:30
DN150413_01,-30.63572140454081,128.25048726068576,2015-04-13T10:40:29,/mnt/L2_plus/events_trello/DN150413_01/WRF/wrfout_d04_2015-04-12_18:00:00,2015-04-13_10:30:00,2015-04-13_11:00:00,-32.3434944152832,-29.26919174194336,126.22982788085938,129.8497314453125,2015-04-12_18:00:00,/mnt/L2_plus/winds_data_products/2015/DN150413_01/wrfout_d04_2015-04-12_180000.nc4,3,69,15.0,1.0,20066408,https://zenodo.org/records/20066408/files/WRF_models_DN150413_01.zip,uploaded,2026-05-26T09:18:30
DN150413_01,-30.63572140454081,128.25048726068576,2015-04-13T10:40:29,/mnt/L2_plus/events_trello/DN150413_01/WRF/wrfout_d04_2015-04-13_00:00:00,2015-04-13_10:30:00,2015-04-13_11:00:00,-32.3434944152832,-29.26919174194336,126.22982788085938,129.8497314453125,2015-04-13_00:00:00,/mnt/L2_plus/winds_data_products/2015/DN150413_01/wrfout_d04_2015-04-13_000000.nc4,3,45,15.0,1.0,20066408,https://zenodo.org/records/20066408/files/WRF_models_DN150413_01.zip,uploaded,2026-05-26T09:18:30
DN150413_01,-30.63572140454081,128.25048726068576,2015-04-13T10:40:29,/mnt/L2_plus/events_trello/DN150413_01/WRF/wrfout_d04_2015-04-13_06:00:00,2015-04-13_10:30:00,2015-04-13_11:00:00,-32.3434944152832,-29.26919174194336,126.22982788085938,129.8497314453125,2015-04-13_06:00:00,/mnt/L2_plus/winds_data_products/2015/DN150413_01/wrfout_d04_2015-04-13_060000.nc4,3,21,15.0,1.0,20066408,https://zenodo.org/records/20066408/files/WRF_models_DN150413_01.zip,uploaded,2026-05-26T09:18:30
DN150418_07,-31.65681984600408,138.06355558367557,2015-04-18T09:48:01,/mnt/L2_plus/events_trello/DN150418_07/WRF/wrfout_d04_2015-04-17_12:00:00,2015-04-18_09:45:00,2015-04-18_10:15:00,-33.36464309692383,-30.289703369140625,136.01947021484375,139.681396484375,2015-04-17_12:00:00,/mnt/L2_plus/winds_data_products/2015/DN150418_07/wrfout_d04_2015-04-17_120000.nc4,3,90,15.0,1.0,20066408,https://zenodo.org/records/20066408/files/WRF_models_DN150418_07.zip,uploaded,
DN150418_07,-31.65681984600408,138.06355558367557,2015-04-18T09:48:01,/mnt/L2_plus/events_trello/DN150418_07/WRF/wrfout_d04_2015-04-17_18:00:00,2015-04-18_09:45:00,2015-04-18_10:15:00,-33.36464309692383,-30.289703369140625,136.01947021484375,139.681396484375,2015-04-17_18:00:00,/mnt/L2_plus/winds_data_products/2015/DN150418_07/wrfout_d04_2015-04-17_180000.nc4,3,66,15.0,1.0,20066408,https://zenodo.org/records/20066408/files/WRF_models_DN150418_07.zip,uploaded,
DN150418_07,-31.65681984600408,138.06355558367557,2015-04-18T09:48:01,/mnt/L2_plus/events_trello/DN150418_07/WRF/wrfout_d04_2015-04-18_00:00:00,2015-04-18_09:45:00,2015-04-18_10:15:00,-33.36464309692383,-30.289703369140625,136.01947021484375,139.681396484375,2015-04-18_00:00:00,/mnt/L2_plus/winds_data_products/2015/DN150418_07/wrfout_d04_2015-04-18_000000.nc4,3,42,15.0,1.0,20066408,https://zenodo.org/records/20066408/files/WRF_models_DN150418_07.zip,uploaded,
DN150418_07,-31.65681984600408,138.06355558367557,2015-04-18T09:48:01,/mnt/L2_plus/events_trello/DN150418_07/WRF/wrfout_d04_2015-04-18_06:00:00,2015-04-18_09:45:00,2015-04-18_10:15:00,-33.36464309692383,-30.289703369140625,136.01947021484375,139.681396484375,2015-04-18_06:00:00,/mnt/L2_plus/winds_data_products/2015/DN150418_07/wrfout_d04_2015-04-18_060000.nc4,3,18,15.0,1.0,20066408,https://zenodo.org/records/20066408/files/WRF_models_DN150418_07.zip,uploaded,
DN150503_01,-27.697363582024664,136.4526063514515,2015-05-03T15:04:43,/mnt/L2_plus/events_trello/DN150503_01/WRF/wrfout_d04_2015-05-02_18:00:00,2015-05-03_15:00:00,2015-05-03_15:30:00,-29.405174255371094,-26.332538604736328,134.49295043945312,138.00360107421875,2015-05-02_18:00:00,/mnt/L2_plus/winds_data_products/2015/DN150503_01/wrfout_d04_2015-05-02_180000.nc4,3,87,15.0,1.0,20066408,https://zenodo.org/records/20066408/files/WRF_models_DN150503_01.zip,uploaded,
DN150503_01,-27.697363582024664,136.4526063514515,2015-05-03T15:04:43,/mnt/L2_plus/events_trello/DN150503_01/WRF/wrfout_d04_2015-05-03_00:00:00,2015-05-03_15:00:00,2015-05-03_15:30:00,-29.405174255371094,-26.332538604736328,134.49295043945312,138.00360107421875,2015-05-03_00:00:00,/mnt/L2_plus/winds_data_products/2015/DN150503_01/wrfout_d04_2015-05-03_000000.nc4,3,63,15.0,1.0,20066408,https://zenodo.org/records/20066408/files/WRF_models_DN150503_01.zip,uploaded,
DN150503_01,-27.697363582024664,136.4526063514515,2015-05-03T15:04:43,/mnt/L2_plus/events_trello/DN150503_01/WRF/wrfout_d04_2015-05-03_06:00:00,2015-05-03_15:00:00,2015-05-03_15:30:00,-29.405174255371094,-26.332538604736328,134.49295043945312,138.00360107421875,2015-05-03_06:00:00,/mnt/L2_plus/winds_data_products/2015/DN150503_01/wrfout_d04_2015-05-03_060000.nc4,3,39,15.0,1.0,20066408,https://zenodo.org/records/20066408/files/WRF_models_DN150503_01.zip,uploaded,
DN150503_01,-27.697363582024664,136.4526063514515,2015-05-03T15:04:43,/mnt/L2_plus/events_trello/DN150503_01/WRF/wrfout_d04_2015-05-03_12:00:00,2015-05-03_15:00:00,2015-05-03_15:30:00,-29.405174255371094,-26.332538604736328,134.49295043945312,138.00360107421875,2015-05-03_12:00:00,/mnt/L2_plus/winds_data_products/2015/DN150503_01/wrfout_d04_2015-05-03_120000.nc4,3,15,15.0,1.0,20066408,https://zenodo.org/records/20066408/files/WRF_models_DN150503_01.zip,uploaded,
DN150621_03,-28.24001011421792,135.4509557437155,2015-06-21T13:05:34,/mnt/L2_plus/events_trello/DN150621_03/WRF/wrfout_d03_2015-06-20_18:00:00,2015-06-21_13:00:00,2015-06-21_13:30:00,-29.887378692626953,-27.00214385986328,133.53082275390625,136.85882568359375,2015-06-20_18:00:00,/mnt/L2_plus/winds_data_products/2015/DN150621_03/wrfout_d03_2015-06-20_180000.nc4,2,49,30.0,3.0,20066408,https://zenodo.org/records/20066408/files/WRF_models_DN150621_03.zip,uploaded,
DN150621_03,-28.24001011421792,135.4509557437155,2015-06-21T13:05:34,/mnt/L2_plus/events_trello/DN150621_03/WRF/wrfout_d03_2015-06-21_00:00:00,2015-06-21_13:00:00,2015-06-21_13:30:00,-29.887378692626953,-27.00214385986328,133.53082275390625,136.85882568359375,2015-06-21_00:00:00,/mnt/L2_plus/winds_data_products/2015/DN150621_03/wrfout_d03_2015-06-21_000000.nc4,2,37,30.0,3.0,20066408,https://zenodo.org/records/20066408/files/WRF_models_DN150621_03.zip,uploaded,
DN150621_03,-28.24001011421792,135.4509557437155,2015-06-21T13:05:34,/mnt/L2_plus/events_trello/DN150621_03/WRF/wrfout_d03_2015-06-21_06:00:00,2015-06-21_13:00:00,2015-06-21_13:30:00,-29.887378692626953,-27.00214385986328,133.53082275390625,136.85882568359375,2015-06-21_06:00:00,/mnt/L2_plus/winds_data_products/2015/DN150621_03/wrfout_d03_2015-06-21_060000.nc4,2,25,30.0,3.0,20066408,https://zenodo.org/records/20066408/files/WRF_models_DN150621_03.zip,uploaded,
DN150621_03,-28.24001011421792,135.4509557437155,2015-06-21T13:05:34,/mnt/L2_plus/events_trello/DN150621_03/WRF/wrfout_d03_2015-06-21_12:00:00,2015-06-21_13:00:00,2015-06-21_13:30:00,-29.887378692626953,-27.00214385986328,133.53082275390625,136.85882568359375,2015-06-21_12:00:00,/mnt/L2_plus/winds_data_products/2015/DN150621_03/wrfout_d03_2015-06-21_120000.nc4,2,7,30.0,3.0,20066408,https://zenodo.org/records/20066408/files/WRF_models_DN150621_03.zip,uploaded,
DN150704_03,-30.533557223166152,132.5663649876837,2015-07-04T09:27:07,/mnt/L2_plus/events_trello/DN150704_03/WRF/wrfout_d04_2015-07-04_00:00:00,2015-07-04_09:00:00,2015-07-04_10:00:00,-31.98043441772461,-29.53835678100586,130.85479736328125,133.7301025390625,2015-07-04_00:00:00,/mnt/L2_plus/winds_data_products/2015/DN150704_03/wrfout_d04_2015-07-04_000000.nc4,3,25,30.0,1.0,20066408,https://zenodo.org/records/20066408/files/WRF_models_DN150704_03.zip,uploaded,
DN150705_01,-31.422830287221135,124.09005479536128,2015-07-05T14:01:49,/mnt/L2_plus/events_trello/DN150705_01/WRF/wrfout_d04_2015-07-04_18:00:00,2015-07-05_14:00:00,2015-07-05_14:30:00,-33.13062286376953,-30.055837631225586,122.051513671875,125.70355224609375,2015-07-04_18:00:00,/mnt/L2_plus/winds_data_products/2015/DN150705_01/wrfout_d04_2015-07-04_180000.nc4,3,83,15.0,1.0,20066408,https://zenodo.org/records/20066408/files/WRF_models_DN150705_01.zip,uploaded,
DN150705_01,-31.422830287221135,124.09005479536128,2015-07-05T14:01:49,/mnt/L2_plus/events_trello/DN150705_01/WRF/wrfout_d04_2015-07-05_00:00:00,2015-07-05_14:00:00,2015-07-05_14:30:00,-33.13062286376953,-30.055837631225586,122.051513671875,125.70355224609375,2015-07-05_00:00:00,/mnt/L2_plus/winds_data_products/2015/DN150705_01/wrfout_d04_2015-07-05_000000.nc4,3,59,15.0,1.0,20066408,https://zenodo.org/records/20066408/files/WRF_models_DN150705_01.zip,uploaded,
DN150705_01,-31.422830287221135,124.09005479536128,2015-07-05T14:01:49,/mnt/L2_plus/events_trello/DN150705_01/WRF/wrfout_d04_2015-07-05_06:00:00,2015-07-05_14:00:00,2015-07-05_14:30:00,-33.13062286376953,-30.055837631225586,122.051513671875,125.70355224609375,2015-07-05_06:00:00,/mnt/L2_plus/winds_data_products/2015/DN150705_01/wrfout_d04_2015-07-05_060000.nc4,3,35,15.0,1.0,20066408,https://zenodo.org/records/20066408/files/WRF_models_DN150705_01.zip,uploaded,
DN150705_01,-31.422830287221135,124.09005479536128,2015-07-05T14:01:49,/mnt/L2_plus/events_trello/DN150705_01/WRF/wrfout_d04_2015-07-05_12:00:00,2015-07-05_14:00:00,2015-07-05_14:30:00,-33.13062286376953,-30.055837631225586,122.051513671875,125.70355224609375,2015-07-05_12:00:00,/mnt/L2_plus/winds_data_products/2015/DN150705_01/wrfout_d04_2015-07-05_120000.nc4,3,11,15.0,1.0,20066408,https://zenodo.org/records/20066408/files/WRF_models_DN150705_01.zip,uploaded,
DN150714_02,-32.2547311034895,138.36948046414005,2015-07-14T13:23:10,/mnt/L2_plus/events_trello/DN150714_02/WRF/wrfout_d04_2015-07-13_18:00:00,2015-07-14_13:15:00,2015-07-14_13:45:00,-33.96257019042969,-30.887256622314453,136.31112670898438,139.99859619140625,2015-07-13_18:00:00,/mnt/L2_plus/winds_data_products/2015/DN150714_02/wrfout_d04_2015-07-13_180000.nc4,3,80,15.0,1.0,20066408,https://zenodo.org/records/20066408/files/WRF_models_DN150714_02.zip,uploaded,
DN150714_02,-32.2547311034895,138.36948046414005,2015-07-14T13:23:10,/mnt/L2_plus/events_trello/DN150714_02/WRF/wrfout_d04_2015-07-14_00:00:00,2015-07-14_13:15:00,2015-07-14_13:45:00,-33.96257019042969,-30.887256622314453,136.31112670898438,139.99859619140625,2015-07-14_00:00:00,/mnt/L2_plus/winds_data_products/2015/DN150714_02/wrfout_d04_2015-07-14_000000.nc4,3,56,15.0,1.0,20066408,https://zenodo.org/records/20066408/files/WRF_models_DN150714_02.zip,uploaded,
DN150714_02,-32.2547311034895,138.36948046414005,2015-07-14T13:23:10,/mnt/L2_plus/events_trello/DN150714_02/WRF/wrfout_d04_2015-07-14_06:00:00,2015-07-14_13:15:00,2015-07-14_13:45:00,-33.96257019042969,-30.887256622314453,136.31112670898438,139.99859619140625,2015-07-14_06:00:00,/mnt/L2_plus/winds_data_products/2015/DN150714_02/wrfout_d04_2015-07-14_060000.nc4,3,32,15.0,1.0,20066408,https://zenodo.org/records/20066408/files/WRF_models_DN150714_02.zip,uploaded,
DN150714_02,-32.2547311034895,138.36948046414005,2015-07-14T13:23:10,/mnt/L2_plus/events_trello/DN150714_02/WRF/wrfout_d04_2015-07-14_12:00:00,2015-07-14_13:15:00,2015-07-14_13:45:00,-33.96257019042969,-30.887256622314453,136.31112670898438,139.99859619140625,2015-07-14_12:00:00,/mnt/L2_plus/winds_data_products/2015/DN150714_02/wrfout_d04_2015-07-14_120000.nc4,3,8,15.0,1.0,20066408,https://zenodo.org/records/20066408/files/WRF_models_DN150714_02.zip,uploaded,
DN150905_01,-30.99187463935113,124.47094406330977,2015-09-05T14:10:18,/mnt/L2_plus/events_trello/DN150905_01/WRF/wrfout_d03_2015-09-04_18:00:00,2015-09-05_14:00:00,2015-09-05_14:45:00,-32.64981460571289,-29.728851318359375,122.50079345703125,125.96588134765625,2015-09-04_18:00:00,/mnt/L2_plus/winds_data_products/2015/DN150905_01/wrfout_d03_2015-09-04_180000.nc4,4,97,15.0,3.0,20066408,https://zenodo.org/records/20066408/files/WRF_models_DN150905_01.zip,uploaded,
DN150905_01,-30.99187463935113,124.47094406330977,2015-09-05T14:10:18,/mnt/L2_plus/events_trello/DN150905_01/WRF/wrfout_d03_2015-09-05_00:00:00,2015-09-05_14:00:00,2015-09-05_14:45:00,-32.64981460571289,-29.728851318359375,122.50079345703125,125.96588134765625,2015-09-05_00:00:00,/mnt/L2_plus/winds_data_products/2015/DN150905_01/wrfout_d03_2015-09-05_000000.nc4,4,73,15.0,3.0,20066408,https://zenodo.org/records/20066408/files/WRF_models_DN150905_01.zip,uploaded,
DN150905_01,-30.99187463935113,124.47094406330977,2015-09-05T14:10:18,/mnt/L2_plus/events_trello/DN150905_01/WRF/wrfout_d03_2015-09-05_06:00:00,2015-09-05_14:00:00,2015-09-05_14:45:00,-32.64981460571289,-29.728851318359375,122.50079345703125,125.96588134765625,2015-09-05_06:00:00,/mnt/L2_plus/winds_data_products/2015/DN150905_01/wrfout_d03_2015-09-05_060000.nc4,4,49,15.0,3.0,20066408,https://zenodo.org/records/20066408/files/WRF_models_DN150905_01.zip,uploaded,
DN150905_01,-30.99187463935113,124.47094406330977,2015-09-05T14:10:18,/mnt/L2_plus/events_trello/DN150905_01/WRF/wrfout_d03_2015-09-05_12:00:00,2015-09-05_14:00:00,2015-09-05_14:45:00,-32.64981460571289,-29.728851318359375,122.50079345703125,125.96588134765625,2015-09-05_12:00:00,/mnt/L2_plus/winds_data_products/2015/DN150905_01/wrfout_d03_2015-09-05_120000.nc4,4,25,15.0,3.0,20066408,https://zenodo.org/records/20066408/files/WRF_models_DN150905_01.zip,uploaded,
DN150915_02,-31.728016348960036,132.1357337185887,2015-09-15T17:58:31,/mnt/L2_plus/events_trello/DN150915_02/WRF/wrfout_d04_2015-09-14_12:00:00,2015-09-15_17:00:00,2015-09-15_18:00:00,-33.18141555786133,-30.72740936279297,130.39321899414062,133.32015991210938,2015-09-14_12:00:00,/mnt/L2_plus/winds_data_products/2015/DN150915_02/wrfout_d04_2015-09-14_120000.nc4,2,31,60.0,1.0,20066408,https://zenodo.org/records/20066408/files/WRF_models_DN150915_02.zip,uploaded,
DN150915_02,-31.728016348960036,132.1357337185887,2015-09-15T17:58:31,/mnt/L2_plus/events_trello/DN150915_02/WRF/wrfout_d04_2015-09-14_18:00:00,2015-09-15_17:00:00,2015-09-15_18:00:00,-33.18141555786133,-30.72740936279297,130.39321899414062,133.32015991210938,2015-09-14_18:00:00,/mnt/L2_plus/winds_data_products/2015/DN150915_02/wrfout_d04_2015-09-14_180000.nc4,2,25,60.0,1.0,20066408,https://zenodo.org/records/20066408/files/WRF_models_DN150915_02.zip,uploaded,
DN150915_02,-31.728016348960036,132.1357337185887,2015-09-15T17:58:31,/mnt/L2_plus/events_trello/DN150915_02/WRF/wrfout_d04_2015-09-15_00:00:00,2015-09-15_17:00:00,2015-09-15_18:00:00,-33.18141555786133,-30.72740936279297,130.39321899414062,133.32015991210938,2015-09-15_00:00:00,/mnt/L2_plus/winds_data_products/2015/DN150915_02/wrfout_d04_2015-09-15_000000.nc4,2,19,60.0,1.0,20066408,https://zenodo.org/records/20066408/files/WRF_models_DN150915_02.zip,uploaded,
DN150915_02,-31.728016348960036,132.1357337185887,2015-09-15T17:58:31,/mnt/L2_plus/events_trello/DN150915_02/WRF/wrfout_d04_2015-09-15_06:00:00,2015-09-15_17:00:00,2015-09-15_18:00:00,-33.18141555786133,-30.72740936279297,130.39321899414062,133.32015991210938,2015-09-15_06:00:00,/mnt/L2_plus/winds_data_products/2015/DN150915_02/wrfout_d04_2015-09-15_060000.nc4,2,13,60.0,1.0,20066408,https://zenodo.org/records/20066408/files/WRF_models_DN150915_02.zip,uploaded,
DN150915_02,-31.728016348960036,132.1357337185887,2015-09-15T17:58:31,/mnt/L2_plus/events_trello/DN150915_02/WRF/wrfout_d04_2015-09-15_12:00:00,2015-09-15_17:40:00,2015-09-15_18:20:00,-33.18141555786133,-30.72740936279297,130.39321899414062,133.32015991210938,2015-09-15_12:00:00,/mnt/L2_plus/winds_data_products/2015/DN150915_02/wrfout_d04_2015-09-15_120000.nc4,3,22,20.0,1.0,20066408,https://zenodo.org/records/20066408/files/WRF_models_DN150915_02.zip,uploaded,
DN150915_02,-31.728016348960036,132.1357337185887,2015-09-15T17:58:31,/mnt/L2_plus/events_trello/DN150915_02/WRF/wrfout_d04_2015-09-15_18:00:00,2015-09-15_18:00:00,2015-09-15_18:20:00,-33.18141555786133,-30.72740936279297,130.39321899414062,133.32015991210938,2015-09-15_18:00:00,/mnt/L2_plus/winds_data_products/2015/DN150915_02/wrfout_d04_2015-09-15_180000.nc4,2,4,20.0,1.0,20066408,https://zenodo.org/records/20066408/files/WRF_models_DN150915_02.zip,uploaded,
DN151010_02,-29.716016208334278,136.68583081850423,2015-10-10T12:52:08,/mnt/L2_plus/events_trello/DN151010_02/WRF/wrfout_d04_2015-10-09_12:00:00,2015-10-10_12:00:00,2015-10-10_13:00:00,-31.135581970214844,-28.702388763427734,134.9791259765625,137.819091796875,2015-10-09_12:00:00,/mnt/L2_plus/winds_data_products/2015/DN151010_02/wrfout_d04_2015-10-09_120000.nc4,2,31,60.0,1.0,20066408,https://zenodo.org/records/20066408/files/WRF_models_DN151010_02.zip,uploaded,
DN151010_02,-29.716016208334278,136.68583081850423,2015-10-10T12:52:08,/mnt/L2_plus/events_trello/DN151010_02/WRF/wrfout_d04_2015-10-10_00:00:00,2015-10-10_12:00:00,2015-10-10_13:00:00,-31.135581970214844,-28.702388763427734,134.9791259765625,137.819091796875,2015-10-10_00:00:00,/mnt/L2_plus/winds_data_products/2015/DN151010_02/wrfout_d04_2015-10-10_000000.nc4,2,25,60.0,1.0,20066408,https://zenodo.org/records/20066408/files/WRF_models_DN151010_02.zip,uploaded,
DN151010_02,-29.716016208334278,136.68583081850423,2015-10-10T12:52:08,/mnt/L2_plus/events_trello/DN151010_02/WRF/wrfout_d04_2015-10-10_12:00:00,2015-10-10_12:00:00,2015-10-10_13:00:00,-31.135581970214844,-28.702388763427734,134.9791259765625,137.819091796875,2015-10-10_12:00:00,/mnt/L2_plus/winds_data_products/2015/DN151010_02/wrfout_d04_2015-10-10_120000.nc4,2,7,60.0,1.0,20066408,https://zenodo.org/records/20066408/files/WRF_models_DN151010_02.zip,uploaded,
DN151021_01,-27.84578785322288,134.07934206137588,2015-10-21T18:57:09,/mnt/L2_plus/events_trello/DN151021_01/WRF/wrfout_d04_2015-10-21_00:00:00,2015-10-21_18:30:00,2015-10-21_19:30:00,-29.270668029785156,-26.858551025390625,132.4219970703125,135.18646240234375,2015-10-21_00:00:00,/mnt/L2_plus/winds_data_products/2015/DN151021_01/wrfout_d04_2015-10-21_000000.nc4,3,49,30.0,1.0,20066408,https://zenodo.org/records/20066408/files/WRF_models_DN151021_01.zip,uploaded,
DN151203_01,-29.16644169090491,138.46558652554674,2015-12-03T13:57:31,/mnt/L2_plus/events_trello/DN151203_01/WRF/wrfout_d04_2015-12-02_18:00:00,2015-12-03_13:45:00,2015-12-03_14:30:00,-30.874258041381836,-27.8007755279541,136.4765625,140.0399169921875,2015-12-02_18:00:00,/mnt/L2_plus/winds_data_products/2015/DN151203_01/wrfout_d04_2015-12-02_180000.nc4,4,83,15.0,1.0,20066408,https://zenodo.org/records/20066408/files/WRF_models_DN151203_01.zip,uploaded,
DN151203_01,-29.16644169090491,138.46558652554674,2015-12-03T13:57:31,/mnt/L2_plus/events_trello/DN151203_01/WRF/wrfout_d04_2015-12-03_00:00:00,2015-12-03_13:45:00,2015-12-03_14:30:00,-30.874258041381836,-27.8007755279541,136.4765625,140.0399169921875,2015-12-03_00:00:00,/mnt/L2_plus/winds_data_products/2015/DN151203_01/wrfout_d04_2015-12-03_000000.nc4,4,59,15.0,1.0,20066408,https://zenodo.org/records/20066408/files/WRF_models_DN151203_01.zip,uploaded,
DN151203_01,-29.16644169090491,138.46558652554674,2015-12-03T13:57:31,/mnt/L2_plus/events_trello/DN151203_01/WRF/wrfout_d04_2015-12-03_06:00:00,2015-12-03_13:45:00,2015-12-03_14:30:00,-30.874258041381836,-27.8007755279541,136.4765625,140.0399169921875,2015-12-03_06:00:00,/mnt/L2_plus/winds_data_products/2015/DN151203_01/wrfout_d04_2015-12-03_060000.nc4,4,35,15.0,1.0,20066408,https://zenodo.org/records/20066408/files/WRF_models_DN151203_01.zip,uploaded,
DN151203_01,-29.16644169090491,138.46558652554674,2015-12-03T13:57:31,/mnt/L2_plus/events_trello/DN151203_01/WRF/wrfout_d04_2015-12-03_12:00:00,2015-12-03_13:45:00,2015-12-03_14:30:00,-30.874258041381836,-27.8007755279541,136.4765625,140.0399169921875,2015-12-03_12:00:00,/mnt/L2_plus/winds_data_products/2015/DN151203_01/wrfout_d04_2015-12-03_120000.nc4,4,11,15.0,1.0,20066408,https://zenodo.org/records/20066408/files/WRF_models_DN151203_01.zip,uploaded,
DN160410_03,-28.912532951972217,135.39410557333045,2016-04-10T13:09:02,/mnt/L2_plus/events_trello/DN160410_03/WRF/wrfout_d03_2016-04-09_00:00:00,2016-04-10_13:00:00,2016-04-10_13:40:12,-30.548431396484375,-27.654178619384766,133.47238159179688,136.83233642578125,2016-04-09_00:00:00,/mnt/L2_plus/winds_data_products/2016/DN160410_03/wrfout_d03_2016-04-09_000000.nc4,5,253,10.2,3.0,19993887,https://zenodo.org/records/19993887/files/WRF_models_DN160410_03.zip,uploaded,
DN160410_03,-28.912532951972217,135.39410557333045,2016-04-10T13:09:02,/mnt/L2_plus/events_trello/DN160410_03/WRF/wrfout_d03_2016-04-09_06:00:00,2016-04-10_13:00:00,2016-04-10_13:40:12,-30.548431396484375,-27.654178619384766,133.47238159179688,136.83233642578125,2016-04-09_06:00:00,/mnt/L2_plus/winds_data_products/2016/DN160410_03/wrfout_d03_2016-04-09_060000.nc4,5,217,10.2,3.0,19993887,https://zenodo.org/records/19993887/files/WRF_models_DN160410_03.zip,uploaded,
DN160410_03,-28.912532951972217,135.39410557333045,2016-04-10T13:09:02,/mnt/L2_plus/events_trello/DN160410_03/WRF/wrfout_d03_2016-04-09_12:00:00,2016-04-10_13:00:00,2016-04-10_13:40:12,-30.548431396484375,-27.654178619384766,133.47238159179688,136.83233642578125,2016-04-09_12:00:00,/mnt/L2_plus/winds_data_products/2016/DN160410_03/wrfout_d03_2016-04-09_120000.nc4,5,181,10.2,3.0,19993887,https://zenodo.org/records/19993887/files/WRF_models_DN160410_03.zip,uploaded,
DN160410_03,-28.912532951972217,135.39410557333045,2016-04-10T13:09:02,/mnt/L2_plus/events_trello/DN160410_03/WRF/wrfout_d03_2016-04-09_18:00:00,2016-04-10_13:00:00,2016-04-10_13:40:12,-30.548431396484375,-27.654178619384766,133.47238159179688,136.83233642578125,2016-04-09_18:00:00,/mnt/L2_plus/winds_data_products/2016/DN160410_03/wrfout_d03_2016-04-09_180000.nc4,5,145,10.2,3.0,19993887,https://zenodo.org/records/19993887/files/WRF_models_DN160410_03.zip,uploaded,
DN160410_03,-28.912532951972217,135.39410557333045,2016-04-10T13:09:02,/mnt/L2_plus/events_trello/DN160410_03/WRF/wrfout_d03_2016-04-10_00:00:00,2016-04-10_13:00:00,2016-04-10_13:40:12,-30.548431396484375,-27.654178619384766,133.47238159179688,136.83233642578125,2016-04-10_00:00:00,/mnt/L2_plus/winds_data_products/2016/DN160410_03/wrfout_d03_2016-04-10_000000.nc4,5,109,10.2,3.0,19993887,https://zenodo.org/records/19993887/files/WRF_models_DN160410_03.zip,uploaded,
DN160410_03,-28.912532951972217,135.39410557333045,2016-04-10T13:09:02,/mnt/L2_plus/events_trello/DN160410_03/WRF/wrfout_d03_2016-04-10_06:00:00,2016-04-10_13:00:00,2016-04-10_13:40:12,-30.548431396484375,-27.654178619384766,133.47238159179688,136.83233642578125,2016-04-10_06:00:00,/mnt/L2_plus/winds_data_products/2016/DN160410_03/wrfout_d03_2016-04-10_060000.nc4,5,73,10.2,3.0,19993887,https://zenodo.org/records/19993887/files/WRF_models_DN160410_03.zip,uploaded,
DN160410_03,-28.912532951972217,135.39410557333045,2016-04-10T13:09:02,/mnt/L2_plus/events_trello/DN160410_03/WRF/wrfout_d03_2016-04-10_12:00:00,2016-04-10_13:00:00,2016-04-10_13:40:12,-30.548431396484375,-27.654178619384766,133.47238159179688,136.83233642578125,2016-04-10_12:00:00,/mnt/L2_plus/winds_data_products/2016/DN160410_03/wrfout_d03_2016-04-10_120000.nc4,5,37,10.2,3.0,19993887,https://zenodo.org/records/19993887/files/WRF_models_DN160410_03.zip,uploaded,
DN160516_01,-31.413680920908842,134.49809953734524,2016-05-16T14:39:31,/mnt/L2_plus/events_trello/DN160516_01/WRF/wrfout_d04_2016-05-16_00:00:00,2016-05-16_14:20:00,2016-05-16_15:00:00,-32.8648796081543,-30.413925170898438,132.76492309570312,135.6781005859375,2016-05-16_00:00:00,/mnt/L2_plus/winds_data_products/2016/DN160516_01/wrfout_d04_2016-05-16_000000.nc4,3,46,20.0,1.0,19993887,https://zenodo.org/records/19993887/files/WRF_models_DN160516_01.zip,uploaded,
DN160516_01,-31.413680920908842,134.49809953734524,2016-05-16T14:39:31,/mnt/L2_plus/events_trello/DN160516_01/WRF/wrfout_d04_2016-05-16_06:00:00,2016-05-16_14:20:00,2016-05-16_15:00:00,-32.8648796081543,-30.413925170898438,132.76492309570312,135.6781005859375,2016-05-16_06:00:00,/mnt/L2_plus/winds_data_products/2016/DN160516_01/wrfout_d04_2016-05-16_060000.nc4,3,28,20.0,1.0,19993887,https://zenodo.org/records/19993887/files/WRF_models_DN160516_01.zip,uploaded,
DN160516_01,-31.413680920908842,134.49809953734524,2016-05-16T14:39:31,/mnt/L2_plus/events_trello/DN160516_01/WRF/wrfout_d04_2016-05-16_12:00:00,2016-05-16_14:20:00,2016-05-16_15:00:00,-32.8648796081543,-30.413925170898438,132.76492309570312,135.6781005859375,2016-05-16_12:00:00,/mnt/L2_plus/winds_data_products/2016/DN160516_01/wrfout_d04_2016-05-16_120000.nc4,3,19,20.0,1.0,19993887,https://zenodo.org/records/19993887/files/WRF_models_DN160516_01.zip,uploaded,
DN160623_01,-32.642741617656576,136.53747753078014,2016-06-23T15:37:16,/mnt/L2_plus/events_trello/DN160623_01/WRF/wrfout_d04_2016-06-23_00:00:00,2016-06-23_15:20:00,2016-06-23_16:00:00,-34.10091018676758,-31.63834571838379,134.77239990234375,137.739990234375,2016-06-23_00:00:00,/mnt/L2_plus/winds_data_products/2016/DN160623_01/wrfout_d04_2016-06-23_000000.nc4,3,49,20.0,1.0,19993887,https://zenodo.org/records/19993887/files/WRF_models_DN160623_01.zip,uploaded,
DN160623_01,-32.642741617656576,136.53747753078014,2016-06-23T15:37:16,/mnt/L2_plus/events_trello/DN160623_01/WRF/wrfout_d04_2016-06-23_06:00:00,2016-06-23_15:20:00,2016-06-23_16:00:00,-34.10091018676758,-31.63834571838379,134.77239990234375,137.739990234375,2016-06-23_06:00:00,/mnt/L2_plus/winds_data_products/2016/DN160623_01/wrfout_d04_2016-06-23_060000.nc4,3,31,20.0,1.0,19993887,https://zenodo.org/records/19993887/files/WRF_models_DN160623_01.zip,uploaded,
DN160623_01,-32.642741617656576,136.53747753078014,2016-06-23T15:37:16,/mnt/L2_plus/events_trello/DN160623_01/WRF/wrfout_d04_2016-06-23_12:00:00,2016-06-23_15:20:00,2016-06-23_16:00:00,-34.10091018676758,-31.63834571838379,134.77239990234375,137.739990234375,2016-06-23_12:00:00,/mnt/L2_plus/winds_data_products/2016/DN160623_01/wrfout_d04_2016-06-23_120000.nc4,3,13,20.0,1.0,19993887,https://zenodo.org/records/19993887/files/WRF_models_DN160623_01.zip,uploaded,
DN160705_01,-29.881020636113437,135.3994494022454,2016-07-05T19:31:31,/mnt/L2_plus/events_trello/DN160705_01/WRF/wrfout_d04_2016-07-05_00:00:00,2016-07-05_19:30:00,2016-07-05_20:00:00,-31.58884620666504,-28.51496124267578,133.39529418945312,136.98565673828125,2016-07-05_00:00:00,/mnt/L2_plus/winds_data_products/2016/DN160705_01/wrfout_d04_2016-07-05_000000.nc4,3,81,15.0,1.0,19993887,https://zenodo.org/records/19993887/files/WRF_models_DN160705_01.zip,uploaded,
DN160705_01,-29.881020636113437,135.3994494022454,2016-07-05T19:31:31,/mnt/L2_plus/events_trello/DN160705_01/WRF/wrfout_d04_2016-07-05_06:00:00,2016-07-05_19:30:00,2016-07-05_20:00:00,-31.58884620666504,-28.51496124267578,133.39529418945312,136.98565673828125,2016-07-05_06:00:00,/mnt/L2_plus/winds_data_products/2016/DN160705_01/wrfout_d04_2016-07-05_060000.nc4,3,57,15.0,1.0,19993887,https://zenodo.org/records/19993887/files/WRF_models_DN160705_01.zip,uploaded,
DN160705_01,-29.881020636113437,135.3994494022454,2016-07-05T19:31:31,/mnt/L2_plus/events_trello/DN160705_01/WRF/wrfout_d04_2016-07-05_12:00:00,2016-07-05_19:30:00,2016-07-05_20:00:00,-31.58884620666504,-28.51496124267578,133.39529418945312,136.98565673828125,2016-07-05_12:00:00,/mnt/L2_plus/winds_data_products/2016/DN160705_01/wrfout_d04_2016-07-05_120000.nc4,3,33,15.0,1.0,19993887,https://zenodo.org/records/19993887/files/WRF_models_DN160705_01.zip,uploaded,
DN160705_01,-29.881020636113437,135.3994494022454,2016-07-05T19:31:31,/mnt/L2_plus/events_trello/DN160705_01/WRF/wrfout_d04_2016-07-05_18:00:00,2016-07-05_19:30:00,2016-07-05_20:00:00,-31.58884620666504,-28.51496124267578,133.39529418945312,136.98565673828125,2016-07-05_18:00:00,/mnt/L2_plus/winds_data_products/2016/DN160705_01/wrfout_d04_2016-07-05_180000.nc4,3,9,15.0,1.0,19993887,https://zenodo.org/records/19993887/files/WRF_models_DN160705_01.zip,uploaded,
DN160802_03,-29.890055101726187,138.24255822975132,2016-08-02T13:24:51,/mnt/L2_plus/events_trello/DN160802_03/WRF/wrfout_d03_2016-08-01_18:00:00,2016-08-02_13:00:00,2016-08-02_14:00:00,-31.538646697998047,-28.631423950195312,136.29718017578125,139.70599365234375,2016-08-01_18:00:00,/mnt/L2_plus/winds_data_products/2016/DN160802_03/wrfout_d03_2016-08-01_180000.nc4,3,49,30.0,3.0,19993887,https://zenodo.org/records/19993887/files/WRF_models_DN160802_03.zip,uploaded,
DN160802_03,-29.890055101726187,138.24255822975132,2016-08-02T13:24:51,/mnt/L2_plus/events_trello/DN160802_03/WRF/wrfout_d03_2016-08-02_06:00:00,2016-08-02_13:00:00,2016-08-02_14:00:00,-31.538646697998047,-28.631423950195312,136.29718017578125,139.70599365234375,2016-08-02_06:00:00,/mnt/L2_plus/winds_data_products/2016/DN160802_03/wrfout_d03_2016-08-02_060000.nc4,3,25,30.0,3.0,19993887,https://zenodo.org/records/19993887/files/WRF_models_DN160802_03.zip,uploaded,
DN160802_03,-29.890055101726187,138.24255822975132,2016-08-02T13:24:51,/mnt/L2_plus/events_trello/DN160802_03/WRF/wrfout_d03_2016-08-02_12:00:00,2016-08-02_13:00:00,2016-08-02_14:00:00,-31.538646697998047,-28.631423950195312,136.29718017578125,139.70599365234375,2016-08-02_12:00:00,/mnt/L2_plus/winds_data_products/2016/DN160802_03/wrfout_d03_2016-08-02_120000.nc4,3,13,30.0,3.0,19993887,https://zenodo.org/records/19993887/files/WRF_models_DN160802_03.zip,uploaded,
DN160802_03,-29.890055101726187,138.24255822975132,2016-08-02T13:24:51,/mnt/L2_plus/events_trello/DN160802_03/WRF/wrfout_d04_2016-08-01_12:00:00,2016-08-02_13:00:00,2016-08-02_14:00:00,-31.330543518066406,-28.895267486572266,136.5465087890625,139.39453125,2016-08-01_12:00:00,/mnt/L2_plus/winds_data_products/2016/DN160802_03/wrfout_d04_2016-08-01_120000.nc4,3,61,30.0,1.0,19993887,https://zenodo.org/records/19993887/files/WRF_models_DN160802_03.zip,uploaded,
DN160802_03,-29.890055101726187,138.24255822975132,2016-08-02T13:24:51,/mnt/L2_plus/events_trello/DN160802_03/WRF/wrfout_d04_2016-08-02_00:00:00,2016-08-02_13:00:00,2016-08-02_14:00:00,-31.330543518066406,-28.895267486572266,136.5465087890625,139.39453125,2016-08-02_00:00:00,/mnt/L2_plus/winds_data_products/2016/DN160802_03/wrfout_d04_2016-08-02_000000.nc4,3,37,30.0,1.0,19993887,https://zenodo.org/records/19993887/files/WRF_models_DN160802_03.zip,uploaded,
DN160809_01,-30.176587042905684,130.6880658247343,2016-08-09T18:49:39,/mnt/L2_plus/events_trello/DN160809_01/WRF/wrfout_d03_2016-08-09_00:00:00,2016-08-09_18:40:12,2016-08-09_19:20:06,-31.828243255615234,-28.917369842529297,128.7396240234375,132.16290283203125,2016-08-09_00:00:00,/mnt/L2_plus/winds_data_products/2016/DN160809_01/wrfout_d03_2016-08-09_000000.nc4,5,145,10.2,3.0,19993887,https://zenodo.org/records/19993887/files/WRF_models_DN160809_01.zip,uploaded,
DN160809_01,-30.176587042905684,130.6880658247343,2016-08-09T18:49:39,/mnt/L2_plus/events_trello/DN160809_01/WRF/wrfout_d03_2016-08-09_06:00:00,2016-08-09_18:40:12,2016-08-09_19:20:06,-31.828243255615234,-28.917369842529297,128.7396240234375,132.16290283203125,2016-08-09_06:00:00,/mnt/L2_plus/winds_data_products/2016/DN160809_01/wrfout_d03_2016-08-09_060000.nc4,5,109,10.2,3.0,19993887,https://zenodo.org/records/19993887/files/WRF_models_DN160809_01.zip,uploaded,
DN160809_01,-30.176587042905684,130.6880658247343,2016-08-09T18:49:39,/mnt/L2_plus/events_trello/DN160809_01/WRF/wrfout_d03_2016-08-09_12:00:00,2016-08-09_18:40:12,2016-08-09_19:20:06,-31.828243255615234,-28.917369842529297,128.7396240234375,132.16290283203125,2016-08-09_12:00:00,/mnt/L2_plus/winds_data_products/2016/DN160809_01/wrfout_d03_2016-08-09_120000.nc4,5,73,10.2,3.0,19993887,https://zenodo.org/records/19993887/files/WRF_models_DN160809_01.zip,uploaded,
DN160809_01,-30.176587042905684,130.6880658247343,2016-08-09T18:49:39,/mnt/L2_plus/events_trello/DN160809_01/WRF/wrfout_d03_2016-08-09_18:00:00,2016-08-09_18:40:12,2016-08-09_19:20:06,-31.828243255615234,-28.917369842529297,128.7396240234375,132.16290283203125,2016-08-09_18:00:00,/mnt/L2_plus/winds_data_products/2016/DN160809_01/wrfout_d03_2016-08-09_180000.nc4,5,16,10.2,3.0,19993887,https://zenodo.org/records/19993887/files/WRF_models_DN160809_01.zip,uploaded,
DN160809_01,-30.176587042905684,130.6880658247343,2016-08-09T18:49:39,/mnt/L2_plus/events_trello/DN160809_01/WRF/wrfout_d04_2016-08-09_18:00:00,2016-08-09_18:40:00,2016-08-09_19:00:00,-31.621139526367188,-29.182790756225586,128.98681640625,131.84698486328125,2016-08-09_18:00:00,/mnt/L2_plus/winds_data_products/2016/DN160809_01/wrfout_d04_2016-08-09_180000.nc4,3,7,10.0,1.0,19993887,https://zenodo.org/records/19993887/files/WRF_models_DN160809_01.zip,uploaded,
DN160814_06,-26.566097017976357,135.60855243798574,2016-08-14T15:42:01,/mnt/L2_plus/events_trello/DN160814_06/WRF/wrfout_d04_2016-08-13_18:00:00,2016-08-14_15:30:00,2016-08-14_16:15:00,-28.273910522460938,-25.201902389526367,133.6700439453125,137.142822265625,2016-08-13_18:00:00,/mnt/L2_plus/winds_data_products/2016/DN160814_06/wrfout_d04_2016-08-13_180000.nc4,4,90,15.0,1.0,19993887,https://zenodo.org/records/19993887/files/WRF_models_DN160814_06.zip,uploaded,
DN160814_06,-26.566097017976357,135.60855243798574,2016-08-14T15:42:01,/mnt/L2_plus/events_trello/DN160814_06/WRF/wrfout_d04_2016-08-14_00:00:00,2016-08-14_15:30:00,2016-08-14_16:15:00,-28.273910522460938,-25.201902389526367,133.6700439453125,137.142822265625,2016-08-14_00:00:00,/mnt/L2_plus/winds_data_products/2016/DN160814_06/wrfout_d04_2016-08-14_000000.nc4,4,66,15.0,1.0,19993887,https://zenodo.org/records/19993887/files/WRF_models_DN160814_06.zip,uploaded,
DN160814_06,-26.566097017976357,135.60855243798574,2016-08-14T15:42:01,/mnt/L2_plus/events_trello/DN160814_06/WRF/wrfout_d04_2016-08-14_06:00:00,2016-08-14_15:30:00,2016-08-14_16:15:00,-28.273910522460938,-25.201902389526367,133.6700439453125,137.142822265625,2016-08-14_06:00:00,/mnt/L2_plus/winds_data_products/2016/DN160814_06/wrfout_d04_2016-08-14_060000.nc4,4,42,15.0,1.0,19993887,https://zenodo.org/records/19993887/files/WRF_models_DN160814_06.zip,uploaded,
DN160814_06,-26.566097017976357,135.60855243798574,2016-08-14T15:42:01,/mnt/L2_plus/events_trello/DN160814_06/WRF/wrfout_d04_2016-08-14_12:00:00,2016-08-14_15:30:00,2016-08-14_16:15:00,-28.273910522460938,-25.201902389526367,133.6700439453125,137.142822265625,2016-08-14_12:00:00,/mnt/L2_plus/winds_data_products/2016/DN160814_06/wrfout_d04_2016-08-14_120000.nc4,4,18,15.0,1.0,19993887,https://zenodo.org/records/19993887/files/WRF_models_DN160814_06.zip,uploaded,
DN160816_02,-28.980411098837887,131.55676319356226,2016-08-16T12:41:02,/mnt/L2_plus/events_trello/DN160816_02/WRF/wrfout_d04_2016-08-15_18:00:00,2016-08-16_12:40:00,2016-08-16_13:20:00,-30.422393798828125,-27.997020721435547,129.871826171875,132.6824951171875,2016-08-15_18:00:00,/mnt/L2_plus/winds_data_products/2016/DN160816_02/wrfout_d04_2016-08-15_180000.nc4,5,145,10.0,1.0,19993887,https://zenodo.org/records/19993887/files/WRF_models_DN160816_02.zip,uploaded,
DN160816_02,-28.980411098837887,131.55676319356226,2016-08-16T12:41:02,/mnt/L2_plus/events_trello/DN160816_02/WRF/wrfout_d04_2016-08-16_00:00:00,2016-08-16_12:40:00,2016-08-16_13:20:00,-30.422393798828125,-27.997020721435547,129.871826171875,132.6824951171875,2016-08-16_00:00:00,/mnt/L2_plus/winds_data_products/2016/DN160816_02/wrfout_d04_2016-08-16_000000.nc4,5,109,10.0,1.0,19993887,https://zenodo.org/records/19993887/files/WRF_models_DN160816_02.zip,uploaded,
DN160816_02,-28.980411098837887,131.55676319356226,2016-08-16T12:41:02,/mnt/L2_plus/events_trello/DN160816_02/WRF/wrfout_d04_2016-08-16_06:00:00,2016-08-16_12:40:00,2016-08-16_13:20:00,-30.422393798828125,-27.997020721435547,129.871826171875,132.6824951171875,2016-08-16_06:00:00,/mnt/L2_plus/winds_data_products/2016/DN160816_02/wrfout_d04_2016-08-16_060000.nc4,5,73,10.0,1.0,19993887,https://zenodo.org/records/19993887/files/WRF_models_DN160816_02.zip,uploaded,
DN160816_02,-28.980411098837887,131.55676319356226,2016-08-16T12:41:02,/mnt/L2_plus/events_trello/DN160816_02/WRF/wrfout_d04_2016-08-16_12:00:00,2016-08-16_12:40:00,2016-08-16_13:20:00,-30.422393798828125,-27.997020721435547,129.871826171875,132.6824951171875,2016-08-16_12:00:00,/mnt/L2_plus/winds_data_products/2016/DN160816_02/wrfout_d04_2016-08-16_120000.nc4,5,37,10.0,1.0,19993887,https://zenodo.org/records/19993887/files/WRF_models_DN160816_02.zip,uploaded,
DN160822_03,-30.5396032912454,140.3602029399348,2016-08-22T12:17:10,/mnt/L2_plus/events_trello/DN160822_03/WRF/wrfout_d04_2016-08-21_18:00:00,2016-08-22_12:15:00,2016-08-22_12:45:00,-32.24738693237305,-29.173152923583984,138.3416748046875,141.957763671875,2016-08-21_18:00:00,/mnt/L2_plus/winds_data_products/2016/DN160822_03/wrfout_d04_2016-08-21_180000.nc4,3,76,15.0,1.0,19993887,https://zenodo.org/records/19993887/files/WRF_models_DN160822_03.zip,uploaded,
DN160822_03,-30.5396032912454,140.3602029399348,2016-08-22T12:17:10,/mnt/L2_plus/events_trello/DN160822_03/WRF/wrfout_d04_2016-08-22_00:00:00,2016-08-22_12:15:00,2016-08-22_12:45:00,-32.24738693237305,-29.173152923583984,138.3416748046875,141.957763671875,2016-08-22_00:00:00,/mnt/L2_plus/winds_data_products/2016/DN160822_03/wrfout_d04_2016-08-22_000000.nc4,3,52,15.0,1.0,19993887,https://zenodo.org/records/19993887/files/WRF_models_DN160822_03.zip,uploaded,
DN160822_03,-30.5396032912454,140.3602029399348,2016-08-22T12:17:10,/mnt/L2_plus/events_trello/DN160822_03/WRF/wrfout_d04_2016-08-22_06:00:00,2016-08-22_12:15:00,2016-08-22_12:45:00,-32.24738693237305,-29.173152923583984,138.3416748046875,141.957763671875,2016-08-22_06:00:00,/mnt/L2_plus/winds_data_products/2016/DN160822_03/wrfout_d04_2016-08-22_060000.nc4,3,28,15.0,1.0,19993887,https://zenodo.org/records/19993887/files/WRF_models_DN160822_03.zip,uploaded,
DN160822_03,-30.5396032912454,140.3602029399348,2016-08-22T12:17:10,/mnt/L2_plus/events_trello/DN160822_03/WRF/wrfout_d04_2016-08-22_12:00:00,2016-08-22_12:15:00,2016-08-22_12:45:00,-32.24738693237305,-29.173152923583984,138.3416748046875,141.957763671875,2016-08-22_12:00:00,/mnt/L2_plus/winds_data_products/2016/DN160822_03/wrfout_d04_2016-08-22_120000.nc4,3,4,15.0,1.0,19993887,https://zenodo.org/records/19993887/files/WRF_models_DN160822_03.zip,uploaded,
DN160919_02,-32.27813492591212,143.48373764425344,2016-09-19T10:18:16,/mnt/L2_plus/events_trello/DN160919_02/WRF/wrfout_d04_2016-09-18_12:00:00,2016-09-19_10:00:00,2016-09-19_10:40:00,-33.735076904296875,-31.275859832763672,141.72885131835938,144.68014526367188,2016-09-18_12:00:00,/mnt/L2_plus/winds_data_products/2016/DN160919_02/wrfout_d04_2016-09-18_120000.nc4,3,73,20.0,1.0,19993887,https://zenodo.org/records/19993887/files/WRF_models_DN160919_02.zip,uploaded,
DN160919_02,-32.27813492591212,143.48373764425344,2016-09-19T10:18:16,/mnt/L2_plus/events_trello/DN160919_02/WRF/wrfout_d04_2016-09-18_18:00:00,2016-09-19_10:00:00,2016-09-19_10:40:00,-33.735076904296875,-31.275859832763672,141.72885131835938,144.68014526367188,2016-09-18_18:00:00,/mnt/L2_plus/winds_data_products/2016/DN160919_02/wrfout_d04_2016-09-18_180000.nc4,3,55,20.0,1.0,19993887,https://zenodo.org/records/19993887/files/WRF_models_DN160919_02.zip,uploaded,
DN160919_02,-32.27813492591212,143.48373764425344,2016-09-19T10:18:16,/mnt/L2_plus/events_trello/DN160919_02/WRF/wrfout_d04_2016-09-19_00:00:00,2016-09-19_10:00:00,2016-09-19_10:40:00,-33.735076904296875,-31.275859832763672,141.72885131835938,144.68014526367188,2016-09-19_00:00:00,/mnt/L2_plus/winds_data_products/2016/DN160919_02/wrfout_d04_2016-09-19_000000.nc4,3,37,20.0,1.0,19993887,https://zenodo.org/records/19993887/files/WRF_models_DN160919_02.zip,uploaded,
DN160919_02,-32.27813492591212,143.48373764425344,2016-09-19T10:18:16,/mnt/L2_plus/events_trello/DN160919_02/WRF/wrfout_d04_2016-09-19_06:00:00,2016-09-19_10:00:00,2016-09-19_10:40:00,-33.735076904296875,-31.275859832763672,141.72885131835938,144.68014526367188,2016-09-19_06:00:00,/mnt/L2_plus/winds_data_products/2016/DN160919_02/wrfout_d04_2016-09-19_060000.nc4,3,19,20.0,1.0,19993887,https://zenodo.org/records/19993887/files/WRF_models_DN160919_02.zip,uploaded,
DN160920_01,-30.264188522080534,134.1516097727516,2016-09-20T13:46:36,/mnt/L2_plus/events_trello/DN160920_01/WRF/wrfout_d04_2016-09-19_18:00:00,2016-09-20_13:45:00,2016-09-20_14:15:00,-31.971986770629883,-28.89787483215332,132.13909912109375,135.74441528320312,2016-09-19_18:00:00,/mnt/L2_plus/winds_data_products/2016/DN160920_01/wrfout_d04_2016-09-19_180000.nc4,3,82,15.0,1.0,19993887,https://zenodo.org/records/19993887/files/WRF_models_DN160920_01.zip,uploaded,
DN160920_01,-30.264188522080534,134.1516097727516,2016-09-20T13:46:36,/mnt/L2_plus/events_trello/DN160920_01/WRF/wrfout_d04_2016-09-20_00:00:00,2016-09-20_13:45:00,2016-09-20_14:15:00,-31.971986770629883,-28.89787483215332,132.13909912109375,135.74441528320312,2016-09-20_00:00:00,/mnt/L2_plus/winds_data_products/2016/DN160920_01/wrfout_d04_2016-09-20_000000.nc4,3,58,15.0,1.0,19993887,https://zenodo.org/records/19993887/files/WRF_models_DN160920_01.zip,uploaded,
DN160920_01,-30.264188522080534,134.1516097727516,2016-09-20T13:46:36,/mnt/L2_plus/events_trello/DN160920_01/WRF/wrfout_d04_2016-09-20_06:00:00,2016-09-20_13:45:00,2016-09-20_14:15:00,-31.971986770629883,-28.89787483215332,132.13909912109375,135.74441528320312,2016-09-20_06:00:00,/mnt/L2_plus/winds_data_products/2016/DN160920_01/wrfout_d04_2016-09-20_060000.nc4,3,34,15.0,1.0,19993887,https://zenodo.org/records/19993887/files/WRF_models_DN160920_01.zip,uploaded,
DN160920_01,-30.264188522080534,134.1516097727516,2016-09-20T13:46:36,/mnt/L2_plus/events_trello/DN160920_01/WRF/wrfout_d04_2016-09-20_12:00:00,2016-09-20_13:45:00,2016-09-20_14:15:00,-31.971986770629883,-28.89787483215332,132.13909912109375,135.74441528320312,2016-09-20_12:00:00,/mnt/L2_plus/winds_data_products/2016/DN160920_01/wrfout_d04_2016-09-20_120000.nc4,3,10,15.0,1.0,19993887,https://zenodo.org/records/19993887/files/WRF_models_DN160920_01.zip,uploaded,
DN161030_04,-34.39918910711346,120.38474033131719,2016-10-30T14:47:07,/mnt/L2_plus/events_trello/DN161030_04/WRF/wrfout_d04_2016-10-29_18:00:00,2016-10-30_14:45:00,2016-10-30_15:15:00,-36.10700988769531,-33.030372619628906,118.271728515625,122.05715942382812,2016-10-29_18:00:00,/mnt/L2_plus/winds_data_products/2016/DN161030_04/wrfout_d04_2016-10-29_180000.nc4,3,86,15.0,1.0,19993887,https://zenodo.org/records/19993887/files/WRF_models_DN161030_04.zip,uploaded,
DN161030_04,-34.39918910711346,120.38474033131719,2016-10-30T14:47:07,/mnt/L2_plus/events_trello/DN161030_04/WRF/wrfout_d04_2016-10-30_00:00:00,2016-10-30_14:45:00,2016-10-30_15:15:00,-36.10700988769531,-33.030372619628906,118.271728515625,122.05715942382812,2016-10-30_00:00:00,/mnt/L2_plus/winds_data_products/2016/DN161030_04/wrfout_d04_2016-10-30_000000.nc4,3,62,15.0,1.0,19993887,https://zenodo.org/records/19993887/files/WRF_models_DN161030_04.zip,uploaded,
DN161030_04,-34.39918910711346,120.38474033131719,2016-10-30T14:47:07,/mnt/L2_plus/events_trello/DN161030_04/WRF/wrfout_d04_2016-10-30_06:00:00,2016-10-30_14:45:00,2016-10-30_15:15:00,-36.10700988769531,-33.030372619628906,118.271728515625,122.05715942382812,2016-10-30_06:00:00,/mnt/L2_plus/winds_data_products/2016/DN161030_04/wrfout_d04_2016-10-30_060000.nc4,3,38,15.0,1.0,19993887,https://zenodo.org/records/19993887/files/WRF_models_DN161030_04.zip,uploaded,
DN161030_04,-34.39918910711346,120.38474033131719,2016-10-30T14:47:07,/mnt/L2_plus/events_trello/DN161030_04/WRF/wrfout_d04_2016-10-30_12:00:00,2016-10-30_14:45:00,2016-10-30_15:15:00,-36.10700988769531,-33.030372619628906,118.271728515625,122.05715942382812,2016-10-30_12:00:00,/mnt/L2_plus/winds_data_products/2016/DN161030_04/wrfout_d04_2016-10-30_120000.nc4,3,14,15.0,1.0,19993887,https://zenodo.org/records/19993887/files/WRF_models_DN161030_04.zip,uploaded,
DN161031_06,-25.031703472026525,136.57923104437975,2016-10-31T13:03:33,/mnt/L2_plus/events_trello/DN161031_06/WRF/wrfout_d04_2016-10-30_18:00:00,2016-10-31_13:00:00,2016-10-31_13:30:00,-26.73948860168457,-23.6683406829834,134.66763305664062,138.09219360351562,2016-10-30_18:00:00,/mnt/L2_plus/winds_data_products/2016/DN161031_06/wrfout_d04_2016-10-30_180000.nc4,3,79,15.0,1.0,19993887,https://zenodo.org/records/19993887/files/WRF_models_DN161031_06.zip,uploaded,
DN161031_06,-25.031703472026525,136.57923104437975,2016-10-31T13:03:33,/mnt/L2_plus/events_trello/DN161031_06/WRF/wrfout_d04_2016-10-31_00:00:00,2016-10-31_13:00:00,2016-10-31_13:30:00,-26.73948860168457,-23.6683406829834,134.66763305664062,138.09219360351562,2016-10-31_00:00:00,/mnt/L2_plus/winds_data_products/2016/DN161031_06/wrfout_d04_2016-10-31_000000.nc4,3,55,15.0,1.0,19993887,https://zenodo.org/records/19993887/files/WRF_models_DN161031_06.zip,uploaded,
DN161031_06,-25.031703472026525,136.57923104437975,2016-10-31T13:03:33,/mnt/L2_plus/events_trello/DN161031_06/WRF/wrfout_d04_2016-10-31_06:00:00,2016-10-31_13:00:00,2016-10-31_13:30:00,-26.73948860168457,-23.6683406829834,134.66763305664062,138.09219360351562,2016-10-31_06:00:00,/mnt/L2_plus/winds_data_products/2016/DN161031_06/wrfout_d04_2016-10-31_060000.nc4,3,31,15.0,1.0,19993887,https://zenodo.org/records/19993887/files/WRF_models_DN161031_06.zip,uploaded,
DN161031_06,-25.031703472026525,136.57923104437975,2016-10-31T13:03:33,/mnt/L2_plus/events_trello/DN161031_06/WRF/wrfout_d04_2016-10-31_12:00:00,2016-10-31_13:00:00,2016-10-31_13:30:00,-26.73948860168457,-23.6683406829834,134.66763305664062,138.09219360351562,2016-10-31_12:00:00,/mnt/L2_plus/winds_data_products/2016/DN161031_06/wrfout_d04_2016-10-31_120000.nc4,3,7,15.0,1.0,19993887,https://zenodo.org/records/19993887/files/WRF_models_DN161031_06.zip,uploaded,
DN161115_03,-27.264549320251618,136.69896219213072,2016-11-15T17:46:23,/mnt/L2_plus/events_trello/DN161115_03/WRF/wrfout_d04_2016-11-15_00:00:00,2016-11-15_17:40:00,2016-11-15_18:00:00,-28.69045639038086,-26.285280227661133,135.06951904296875,137.8111572265625,2016-11-15_00:00:00,/mnt/L2_plus/winds_data_products/2016/DN161115_03/wrfout_d04_2016-11-15_000000.nc4,3,109,10.0,1.0,19993887,https://zenodo.org/records/19993887/files/WRF_models_DN161115_03.zip,uploaded,
DN161115_03,-27.264549320251618,136.69896219213072,2016-11-15T17:46:23,/mnt/L2_plus/events_trello/DN161115_03/WRF/wrfout_d04_2016-11-15_06:00:00,2016-11-15_17:40:00,2016-11-15_18:00:00,-28.69045639038086,-26.285280227661133,135.06951904296875,137.8111572265625,2016-11-15_06:00:00,/mnt/L2_plus/winds_data_products/2016/DN161115_03/wrfout_d04_2016-11-15_060000.nc4,3,73,10.0,1.0,19993887,https://zenodo.org/records/19993887/files/WRF_models_DN161115_03.zip,uploaded,
DN161115_03,-27.264549320251618,136.69896219213072,2016-11-15T17:46:23,/mnt/L2_plus/events_trello/DN161115_03/WRF/wrfout_d04_2016-11-15_12:00:00,2016-11-15_17:40:00,2016-11-15_18:00:00,-28.69045639038086,-26.285280227661133,135.06951904296875,137.8111572265625,2016-11-15_12:00:00,/mnt/L2_plus/winds_data_products/2016/DN161115_03/wrfout_d04_2016-11-15_120000.nc4,3,37,10.0,1.0,19993887,https://zenodo.org/records/19993887/files/WRF_models_DN161115_03.zip,uploaded,
DN180212_01,-31.19821419222839,115.74300580973802,2018-02-12T14:35:22,/mnt/L2_plus/events_trello/DN180212_01/WRF/wrfout_d04_2018-02-11_12:00:00,2018-02-12_14:30:00,2018-02-12_15:00:00,-32.647483825683594,-30.198671340942383,114.00900268554688,116.91278076171875,2018-02-11_12:00:00,/mnt/L2_plus/winds_data_products/2018/DN180212_01/wrfout_d04_2018-02-11_120000.nc4,2,55,30.0,1.0,20066733,https://zenodo.org/records/20066733/files/WRF_models_DN180212_01.zip,uploaded,
DN180212_01,-31.19821419222839,115.74300580973802,2018-02-12T14:35:22,/mnt/L2_plus/events_trello/DN180212_01/WRF/wrfout_d04_2018-02-11_18:00:00,2018-02-12_14:30:00,2018-02-12_15:00:00,-32.647483825683594,-30.198671340942383,114.00900268554688,116.91278076171875,2018-02-11_18:00:00,/mnt/L2_plus/winds_data_products/2018/DN180212_01/wrfout_d04_2018-02-11_180000.nc4,2,43,30.0,1.0,20066733,https://zenodo.org/records/20066733/files/WRF_models_DN180212_01.zip,uploaded,
DN180212_01,-31.19821419222839,115.74300580973802,2018-02-12T14:35:22,/mnt/L2_plus/events_trello/DN180212_01/WRF/wrfout_d04_2018-02-12_00:00:00,2018-02-12_14:30:00,2018-02-12_15:00:00,-32.647483825683594,-30.198671340942383,114.00900268554688,116.91278076171875,2018-02-12_00:00:00,/mnt/L2_plus/winds_data_products/2018/DN180212_01/wrfout_d04_2018-02-12_000000.nc4,2,31,30.0,1.0,20066733,https://zenodo.org/records/20066733/files/WRF_models_DN180212_01.zip,uploaded,
DN180212_01,-31.19821419222839,115.74300580973802,2018-02-12T14:35:22,/mnt/L2_plus/events_trello/DN180212_01/WRF/wrfout_d04_2018-02-12_06:00:00,2018-02-12_14:30:00,2018-02-12_15:00:00,-32.647483825683594,-30.198671340942383,114.00900268554688,116.91278076171875,2018-02-12_06:00:00,/mnt/L2_plus/winds_data_products/2018/DN180212_01/wrfout_d04_2018-02-12_060000.nc4,2,19,30.0,1.0,20066733,https://zenodo.org/records/20066733/files/WRF_models_DN180212_01.zip,uploaded,
DN180212_01,-31.19821419222839,115.74300580973802,2018-02-12T14:35:22,/mnt/L2_plus/events_trello/DN180212_01/WRF/wrfout_d04_2018-02-12_12:00:00,2018-02-12_14:30:00,2018-02-12_15:00:00,-32.647483825683594,-30.198671340942383,114.00900268554688,116.91278076171875,2018-02-12_12:00:00,/mnt/L2_plus/winds_data_products/2018/DN180212_01/wrfout_d04_2018-02-12_120000.nc4,2,7,30.0,1.0,20066733,https://zenodo.org/records/20066733/files/WRF_models_DN180212_01.zip,uploaded,
DN180303_01,-28.239322892496467,117.1641970922692,2018-03-03T21:20:00,/mnt/L2_plus/events_trello/DN180303_01/WRF/wrfout_d04_2018-03-03_00:00:00,2018-03-03_21:15:00,2018-03-03_21:45:00,-29.947114944458008,-26.87420082092285,115.19400024414062,118.72357177734375,2018-03-03_00:00:00,/mnt/L2_plus/winds_data_products/2018/DN180303_01/wrfout_d04_2018-03-03_000000.nc4,3,88,15.0,1.0,20066733,https://zenodo.org/records/20066733/files/WRF_models_DN180303_01.zip,uploaded,
DN180303_01,-28.239322892496467,117.1641970922692,2018-03-03T21:20:00,/mnt/L2_plus/events_trello/DN180303_01/WRF/wrfout_d04_2018-03-03_06:00:00,2018-03-03_21:15:00,2018-03-03_21:45:00,-29.947114944458008,-26.87420082092285,115.19400024414062,118.72357177734375,2018-03-03_06:00:00,/mnt/L2_plus/winds_data_products/2018/DN180303_01/wrfout_d04_2018-03-03_060000.nc4,3,64,15.0,1.0,20066733,https://zenodo.org/records/20066733/files/WRF_models_DN180303_01.zip,uploaded,
DN180303_01,-28.239322892496467,117.1641970922692,2018-03-03T21:20:00,/mnt/L2_plus/events_trello/DN180303_01/WRF/wrfout_d04_2018-03-03_12:00:00,2018-03-03_21:15:00,2018-03-03_21:45:00,-29.947114944458008,-26.87420082092285,115.19400024414062,118.72357177734375,2018-03-03_12:00:00,/mnt/L2_plus/winds_data_products/2018/DN180303_01/wrfout_d04_2018-03-03_120000.nc4,3,40,15.0,1.0,20066733,https://zenodo.org/records/20066733/files/WRF_models_DN180303_01.zip,uploaded,
DN180303_01,-28.239322892496467,117.1641970922692,2018-03-03T21:20:00,/mnt/L2_plus/events_trello/DN180303_01/WRF/wrfout_d04_2018-03-03_18:00:00,2018-03-03_21:15:00,2018-03-03_21:45:00,-29.947114944458008,-26.87420082092285,115.19400024414062,118.72357177734375,2018-03-03_18:00:00,/mnt/L2_plus/winds_data_products/2018/DN180303_01/wrfout_d04_2018-03-03_180000.nc4,3,16,15.0,1.0,20066733,https://zenodo.org/records/20066733/files/WRF_models_DN180303_01.zip,uploaded,
DN180407_01,-33.032936194720776,137.6012405624706,2018-04-07T12:31:36,/mnt/L2_plus/events_trello/DN180407_01/WRF/wrfout_d04_2018-04-06_18:00:00,2018-04-07_12:30:00,2018-04-07_13:00:00,-34.74072265625,-31.664962768554688,135.5238037109375,139.24551391601562,2018-04-06_18:00:00,/mnt/L2_plus/winds_data_products/2018/DN180407_01/wrfout_d04_2018-04-06_180000.nc4,3,77,15.0,1.0,20066733,https://zenodo.org/records/20066733/files/WRF_models_DN180407_01.zip,uploaded,
DN180407_01,-33.032936194720776,137.6012405624706,2018-04-07T12:31:36,/mnt/L2_plus/events_trello/DN180407_01/WRF/wrfout_d04_2018-04-07_00:00:00,2018-04-07_12:30:00,2018-04-07_13:00:00,-34.74072265625,-31.664962768554688,135.5238037109375,139.24551391601562,2018-04-07_00:00:00,/mnt/L2_plus/winds_data_products/2018/DN180407_01/wrfout_d04_2018-04-07_000000.nc4,3,53,15.0,1.0,20066733,https://zenodo.org/records/20066733/files/WRF_models_DN180407_01.zip,uploaded,
DN180407_01,-33.032936194720776,137.6012405624706,2018-04-07T12:31:36,/mnt/L2_plus/events_trello/DN180407_01/WRF/wrfout_d04_2018-04-07_06:00:00,2018-04-07_12:30:00,2018-04-07_13:00:00,-34.74072265625,-31.664962768554688,135.5238037109375,139.24551391601562,2018-04-07_06:00:00,/mnt/L2_plus/winds_data_products/2018/DN180407_01/wrfout_d04_2018-04-07_060000.nc4,3,29,15.0,1.0,20066733,https://zenodo.org/records/20066733/files/WRF_models_DN180407_01.zip,uploaded,
DN180407_01,-33.032936194720776,137.6012405624706,2018-04-07T12:31:36,/mnt/L2_plus/events_trello/DN180407_01/WRF/wrfout_d04_2018-04-07_12:00:00,2018-04-07_12:30:00,2018-04-07_13:00:00,-34.74072265625,-31.664962768554688,135.5238037109375,139.24551391601562,2018-04-07_12:00:00,/mnt/L2_plus/winds_data_products/2018/DN180407_01/wrfout_d04_2018-04-07_120000.nc4,3,5,15.0,1.0,20066733,https://zenodo.org/records/20066733/files/WRF_models_DN180407_01.zip,uploaded,
DN180602_01,-33.90322240714818,140.48920867710692,2018-06-02T09:37:00,/mnt/L2_plus/events_trello/DN180602_01/WRF/wrfout_d04_2018-06-02_06:00:00,2018-06-02_09:30:00,2018-06-02_10:00:00,-35.611053466796875,-32.53474044799805,138.38937377929688,142.15118408203125,2018-06-02_06:00:00,/mnt/L2_plus/winds_data_products/2018/DN180602_01/wrfout_d04_2018-06-02_060000.nc4,3,17,15.0,1.0,20066733,https://zenodo.org/records/20066733/files/WRF_models_DN180602_01.zip,uploaded,
DN180709_01,-32.87922895314069,115.93333376608213,2018-07-09T20:16:19,/mnt/L2_plus/events_trello/DN180709_01/WRF/wrfout_d04_2018-07-09_00:00:00,2018-07-09_20:15:00,2018-07-09_20:45:00,-34.58704376220703,-31.5113582611084,113.85968017578125,117.5745849609375,2018-07-09_00:00:00,/mnt/L2_plus/winds_data_products/2018/DN180709_01/wrfout_d04_2018-07-09_000000.nc4,3,84,15.0,1.0,20066733,https://zenodo.org/records/20066733/files/WRF_models_DN180709_01.zip,uploaded,
DN180709_01,-32.87922895314069,115.93333376608213,2018-07-09T20:16:19,/mnt/L2_plus/events_trello/DN180709_01/WRF/wrfout_d04_2018-07-09_06:00:00,2018-07-09_20:15:00,2018-07-09_20:45:00,-34.58704376220703,-31.5113582611084,113.85968017578125,117.5745849609375,2018-07-09_06:00:00,/mnt/L2_plus/winds_data_products/2018/DN180709_01/wrfout_d04_2018-07-09_060000.nc4,3,60,15.0,1.0,20066733,https://zenodo.org/records/20066733/files/WRF_models_DN180709_01.zip,uploaded,
DN180709_01,-32.87922895314069,115.93333376608213,2018-07-09T20:16:19,/mnt/L2_plus/events_trello/DN180709_01/WRF/wrfout_d04_2018-07-09_12:00:00,2018-07-09_20:15:00,2018-07-09_20:45:00,-34.58704376220703,-31.5113582611084,113.85968017578125,117.5745849609375,2018-07-09_12:00:00,/mnt/L2_plus/winds_data_products/2018/DN180709_01/wrfout_d04_2018-07-09_120000.nc4,3,36,15.0,1.0,20066733,https://zenodo.org/records/20066733/files/WRF_models_DN180709_01.zip,uploaded,
DN180709_01,-32.87922895314069,115.93333376608213,2018-07-09T20:16:19,/mnt/L2_plus/events_trello/DN180709_01/WRF/wrfout_d04_2018-07-09_18:00:00,2018-07-09_20:15:00,2018-07-09_20:45:00,-34.58704376220703,-31.5113582611084,113.85968017578125,117.5745849609375,2018-07-09_18:00:00,/mnt/L2_plus/winds_data_products/2018/DN180709_01/wrfout_d04_2018-07-09_180000.nc4,3,12,15.0,1.0,20066733,https://zenodo.org/records/20066733/files/WRF_models_DN180709_01.zip,uploaded,
DN180828_01,-31.79732771915058,117.31359533773485,2018-08-28T11:40:47,/mnt/L2_plus/events_trello/DN180828_01/WRF/wrfout_d04_2018-08-28_00:00:00,2018-08-28_11:40:00,2018-08-28_12:00:00,-33.227516174316406,-30.773069381713867,115.33123779296875,118.26019287109375,2018-08-28_00:00:00,/mnt/L2_plus/winds_data_products/2018/DN180828_01/wrfout_d04_2018-08-28_000000.nc4,2,37,20.0,1.0,20066733,https://zenodo.org/records/20066733/files/WRF_models_DN180828_01.zip,uploaded,
DN180828_01,-31.79732771915058,117.31359533773485,2018-08-28T11:40:47,/mnt/L2_plus/events_trello/DN180828_01/WRF/wrfout_d04_2018-08-28_06:00:00,2018-08-28_11:40:00,2018-08-28_12:00:00,-33.227516174316406,-30.773069381713867,115.33123779296875,118.26019287109375,2018-08-28_06:00:00,/mnt/L2_plus/winds_data_products/2018/DN180828_01/wrfout_d04_2018-08-28_060000.nc4,2,19,20.0,1.0,20066733,https://zenodo.org/records/20066733/files/WRF_models_DN180828_01.zip,uploaded,
DN181110_01,-34.56633629379142,139.27137078868628,2018-11-10T11:16:35,/mnt/L2_plus/events_trello/DN181110_01/WRF/wrfout_d04_2018-11-09_12:00:00,2018-11-10_11:00:00,2018-11-10_11:40:00,-36.033565521240234,-33.5546875,137.4500732421875,140.5064697265625,2018-11-09_12:00:00,/mnt/L2_plus/winds_data_products/2018/DN181110_01/wrfout_d04_2018-11-09_120000.nc4,3,73,20.0,1.0,20066733,https://zenodo.org/records/20066733/files/WRF_models_DN181110_01.zip,uploaded,
DN181110_01,-34.56633629379142,139.27137078868628,2018-11-10T11:16:35,/mnt/L2_plus/events_trello/DN181110_01/WRF/wrfout_d04_2018-11-09_18:00:00,2018-11-10_11:00:00,2018-11-10_11:40:00,-36.033565521240234,-33.5546875,137.4500732421875,140.5064697265625,2018-11-09_18:00:00,/mnt/L2_plus/winds_data_products/2018/DN181110_01/wrfout_d04_2018-11-09_180000.nc4,3,55,20.0,1.0,20066733,https://zenodo.org/records/20066733/files/WRF_models_DN181110_01.zip,uploaded,
DN181110_01,-34.56633629379142,139.27137078868628,2018-11-10T11:16:35,/mnt/L2_plus/events_trello/DN181110_01/WRF/wrfout_d04_2018-11-10_00:00:00,2018-11-10_11:00:00,2018-11-10_11:40:00,-36.033565521240234,-33.5546875,137.4500732421875,140.5064697265625,2018-11-10_00:00:00,/mnt/L2_plus/winds_data_products/2018/DN181110_01/wrfout_d04_2018-11-10_000000.nc4,3,37,20.0,1.0,20066733,https://zenodo.org/records/20066733/files/WRF_models_DN181110_01.zip,uploaded,
DN181110_01,-34.56633629379142,139.27137078868628,2018-11-10T11:16:35,/mnt/L2_plus/events_trello/DN181110_01/WRF/wrfout_d04_2018-11-10_06:00:00,2018-11-10_11:00:00,2018-11-10_11:40:00,-36.033565521240234,-33.5546875,137.4500732421875,140.5064697265625,2018-11-10_06:00:00,/mnt/L2_plus/winds_data_products/2018/DN181110_01/wrfout_d04_2018-11-10_060000.nc4,3,19,20.0,1.0,20066733,https://zenodo.org/records/20066733/files/WRF_models_DN181110_01.zip,uploaded,
DN181207_02,-29.590698982209265,117.86639374675462,2018-12-07T16:24:42,/mnt/L2_plus/events_trello/DN181207_02/WRF/wrfout_d04_2018-12-06_18:00:00,2018-12-07_16:00:00,2018-12-07_17:00:00,-31.029672622680664,-28.597627639770508,116.18270874023438,119.01824951171875,2018-12-06_18:00:00,/mnt/L2_plus/winds_data_products/2018/DN181207_02/wrfout_d04_2018-12-06_180000.nc4,3,47,30.0,1.0,20066733,https://zenodo.org/records/20066733/files/WRF_models_DN181207_02.zip,uploaded,
DN181207_02,-29.590698982209265,117.86639374675462,2018-12-07T16:24:42,/mnt/L2_plus/events_trello/DN181207_02/WRF/wrfout_d04_2018-12-07_00:00:00,2018-12-07_16:00:00,2018-12-07_17:00:00,-31.029672622680664,-28.597627639770508,116.18270874023438,119.01824951171875,2018-12-07_00:00:00,/mnt/L2_plus/winds_data_products/2018/DN181207_02/wrfout_d04_2018-12-07_000000.nc4,3,35,30.0,1.0,20066733,https://zenodo.org/records/20066733/files/WRF_models_DN181207_02.zip,uploaded,
DN181207_02,-29.590698982209265,117.86639374675462,2018-12-07T16:24:42,/mnt/L2_plus/events_trello/DN181207_02/WRF/wrfout_d04_2018-12-07_06:00:00,2018-12-07_16:00:00,2018-12-07_17:00:00,-31.029672622680664,-28.597627639770508,116.18270874023438,119.01824951171875,2018-12-07_06:00:00,/mnt/L2_plus/winds_data_products/2018/DN181207_02/wrfout_d04_2018-12-07_060000.nc4,3,23,30.0,1.0,20066733,https://zenodo.org/records/20066733/files/WRF_models_DN181207_02.zip,uploaded,
DN181207_02,-29.590698982209265,117.86639374675462,2018-12-07T16:24:42,/mnt/L2_plus/events_trello/DN181207_02/WRF/wrfout_d04_2018-12-07_12:00:00,2018-12-07_16:00:00,2018-12-07_17:00:00,-31.029672622680664,-28.597627639770508,116.18270874023438,119.01824951171875,2018-12-07_12:00:00,/mnt/L2_plus/winds_data_products/2018/DN181207_02/wrfout_d04_2018-12-07_120000.nc4,3,11,30.0,1.0,20066733,https://zenodo.org/records/20066733/files/WRF_models_DN181207_02.zip,uploaded,
DN170113_01,-34.713031338956995,142.53166484795997,2017-01-13T12:14:07,/mnt/L2_plus/events_trello/DN170113_01/WRF/wrfout_d04_2017-01-12_12:00:00,2017-01-13_12:00:00,2017-01-13_12:45:00,-35.987815856933594,-33.509300231933594,140.886962890625,143.941162109375,2017-01-12_12:00:00,/mnt/L2_plus/winds_data_products/2017/DN170113_01/wrfout_d04_2017-01-12_120000.nc4,4,101,15.0,1.0,20083377,https://zenodo.org/records/20083377/files/WRF_models_DN170113_01.zip,uploaded,
DN170113_01,-34.713031338956995,142.53166484795997,2017-01-13T12:14:07,/mnt/L2_plus/events_trello/DN170113_01/WRF/wrfout_d04_2017-01-12_18:00:00,2017-01-13_12:00:00,2017-01-13_12:45:00,-35.987815856933594,-33.509300231933594,140.886962890625,143.941162109375,2017-01-12_18:00:00,/mnt/L2_plus/winds_data_products/2017/DN170113_01/wrfout_d04_2017-01-12_180000.nc4,4,77,15.0,1.0,20083377,https://zenodo.org/records/20083377/files/WRF_models_DN170113_01.zip,uploaded,
DN170113_01,-34.713031338956995,142.53166484795997,2017-01-13T12:14:07,/mnt/L2_plus/events_trello/DN170113_01/WRF/wrfout_d04_2017-01-13_00:00:00,2017-01-13_12:00:00,2017-01-13_12:45:00,-35.987815856933594,-33.509300231933594,140.886962890625,143.941162109375,2017-01-13_00:00:00,/mnt/L2_plus/winds_data_products/2017/DN170113_01/wrfout_d04_2017-01-13_000000.nc4,4,53,15.0,1.0,20083377,https://zenodo.org/records/20083377/files/WRF_models_DN170113_01.zip,uploaded,
DN170113_01,-34.713031338956995,142.53166484795997,2017-01-13T12:14:07,/mnt/L2_plus/events_trello/DN170113_01/WRF/wrfout_d04_2017-01-13_06:00:00,2017-01-13_12:00:00,2017-01-13_12:45:00,-35.987815856933594,-33.509300231933594,140.886962890625,143.941162109375,2017-01-13_06:00:00,/mnt/L2_plus/winds_data_products/2017/DN170113_01/wrfout_d04_2017-01-13_060000.nc4,4,29,15.0,1.0,20083377,https://zenodo.org/records/20083377/files/WRF_models_DN170113_01.zip,uploaded,
DN170113_01,-34.713031338956995,142.53166484795997,2017-01-13T12:14:07,/mnt/L2_plus/events_trello/DN170113_01/WRF/wrfout_d04_2017-01-13_12:00:00,2017-01-13_12:00:00,2017-01-13_12:45:00,-35.987815856933594,-33.509300231933594,140.886962890625,143.941162109375,2017-01-13_12:00:00,/mnt/L2_plus/winds_data_products/2017/DN170113_01/wrfout_d04_2017-01-13_120000.nc4,4,5,15.0,1.0,20083377,https://zenodo.org/records/20083377/files/WRF_models_DN170113_01.zip,uploaded,
DN170121_01,-32.70055179851281,141.44043368698016,2017-01-21T14:08:32,/mnt/L2_plus/events_trello/DN170121_01/WRF/wrfout_d04_2017-01-21_00:00:00,2017-01-21_14:00:00,2017-01-21_14:40:00,-34.126468658447266,-31.663673400878906,139.64996337890625,142.61871337890625,2017-01-21_00:00:00,/mnt/L2_plus/winds_data_products/2017/DN170121_01/wrfout_d04_2017-01-21_000000.nc4,5,97,10.0,1.0,20083377,https://zenodo.org/records/20083377/files/WRF_models_DN170121_01.zip,uploaded,
DN170121_01,-32.70055179851281,141.44043368698016,2017-01-21T14:08:32,/mnt/L2_plus/events_trello/DN170121_01/WRF/wrfout_d04_2017-01-21_06:00:00,2017-01-21_14:00:00,2017-01-21_14:40:00,-34.126468658447266,-31.663673400878906,139.64996337890625,142.61871337890625,2017-01-21_06:00:00,/mnt/L2_plus/winds_data_products/2017/DN170121_01/wrfout_d04_2017-01-21_060000.nc4,5,73,10.0,1.0,20083377,https://zenodo.org/records/20083377/files/WRF_models_DN170121_01.zip,uploaded,
DN170121_01,-32.70055179851281,141.44043368698016,2017-01-21T14:08:32,/mnt/L2_plus/events_trello/DN170121_01/WRF/wrfout_d04_2017-01-21_12:00:00,2017-01-21_14:00:00,2017-01-21_14:40:00,-34.126468658447266,-31.663673400878906,139.64996337890625,142.61871337890625,2017-01-21_12:00:00,/mnt/L2_plus/winds_data_products/2017/DN170121_01/wrfout_d04_2017-01-21_120000.nc4,5,25,10.0,1.0,20083377,https://zenodo.org/records/20083377/files/WRF_models_DN170121_01.zip,uploaded,
DN170126_03,-26.993871495430618,134.7482919995064,2017-01-26T12:52:02,/mnt/L2_plus/events_trello/DN170126_03/WRF/wrfout_d04_2017-01-25_18:00:00,2017-01-26_12:45:00,2017-01-26_13:15:00,-28.701637268066406,-25.629398345947266,132.80194091796875,136.28875732421875,2017-01-25_18:00:00,/mnt/L2_plus/winds_data_products/2017/DN170126_03/wrfout_d04_2017-01-25_180000.nc4,3,78,15.0,1.0,20083377,https://zenodo.org/records/20083377/files/WRF_models_DN170126_03.zip,uploaded,
DN170126_03,-26.993871495430618,134.7482919995064,2017-01-26T12:52:02,/mnt/L2_plus/events_trello/DN170126_03/WRF/wrfout_d04_2017-01-26_00:00:00,2017-01-26_12:45:00,2017-01-26_13:15:00,-28.701637268066406,-25.629398345947266,132.80194091796875,136.28875732421875,2017-01-26_00:00:00,/mnt/L2_plus/winds_data_products/2017/DN170126_03/wrfout_d04_2017-01-26_000000.nc4,3,54,15.0,1.0,20083377,https://zenodo.org/records/20083377/files/WRF_models_DN170126_03.zip,uploaded,
DN170126_03,-26.993871495430618,134.7482919995064,2017-01-26T12:52:02,/mnt/L2_plus/events_trello/DN170126_03/WRF/wrfout_d04_2017-01-26_06:00:00,2017-01-26_12:45:00,2017-01-26_13:15:00,-28.701637268066406,-25.629398345947266,132.80194091796875,136.28875732421875,2017-01-26_06:00:00,/mnt/L2_plus/winds_data_products/2017/DN170126_03/wrfout_d04_2017-01-26_060000.nc4,3,30,15.0,1.0,20083377,https://zenodo.org/records/20083377/files/WRF_models_DN170126_03.zip,uploaded,
DN170126_03,-26.993871495430618,134.7482919995064,2017-01-26T12:52:02,/mnt/L2_plus/events_trello/DN170126_03/WRF/wrfout_d04_2017-01-26_12:00:00,2017-01-26_12:45:00,2017-01-26_13:15:00,-28.701637268066406,-25.629398345947266,132.80194091796875,136.28875732421875,2017-01-26_12:00:00,/mnt/L2_plus/winds_data_products/2017/DN170126_03/wrfout_d04_2017-01-26_120000.nc4,3,6,15.0,1.0,20083377,https://zenodo.org/records/20083377/files/WRF_models_DN170126_03.zip,uploaded,
DN170205_02,-31.411682710459857,142.89259063540237,2017-02-05T12:54:01,/mnt/L2_plus/events_trello/DN170205_02/WRF/wrfout_d04_2017-02-05_00:00:00,2017-02-05_12:30:00,2017-02-05_13:30:00,-32.86149215698242,-30.410579681396484,141.1661376953125,144.07916259765625,2017-02-05_00:00:00,/mnt/L2_plus/winds_data_products/2017/DN170205_02/wrfout_d04_2017-02-05_000000.nc4,3,37,30.0,1.0,20083377,https://zenodo.org/records/20083377/files/WRF_models_DN170205_02.zip,uploaded,
DN170205_02,-31.411682710459857,142.89259063540237,2017-02-05T12:54:01,/mnt/L2_plus/events_trello/DN170205_02/WRF/wrfout_d04_2017-02-05_06:00:00,2017-02-05_12:30:00,2017-02-05_13:30:00,-32.86149215698242,-30.410579681396484,141.1661376953125,144.07916259765625,2017-02-05_06:00:00,/mnt/L2_plus/winds_data_products/2017/DN170205_02/wrfout_d04_2017-02-05_060000.nc4,3,25,30.0,1.0,20083377,https://zenodo.org/records/20083377/files/WRF_models_DN170205_02.zip,uploaded,
DN170205_02,-31.411682710459857,142.89259063540237,2017-02-05T12:54:01,/mnt/L2_plus/events_trello/DN170205_02/WRF/wrfout_d04_2017-02-05_12:00:00,2017-02-05_12:30:00,2017-02-05_13:00:00,-32.86149215698242,-30.410579681396484,141.1661376953125,144.07916259765625,2017-02-05_12:00:00,/mnt/L2_plus/winds_data_products/2017/DN170205_02/wrfout_d04_2017-02-05_120000.nc4,2,3,30.0,1.0,20083377,https://zenodo.org/records/20083377/files/WRF_models_DN170205_02.zip,uploaded,
DN170522_02,-29.88211695964841,128.52064395712577,2017-05-22T10:15:49,/mnt/L2_plus/events_trello/DN170522_02/WRF/wrfout_d04_2017-05-21_12:00:00,2017-05-22_10:15:00,2017-05-22_10:45:00,-31.589920043945312,-28.516033172607422,126.5164794921875,130.10693359375,2017-05-21_12:00:00,/mnt/L2_plus/winds_data_products/2017/DN170522_02/wrfout_d04_2017-05-21_120000.nc4,3,92,15.0,1.0,20083377,https://zenodo.org/records/20083377/files/WRF_models_DN170522_02.zip,uploaded,
DN170522_02,-29.88211695964841,128.52064395712577,2017-05-22T10:15:49,/mnt/L2_plus/events_trello/DN170522_02/WRF/wrfout_d04_2017-05-21_18:00:00,2017-05-22_10:15:00,2017-05-22_10:45:00,-31.589920043945312,-28.516033172607422,126.5164794921875,130.10693359375,2017-05-21_18:00:00,/mnt/L2_plus/winds_data_products/2017/DN170522_02/wrfout_d04_2017-05-21_180000.nc4,3,68,15.0,1.0,20083377,https://zenodo.org/records/20083377/files/WRF_models_DN170522_02.zip,uploaded,
DN170522_02,-29.88211695964841,128.52064395712577,2017-05-22T10:15:49,/mnt/L2_plus/events_trello/DN170522_02/WRF/wrfout_d04_2017-05-22_00:00:00,2017-05-22_10:15:00,2017-05-22_10:45:00,-31.589920043945312,-28.516033172607422,126.5164794921875,130.10693359375,2017-05-22_00:00:00,/mnt/L2_plus/winds_data_products/2017/DN170522_02/wrfout_d04_2017-05-22_000000.nc4,3,44,15.0,1.0,20083377,https://zenodo.org/records/20083377/files/WRF_models_DN170522_02.zip,uploaded,
DN170522_02,-29.88211695964841,128.52064395712577,2017-05-22T10:15:49,/mnt/L2_plus/events_trello/DN170522_02/WRF/wrfout_d04_2017-05-22_06:00:00,2017-05-22_10:15:00,2017-05-22_10:45:00,-31.589920043945312,-28.516033172607422,126.5164794921875,130.10693359375,2017-05-22_06:00:00,/mnt/L2_plus/winds_data_products/2017/DN170522_02/wrfout_d04_2017-05-22_060000.nc4,3,20,15.0,1.0,20083377,https://zenodo.org/records/20083377/files/WRF_models_DN170522_02.zip,uploaded,
DN170526_01,-32.457951862312306,118.73219535719221,2017-05-26T16:38:16,/mnt/L2_plus/events_trello/DN170526_01/WRF/wrfout_d03_2017-05-25_18:00:00,2017-05-26_16:30:00,2017-05-26_17:00:00,-34.124996185302734,-31.18710708618164,116.71405029296875,120.25640869140625,2017-05-25_18:00:00,/mnt/L2_plus/winds_data_products/2017/DN170526_01/wrfout_d03_2017-05-25_180000.nc4,4,139,10.2,3.0,20083377,https://zenodo.org/records/20083377/files/WRF_models_DN170526_01.zip,uploaded,
DN170526_01,-32.457951862312306,118.73219535719221,2017-05-26T16:38:16,/mnt/L2_plus/events_trello/DN170526_01/WRF/wrfout_d03_2017-05-26_00:00:00,2017-05-26_16:30:00,2017-05-26_17:00:00,-34.124996185302734,-31.18710708618164,116.71405029296875,120.25640869140625,2017-05-26_00:00:00,/mnt/L2_plus/winds_data_products/2017/DN170526_01/wrfout_d03_2017-05-26_000000.nc4,4,103,10.2,3.0,20083377,https://zenodo.org/records/20083377/files/WRF_models_DN170526_01.zip,uploaded,
DN170526_01,-32.457951862312306,118.73219535719221,2017-05-26T16:38:16,/mnt/L2_plus/events_trello/DN170526_01/WRF/wrfout_d03_2017-05-26_06:00:00,2017-05-26_16:30:00,2017-05-26_17:00:00,-34.124996185302734,-31.18710708618164,116.71405029296875,120.25640869140625,2017-05-26_06:00:00,/mnt/L2_plus/winds_data_products/2017/DN170526_01/wrfout_d03_2017-05-26_060000.nc4,4,67,10.2,3.0,20083377,https://zenodo.org/records/20083377/files/WRF_models_DN170526_01.zip,uploaded,
DN170526_01,-32.457951862312306,118.73219535719221,2017-05-26T16:38:16,/mnt/L2_plus/events_trello/DN170526_01/WRF/wrfout_d03_2017-05-26_12:00:00,2017-05-26_16:30:00,2017-05-26_17:00:00,-34.124996185302734,-31.18710708618164,116.71405029296875,120.25640869140625,2017-05-26_12:00:00,/mnt/L2_plus/winds_data_products/2017/DN170526_01/wrfout_d03_2017-05-26_120000.nc4,4,31,10.2,3.0,20083377,https://zenodo.org/records/20083377/files/WRF_models_DN170526_01.zip,uploaded,
DN170630_01,-33.13753276723349,134.19907581129067,2017-06-30T14:26:41,/mnt/L2_plus/events_trello/DN170630_01/WRF/wrfout_d03_2017-06-30_00:00:00,2017-06-30_14:00:00,2017-06-30_15:00:00,-34.77589797973633,-31.831031799316406,132.17095947265625,135.7484130859375,2017-06-30_00:00:00,/mnt/L2_plus/winds_data_products/2017/DN170630_01/wrfout_d03_2017-06-30_000000.nc4,3,37,30.0,3.0,20083377,https://zenodo.org/records/20083377/files/WRF_models_DN170630_01.zip,uploaded,
DN170630_01,-33.13753276723349,134.19907581129067,2017-06-30T14:26:41,/mnt/L2_plus/events_trello/DN170630_01/WRF/wrfout_d03_2017-06-30_06:00:00,2017-06-30_14:00:00,2017-06-30_15:00:00,-34.77589797973633,-31.831031799316406,132.17095947265625,135.7484130859375,2017-06-30_06:00:00,/mnt/L2_plus/winds_data_products/2017/DN170630_01/wrfout_d03_2017-06-30_060000.nc4,3,19,30.0,3.0,20083377,https://zenodo.org/records/20083377/files/WRF_models_DN170630_01.zip,uploaded,
DN170630_01,-33.13753276723349,134.19907581129067,2017-06-30T14:26:41,/mnt/L2_plus/events_trello/DN170630_01/WRF/wrfout_d03_2017-06-30_12:00:00,2017-06-30_14:00:00,2017-06-30_15:00:00,-34.77589797973633,-31.831031799316406,132.17095947265625,135.7484130859375,2017-06-30_12:00:00,/mnt/L2_plus/winds_data_products/2017/DN170630_01/wrfout_d03_2017-06-30_120000.nc4,3,7,30.0,3.0,20083377,https://zenodo.org/records/20083377/files/WRF_models_DN170630_01.zip,uploaded,
DN170701_01,-32.08023307211855,127.29602028283048,2017-07-01T09:41:41,/mnt/L2_plus/events_trello/DN170701_01/WRF/wrfout_d04_2017-06-30_12:00:00,2017-07-01_09:30:00,2017-07-01_10:00:00,-33.53607940673828,-31.07870101928711,125.54791259765625,128.49041748046875,2017-06-30_12:00:00,/mnt/L2_plus/winds_data_products/2017/DN170701_01/wrfout_d04_2017-06-30_120000.nc4,3,89,15.0,1.0,20083377,https://zenodo.org/records/20083377/files/WRF_models_DN170701_01.zip,uploaded,
DN170701_01,-32.08023307211855,127.29602028283048,2017-07-01T09:41:41,/mnt/L2_plus/events_trello/DN170701_01/WRF/wrfout_d04_2017-06-30_18:00:00,2017-07-01_09:30:00,2017-07-01_10:00:00,-33.53607940673828,-31.07870101928711,125.54791259765625,128.49041748046875,2017-06-30_18:00:00,/mnt/L2_plus/winds_data_products/2017/DN170701_01/wrfout_d04_2017-06-30_180000.nc4,3,65,15.0,1.0,20083377,https://zenodo.org/records/20083377/files/WRF_models_DN170701_01.zip,uploaded,
DN170701_01,-32.08023307211855,127.29602028283048,2017-07-01T09:41:41,/mnt/L2_plus/events_trello/DN170701_01/WRF/wrfout_d04_2017-07-01_00:00:00,2017-07-01_09:30:00,2017-07-01_10:00:00,-33.53607940673828,-31.07870101928711,125.54791259765625,128.49041748046875,2017-07-01_00:00:00,/mnt/L2_plus/winds_data_products/2017/DN170701_01/wrfout_d04_2017-07-01_000000.nc4,3,41,15.0,1.0,20083377,https://zenodo.org/records/20083377/files/WRF_models_DN170701_01.zip,uploaded,
DN170701_01,-32.08023307211855,127.29602028283048,2017-07-01T09:41:41,/mnt/L2_plus/events_trello/DN170701_01/WRF/wrfout_d04_2017-07-01_06:00:00,2017-07-01_09:30:00,2017-07-01_10:00:00,-33.53607940673828,-31.07870101928711,125.54791259765625,128.49041748046875,2017-07-01_06:00:00,/mnt/L2_plus/winds_data_products/2017/DN170701_01/wrfout_d04_2017-07-01_060000.nc4,3,17,15.0,1.0,20083377,https://zenodo.org/records/20083377/files/WRF_models_DN170701_01.zip,uploaded,
DN170721_01,-29.655281904282,140.84013514187146,2017-07-21T10:47:41,/mnt/L2_plus/events_trello/DN170721_01/WRF/wrfout_d04_2017-07-21_00:00:00,2017-07-21_10:40:00,2017-07-21_11:00:00,-31.096759796142578,-28.663990020751953,139.15203857421875,141.9903564453125,2017-07-21_00:00:00,/mnt/L2_plus/winds_data_products/2017/DN170721_01/wrfout_d04_2017-07-21_000000.nc4,3,67,10.0,1.0,20083377,https://zenodo.org/records/20083377/files/WRF_models_DN170721_01.zip,uploaded,
DN170721_01,-29.655281904282,140.84013514187146,2017-07-21T10:47:41,/mnt/L2_plus/events_trello/DN170721_01/WRF/wrfout_d04_2017-07-21_06:00:00,2017-07-21_10:40:00,2017-07-21_11:00:00,-31.096759796142578,-28.663990020751953,139.15203857421875,141.9903564453125,2017-07-21_06:00:00,/mnt/L2_plus/winds_data_products/2017/DN170721_01/wrfout_d04_2017-07-21_060000.nc4,3,31,10.0,1.0,20083377,https://zenodo.org/records/20083377/files/WRF_models_DN170721_01.zip,uploaded,
DN170723_02,-27.446083785241903,135.31792935663003,2017-07-23T13:16:47,/mnt/L2_plus/events_trello/DN170723_02/WRF/wrfout_d04_2017-07-22_18:00:00,2017-07-23_13:15:00,2017-07-23_13:45:00,-29.153850555419922,-26.08139991760254,133.36312866210938,136.8651123046875,2017-07-22_18:00:00,/mnt/L2_plus/winds_data_products/2017/DN170723_02/wrfout_d04_2017-07-22_180000.nc4,3,80,15.0,1.0,20083377,https://zenodo.org/records/20083377/files/WRF_models_DN170723_02.zip,uploaded,
DN170723_02,-27.446083785241903,135.31792935663003,2017-07-23T13:16:47,/mnt/L2_plus/events_trello/DN170723_02/WRF/wrfout_d04_2017-07-23_00:00:00,2017-07-23_13:15:00,2017-07-23_13:45:00,-29.153850555419922,-26.08139991760254,133.36312866210938,136.8651123046875,2017-07-23_00:00:00,/mnt/L2_plus/winds_data_products/2017/DN170723_02/wrfout_d04_2017-07-23_000000.nc4,3,56,15.0,1.0,20083377,https://zenodo.org/records/20083377/files/WRF_models_DN170723_02.zip,uploaded,
DN170723_02,-27.446083785241903,135.31792935663003,2017-07-23T13:16:47,/mnt/L2_plus/events_trello/DN170723_02/WRF/wrfout_d04_2017-07-23_06:00:00,2017-07-23_13:15:00,2017-07-23_13:45:00,-29.153850555419922,-26.08139991760254,133.36312866210938,136.8651123046875,2017-07-23_06:00:00,/mnt/L2_plus/winds_data_products/2017/DN170723_02/wrfout_d04_2017-07-23_060000.nc4,3,32,15.0,1.0,20083377,https://zenodo.org/records/20083377/files/WRF_models_DN170723_02.zip,uploaded,
DN170723_02,-27.446083785241903,135.31792935663003,2017-07-23T13:16:47,/mnt/L2_plus/events_trello/DN170723_02/WRF/wrfout_d04_2017-07-23_12:00:00,2017-07-23_13:15:00,2017-07-23_13:45:00,-29.153850555419922,-26.08139991760254,133.36312866210938,136.8651123046875,2017-07-23_12:00:00,/mnt/L2_plus/winds_data_products/2017/DN170723_02/wrfout_d04_2017-07-23_120000.nc4,3,8,15.0,1.0,20083377,https://zenodo.org/records/20083377/files/WRF_models_DN170723_02.zip,uploaded,
DN170728_08,-25.93637874828827,132.540983668031,2017-07-28T11:58:44,/mnt/L2_plus/events_trello/DN170728_08/WRF/wrfout_d04_2017-07-27_12:00:00,2017-07-28_11:45:00,2017-07-28_12:30:00,-27.644140243530273,-24.57250213623047,130.61383056640625,134.0662841796875,2017-07-27_12:00:00,/mnt/L2_plus/winds_data_products/2017/DN170728_08/wrfout_d04_2017-07-27_120000.nc4,4,99,15.0,1.0,20083377,https://zenodo.org/records/20083377/files/WRF_models_DN170728_08.zip,uploaded,
DN170728_08,-25.93637874828827,132.540983668031,2017-07-28T11:58:44,/mnt/L2_plus/events_trello/DN170728_08/WRF/wrfout_d04_2017-07-27_18:00:00,2017-07-28_11:45:00,2017-07-28_12:30:00,-27.644140243530273,-24.57250213623047,130.61383056640625,134.0662841796875,2017-07-27_18:00:00,/mnt/L2_plus/winds_data_products/2017/DN170728_08/wrfout_d04_2017-07-27_180000.nc4,4,75,15.0,1.0,20083377,https://zenodo.org/records/20083377/files/WRF_models_DN170728_08.zip,uploaded,
DN170728_08,-25.93637874828827,132.540983668031,2017-07-28T11:58:44,/mnt/L2_plus/events_trello/DN170728_08/WRF/wrfout_d04_2017-07-28_00:00:00,2017-07-28_11:45:00,2017-07-28_12:30:00,-27.644140243530273,-24.57250213623047,130.61383056640625,134.0662841796875,2017-07-28_00:00:00,/mnt/L2_plus/winds_data_products/2017/DN170728_08/wrfout_d04_2017-07-28_000000.nc4,4,51,15.0,1.0,20083377,https://zenodo.org/records/20083377/files/WRF_models_DN170728_08.zip,uploaded,
DN170728_08,-25.93637874828827,132.540983668031,2017-07-28T11:58:44,/mnt/L2_plus/events_trello/DN170728_08/WRF/wrfout_d04_2017-07-28_06:00:00,2017-07-28_11:45:00,2017-07-28_12:30:00,-27.644140243530273,-24.57250213623047,130.61383056640625,134.0662841796875,2017-07-28_06:00:00,/mnt/L2_plus/winds_data_products/2017/DN170728_08/wrfout_d04_2017-07-28_060000.nc4,4,27,15.0,1.0,20083377,https://zenodo.org/records/20083377/files/WRF_models_DN170728_08.zip,uploaded,
DN170730_04,-35.53334626757041,141.51601399102046,2017-07-30T13:47:11,/mnt/L2_plus/events_trello/DN170730_04/WRF/wrfout_d04_2017-07-29_18:00:00,2017-07-30_13:45:00,2017-07-30_14:15:00,-37.24115753173828,-34.16381072998047,139.37164306640625,143.2132568359375,2017-07-29_18:00:00,/mnt/L2_plus/winds_data_products/2017/DN170730_04/wrfout_d04_2017-07-29_180000.nc4,3,82,15.0,1.0,20083377,https://zenodo.org/records/20083377/files/WRF_models_DN170730_04.zip,uploaded,
DN170730_04,-35.53334626757041,141.51601399102046,2017-07-30T13:47:11,/mnt/L2_plus/events_trello/DN170730_04/WRF/wrfout_d04_2017-07-30_00:00:00,2017-07-30_13:45:00,2017-07-30_14:15:00,-37.24115753173828,-34.16381072998047,139.37164306640625,143.2132568359375,2017-07-30_00:00:00,/mnt/L2_plus/winds_data_products/2017/DN170730_04/wrfout_d04_2017-07-30_000000.nc4,3,58,15.0,1.0,20083377,https://zenodo.org/records/20083377/files/WRF_models_DN170730_04.zip,uploaded,
DN170730_04,-35.53334626757041,141.51601399102046,2017-07-30T13:47:11,/mnt/L2_plus/events_trello/DN170730_04/WRF/wrfout_d04_2017-07-30_06:00:00,2017-07-30_13:45:00,2017-07-30_14:15:00,-37.24115753173828,-34.16381072998047,139.37164306640625,143.2132568359375,2017-07-30_06:00:00,/mnt/L2_plus/winds_data_products/2017/DN170730_04/wrfout_d04_2017-07-30_060000.nc4,3,34,15.0,1.0,20083377,https://zenodo.org/records/20083377/files/WRF_models_DN170730_04.zip,uploaded,
DN170730_04,-35.53334626757041,141.51601399102046,2017-07-30T13:47:11,/mnt/L2_plus/events_trello/DN170730_04/WRF/wrfout_d04_2017-07-30_12:00:00,2017-07-30_13:45:00,2017-07-30_14:15:00,-37.24115753173828,-34.16381072998047,139.37164306640625,143.2132568359375,2017-07-30_12:00:00,/mnt/L2_plus/winds_data_products/2017/DN170730_04/wrfout_d04_2017-07-30_120000.nc4,3,10,15.0,1.0,20083377,https://zenodo.org/records/20083377/files/WRF_models_DN170730_04.zip,uploaded,
DN170824_01,-33.90361861099671,118.81712527492932,2017-08-24T11:38:25,/mnt/L2_plus/events_trello/DN170824_01/WRF/wrfout_d04_2017-08-23_12:00:00,2017-08-24_11:30:00,2017-08-24_12:00:00,-35.61143112182617,-32.53512191772461,116.71728515625,120.4791259765625,2017-08-23_12:00:00,/mnt/L2_plus/winds_data_products/2017/DN170824_01/wrfout_d04_2017-08-23_120000.nc4,3,97,15.0,1.0,20083377,https://zenodo.org/records/20083377/files/WRF_models_DN170824_01.zip,uploaded,
DN170824_01,-33.90361861099671,118.81712527492932,2017-08-24T11:38:25,/mnt/L2_plus/events_trello/DN170824_01/WRF/wrfout_d04_2017-08-23_18:00:00,2017-08-24_11:30:00,2017-08-24_12:00:00,-35.61143112182617,-32.53512191772461,116.71728515625,120.4791259765625,2017-08-23_18:00:00,/mnt/L2_plus/winds_data_products/2017/DN170824_01/wrfout_d04_2017-08-23_180000.nc4,3,73,15.0,1.0,20083377,https://zenodo.org/records/20083377/files/WRF_models_DN170824_01.zip,uploaded,
DN170824_01,-33.90361861099671,118.81712527492932,2017-08-24T11:38:25,/mnt/L2_plus/events_trello/DN170824_01/WRF/wrfout_d04_2017-08-24_00:00:00,2017-08-24_11:30:00,2017-08-24_12:00:00,-35.61143112182617,-32.53512191772461,116.71728515625,120.4791259765625,2017-08-24_00:00:00,/mnt/L2_plus/winds_data_products/2017/DN170824_01/wrfout_d04_2017-08-24_000000.nc4,3,49,15.0,1.0,20083377,https://zenodo.org/records/20083377/files/WRF_models_DN170824_01.zip,uploaded,
DN170824_01,-33.90361861099671,118.81712527492932,2017-08-24T11:38:25,/mnt/L2_plus/events_trello/DN170824_01/WRF/wrfout_d04_2017-08-24_06:00:00,2017-08-24_11:30:00,2017-08-24_12:00:00,-35.61143112182617,-32.53512191772461,116.71728515625,120.4791259765625,2017-08-24_06:00:00,/mnt/L2_plus/winds_data_products/2017/DN170824_01/wrfout_d04_2017-08-24_060000.nc4,3,25,15.0,1.0,20083377,https://zenodo.org/records/20083377/files/WRF_models_DN170824_01.zip,uploaded,
DN170829_02,-27.27612767399811,138.5711282937138,2017-08-29T16:30:14,/mnt/L2_plus/events_trello/DN170829_02/WRF/wrfout_d04_2017-08-29_06:00:00,2017-08-29_16:30:00,2017-08-29_17:00:00,-28.94356346130371,-25.947439193725586,136.65853881835938,140.08502197265625,2017-08-29_06:00:00,/mnt/L2_plus/winds_data_products/2017/DN170829_02/wrfout_d04_2017-08-29_060000.nc4,2,23,30.0,1.0,20083377,https://zenodo.org/records/20083377/files/WRF_models_DN170829_02.zip,uploaded,
DN170829_02,-27.27612767399811,138.5711282937138,2017-08-29T16:30:14,/mnt/L2_plus/events_trello/DN170829_02/WRF/wrfout_d04_2017-08-29_12:00:00,2017-08-29_16:30:00,2017-08-29_17:00:00,-28.94356346130371,-25.947439193725586,136.65853881835938,140.08502197265625,2017-08-29_12:00:00,/mnt/L2_plus/winds_data_products/2017/DN170829_02/wrfout_d04_2017-08-29_120000.nc4,2,11,30.0,1.0,20083377,https://zenodo.org/records/20083377/files/WRF_models_DN170829_02.zip,uploaded,
DN170927_02,-32.88333957236743,136.81359466830776,2017-09-27T10:51:41,/mnt/L2_plus/events_trello/DN170927_02/WRF/wrfout_d04_2017-09-26_12:00:00,2017-09-27_10:45:00,2017-09-27_11:15:00,-34.591156005859375,-31.51547622680664,134.73980712890625,138.45492553710938,2017-09-26_12:00:00,/mnt/L2_plus/winds_data_products/2017/DN170927_02/wrfout_d04_2017-09-26_120000.nc4,3,94,15.0,1.0,20083377,https://zenodo.org/records/20083377/files/WRF_models_DN170927_02.zip,uploaded,
DN170927_02,-32.88333957236743,136.81359466830776,2017-09-27T10:51:41,/mnt/L2_plus/events_trello/DN170927_02/WRF/wrfout_d04_2017-09-26_18:00:00,2017-09-27_10:45:00,2017-09-27_11:15:00,-34.591156005859375,-31.51547622680664,134.73980712890625,138.45492553710938,2017-09-26_18:00:00,/mnt/L2_plus/winds_data_products/2017/DN170927_02/wrfout_d04_2017-09-26_180000.nc4,3,70,15.0,1.0,20083377,https://zenodo.org/records/20083377/files/WRF_models_DN170927_02.zip,uploaded,
DN170927_02,-32.88333957236743,136.81359466830776,2017-09-27T10:51:41,/mnt/L2_plus/events_trello/DN170927_02/WRF/wrfout_d04_2017-09-27_00:00:00,2017-09-27_10:45:00,2017-09-27_11:15:00,-34.591156005859375,-31.51547622680664,134.73980712890625,138.45492553710938,2017-09-27_00:00:00,/mnt/L2_plus/winds_data_products/2017/DN170927_02/wrfout_d04_2017-09-27_000000.nc4,3,46,15.0,1.0,20083377,https://zenodo.org/records/20083377/files/WRF_models_DN170927_02.zip,uploaded,
DN170927_02,-32.88333957236743,136.81359466830776,2017-09-27T10:51:41,/mnt/L2_plus/events_trello/DN170927_02/WRF/wrfout_d04_2017-09-27_06:00:00,2017-09-27_10:45:00,2017-09-27_11:15:00,-34.591156005859375,-31.51547622680664,134.73980712890625,138.45492553710938,2017-09-27_06:00:00,/mnt/L2_plus/winds_data_products/2017/DN170927_02/wrfout_d04_2017-09-27_060000.nc4,3,22,15.0,1.0,20083377,https://zenodo.org/records/20083377/files/WRF_models_DN170927_02.zip,uploaded,
DN171009_01,-33.290676521047885,117.34511167516554,2017-10-09T17:40:22,/mnt/L2_plus/events_trello/DN171009_01/WRF/wrfout_d04_2017-10-08_18:00:00,2017-10-09_17:30:00,2017-10-09_18:00:00,-34.998477935791016,-31.922542572021484,115.26107788085938,118.99456787109375,2017-10-08_18:00:00,/mnt/L2_plus/winds_data_products/2017/DN171009_01/wrfout_d04_2017-10-08_180000.nc4,3,97,15.0,1.0,20083377,https://zenodo.org/records/20083377/files/WRF_models_DN171009_01.zip,uploaded,
DN171009_01,-33.290676521047885,117.34511167516554,2017-10-09T17:40:22,/mnt/L2_plus/events_trello/DN171009_01/WRF/wrfout_d04_2017-10-09_00:00:00,2017-10-09_17:30:00,2017-10-09_18:00:00,-34.998477935791016,-31.922542572021484,115.26107788085938,118.99456787109375,2017-10-09_00:00:00,/mnt/L2_plus/winds_data_products/2017/DN171009_01/wrfout_d04_2017-10-09_000000.nc4,3,73,15.0,1.0,20083377,https://zenodo.org/records/20083377/files/WRF_models_DN171009_01.zip,uploaded,
DN171009_01,-33.290676521047885,117.34511167516554,2017-10-09T17:40:22,/mnt/L2_plus/events_trello/DN171009_01/WRF/wrfout_d04_2017-10-09_06:00:00,2017-10-09_17:30:00,2017-10-09_18:00:00,-34.998477935791016,-31.922542572021484,115.26107788085938,118.99456787109375,2017-10-09_06:00:00,/mnt/L2_plus/winds_data_products/2017/DN171009_01/wrfout_d04_2017-10-09_060000.nc4,3,49,15.0,1.0,20083377,https://zenodo.org/records/20083377/files/WRF_models_DN171009_01.zip,uploaded,
DN171009_01,-33.290676521047885,117.34511167516554,2017-10-09T17:40:22,/mnt/L2_plus/events_trello/DN171009_01/WRF/wrfout_d04_2017-10-09_12:00:00,2017-10-09_17:30:00,2017-10-09_18:00:00,-34.998477935791016,-31.922542572021484,115.26107788085938,118.99456787109375,2017-10-09_12:00:00,/mnt/L2_plus/winds_data_products/2017/DN171009_01/wrfout_d04_2017-10-09_120000.nc4,3,25,15.0,1.0,20083377,https://zenodo.org/records/20083377/files/WRF_models_DN171009_01.zip,uploaded,
DN171125_02,-32.77312405515248,138.57208479736542,2017-11-25T15:45:33,/mnt/L2_plus/events_trello/DN171125_02/WRF/wrfout_d04_2017-11-24_18:00:00,2017-11-25_15:45:00,2017-11-25_16:00:00,-34.22517776489258,-31.761493682861328,136.79510498046875,139.76828002929688,2017-11-24_18:00:00,/mnt/L2_plus/winds_data_products/2017/DN171125_02/wrfout_d04_2017-11-24_180000.nc4,2,89,15.0,1.0,20083377,https://zenodo.org/records/20083377/files/WRF_models_DN171125_02.zip,uploaded,
DN171125_02,-32.77312405515248,138.57208479736542,2017-11-25T15:45:33,/mnt/L2_plus/events_trello/DN171125_02/WRF/wrfout_d04_2017-11-25_00:00:00,2017-11-25_15:45:00,2017-11-25_16:00:00,-34.22517776489258,-31.761493682861328,136.79510498046875,139.76828002929688,2017-11-25_00:00:00,/mnt/L2_plus/winds_data_products/2017/DN171125_02/wrfout_d04_2017-11-25_000000.nc4,2,65,15.0,1.0,20083377,https://zenodo.org/records/20083377/files/WRF_models_DN171125_02.zip,uploaded,
DN171125_02,-32.77312405515248,138.57208479736542,2017-11-25T15:45:33,/mnt/L2_plus/events_trello/DN171125_02/WRF/wrfout_d04_2017-11-25_06:00:00,2017-11-25_15:45:00,2017-11-25_16:00:00,-34.22517776489258,-31.761493682861328,136.79510498046875,139.76828002929688,2017-11-25_06:00:00,/mnt/L2_plus/winds_data_products/2017/DN171125_02/wrfout_d04_2017-11-25_060000.nc4,2,41,15.0,1.0,20083377,https://zenodo.org/records/20083377/files/WRF_models_DN171125_02.zip,uploaded,
DN171125_02,-32.77312405515248,138.57208479736542,2017-11-25T15:45:33,/mnt/L2_plus/events_trello/DN171125_02/WRF/wrfout_d04_2017-11-25_12:00:00,2017-11-25_15:45:00,2017-11-25_16:00:00,-34.22517776489258,-31.761493682861328,136.79510498046875,139.76828002929688,2017-11-25_12:00:00,/mnt/L2_plus/winds_data_products/2017/DN171125_02/wrfout_d04_2017-11-25_120000.nc4,2,17,15.0,1.0,20083377,https://zenodo.org/records/20083377/files/WRF_models_DN171125_02.zip,uploaded,
DN171220_01,-26.495858832380684,138.36093582370498,2017-12-20T17:24:33,/mnt/L2_plus/events_trello/DN171220_01/WRF/wrfout_d04_2017-12-19_18:00:00,2017-12-20_17:15:00,2017-12-20_17:45:00,-28.20364761352539,-25.131689071655273,136.42373657226562,139.8941650390625,2017-12-19_18:00:00,/mnt/L2_plus/winds_data_products/2017/DN171220_01/wrfout_d04_2017-12-19_180000.nc4,3,96,15.0,1.0,20083377,https://zenodo.org/records/20083377/files/WRF_models_DN171220_01.zip,uploaded,
DN171220_01,-26.495858832380684,138.36093582370498,2017-12-20T17:24:33,/mnt/L2_plus/events_trello/DN171220_01/WRF/wrfout_d04_2017-12-20_00:00:00,2017-12-20_17:15:00,2017-12-20_17:45:00,-28.20364761352539,-25.131689071655273,136.42373657226562,139.8941650390625,2017-12-20_00:00:00,/mnt/L2_plus/winds_data_products/2017/DN171220_01/wrfout_d04_2017-12-20_000000.nc4,3,72,15.0,1.0,20083377,https://zenodo.org/records/20083377/files/WRF_models_DN171220_01.zip,uploaded,
DN171220_01,-26.495858832380684,138.36093582370498,2017-12-20T17:24:33,/mnt/L2_plus/events_trello/DN171220_01/WRF/wrfout_d04_2017-12-20_06:00:00,2017-12-20_17:15:00,2017-12-20_17:45:00,-28.20364761352539,-25.131689071655273,136.42373657226562,139.8941650390625,2017-12-20_06:00:00,/mnt/L2_plus/winds_data_products/2017/DN171220_01/wrfout_d04_2017-12-20_060000.nc4,3,48,15.0,1.0,20083377,https://zenodo.org/records/20083377/files/WRF_models_DN171220_01.zip,uploaded,
DN171220_01,-26.495858832380684,138.36093582370498,2017-12-20T17:24:33,/mnt/L2_plus/events_trello/DN171220_01/WRF/wrfout_d04_2017-12-20_12:00:00,2017-12-20_17:15:00,2017-12-20_17:45:00,-28.20364761352539,-25.131689071655273,136.42373657226562,139.8941650390625,2017-12-20_12:00:00,/mnt/L2_plus/winds_data_products/2017/DN171220_01/wrfout_d04_2017-12-20_120000.nc4,3,24,15.0,1.0,20083377,https://zenodo.org/records/20083377/files/WRF_models_DN171220_01.zip,uploaded,
DN171224_01,-31.765705839922724,120.0940199510492,2017-12-24T17:32:04,/mnt/L2_plus/events_trello/DN171224_01/WRF/wrfout_d04_2017-12-24_00:00:00,2017-12-24_17:30:00,2017-12-24_18:00:00,-33.22152328491211,-30.767127990722656,118.34915161132812,121.27783203125,2017-12-24_00:00:00,/mnt/L2_plus/winds_data_products/2017/DN171224_01/wrfout_d04_2017-12-24_000000.nc4,2,37,30.0,1.0,20083377,https://zenodo.org/records/20083377/files/WRF_models_DN171224_01.zip,uploaded,
DN171224_01,-31.765705839922724,120.0940199510492,2017-12-24T17:32:04,/mnt/L2_plus/events_trello/DN171224_01/WRF/wrfout_d04_2017-12-24_06:00:00,2017-12-24_17:30:00,2017-12-24_18:00:00,-33.22152328491211,-30.767127990722656,118.34915161132812,121.27783203125,2017-12-24_06:00:00,/mnt/L2_plus/winds_data_products/2017/DN171224_01/wrfout_d04_2017-12-24_060000.nc4,2,25,30.0,1.0,20083377,https://zenodo.org/records/20083377/files/WRF_models_DN171224_01.zip,uploaded,
DN171224_01,-31.765705839922724,120.0940199510492,2017-12-24T17:32:04,/mnt/L2_plus/events_trello/DN171224_01/WRF/wrfout_d04_2017-12-24_12:00:00,2017-12-24_17:30:00,2017-12-24_18:00:00,-33.22152328491211,-30.767127990722656,118.34915161132812,121.27783203125,2017-12-24_12:00:00,/mnt/L2_plus/winds_data_products/2017/DN171224_01/wrfout_d04_2017-12-24_120000.nc4,2,13,30.0,1.0,20083377,https://zenodo.org/records/20083377/files/WRF_models_DN171224_01.zip,uploaded,
DN200416_01,-34.30565198347406,137.53217001910528,2020-04-16T17:24:23,/mnt/L2_plus/events_trello/DN200416_01/WRF/wrfout_d04_2020-04-16_06:00:00,2020-04-16_17:00:00,2020-04-16_18:00:00,-36.01968002319336,-32.93404769897461,135.4080810546875,139.21331787109375,2020-04-16_06:00:00,/mnt/L2_plus/winds_data_products/2020/DN200416_01/wrfout_d04_2020-04-16_060000.nc4,3,25,30.0,1.0,19965051,https://zenodo.org/records/19965051/files/WRF_models_DN200416_01.zip,uploaded,
DN200416_01,-34.30565198347406,137.53217001910528,2020-04-16T17:24:23,/mnt/L2_plus/events_trello/DN200416_01/WRF/wrfout_d04_2020-04-16_12:00:00,2020-04-16_17:00:00,2020-04-16_18:00:00,-36.01968002319336,-32.93404769897461,135.4080810546875,139.21331787109375,2020-04-16_12:00:00,/mnt/L2_plus/winds_data_products/2020/DN200416_01/wrfout_d04_2020-04-16_120000.nc4,3,13,30.0,1.0,19965051,https://zenodo.org/records/19965051/files/WRF_models_DN200416_01.zip,uploaded,
DN200902_01,-32.308381510589506,134.76226136342447,2020-09-02T16:04:47,/mnt/L2_plus/events_trello/DN200902_01/WRF/wrfout_d03_2020-09-02_00:00:00,2020-09-02_16:00:00,2020-09-02_16:30:00,-33.968502044677734,-31.041488647460938,132.76123046875,136.27133178710938,2020-09-02_00:00:00,/mnt/L2_plus/winds_data_products/2020/DN200902_01/wrfout_d03_2020-09-02_000000.nc4,4,100,10.0,3.0,19965051,https://zenodo.org/records/19965051/files/WRF_models_DN200902_01.zip,uploaded,
DN200902_01,-32.308381510589506,134.76226136342447,2020-09-02T16:04:47,/mnt/L2_plus/events_trello/DN200902_01/WRF/wrfout_d03_2020-09-02_06:00:00,2020-09-02_16:00:00,2020-09-02_16:30:00,-33.968502044677734,-31.041488647460938,132.76123046875,136.27133178710938,2020-09-02_06:00:00,/mnt/L2_plus/winds_data_products/2020/DN200902_01/wrfout_d03_2020-09-02_060000.nc4,4,64,10.0,3.0,19965051,https://zenodo.org/records/19965051/files/WRF_models_DN200902_01.zip,uploaded,
DN200902_01,-32.308381510589506,134.76226136342447,2020-09-02T16:04:47,/mnt/L2_plus/events_trello/DN200902_01/WRF/wrfout_d03_2020-09-02_12:00:00,2020-09-02_16:00:00,2020-09-02_16:30:00,-33.968502044677734,-31.041488647460938,132.76123046875,136.27133178710938,2020-09-02_12:00:00,/mnt/L2_plus/winds_data_products/2020/DN200902_01/wrfout_d03_2020-09-02_120000.nc4,4,28,10.0,3.0,19965051,https://zenodo.org/records/19965051/files/WRF_models_DN200902_01.zip,uploaded,
DN200910_01,-31.13439218006235,136.51027117383342,2020-09-10T10:12:05,/mnt/L2_plus/events_trello/DN200910_01/WRF/wrfout_d04_2020-09-09_18:00:00,2020-09-10_10:10:00,2020-09-10_10:30:00,-32.821834564208984,-29.78387451171875,134.50390625,138.0986328125,2020-09-09_18:00:00,/mnt/L2_plus/winds_data_products/2020/DN200910_01/wrfout_d04_2020-09-09_180000.nc4,3,100,10.0,1.0,19965051,https://zenodo.org/records/19965051/files/WRF_models_DN200910_01.zip,uploaded,
DN200910_01,-31.13439218006235,136.51027117383342,2020-09-10T10:12:05,/mnt/L2_plus/events_trello/DN200910_01/WRF/wrfout_d04_2020-09-10_00:00:00,2020-09-10_10:10:00,2020-09-10_10:30:00,-32.821834564208984,-29.78387451171875,134.50390625,138.0986328125,2020-09-10_00:00:00,/mnt/L2_plus/winds_data_products/2020/DN200910_01/wrfout_d04_2020-09-10_000000.nc4,3,64,10.0,1.0,19965051,https://zenodo.org/records/19965051/files/WRF_models_DN200910_01.zip,uploaded,
DN200910_01,-31.13439218006235,136.51027117383342,2020-09-10T10:12:05,/mnt/L2_plus/events_trello/DN200910_01/WRF/wrfout_d04_2020-09-10_06:00:00,2020-09-10_10:10:00,2020-09-10_10:30:00,-32.821834564208984,-29.78387451171875,134.50390625,138.0986328125,2020-09-10_06:00:00,/mnt/L2_plus/winds_data_products/2020/DN200910_01/wrfout_d04_2020-09-10_060000.nc4,3,28,10.0,1.0,19965051,https://zenodo.org/records/19965051/files/WRF_models_DN200910_01.zip,uploaded,
DN201027_01,38.8943124029028,-119.6063585326279,2020-10-27T11:03:44,/mnt/L2_plus/events_trello/DN201027_01/WRF/wrfout_d04_2020-10-27_06:00:00,2020-10-27_11:00:00,2020-10-27_11:30:00,37.16653060913086,40.24601745605469,-121.84321594238281,-117.83589172363281,2020-10-27_06:00:00,/mnt/L2_plus/winds_data_products/2020/DN201027_01/wrfout_d04_2020-10-27_060000.nc4,3,23,15.0,1.0,19965051,https://zenodo.org/records/19965051/files/WRF_models_DN201027_01.zip,uploaded,
DN201218_02,34.319925998410035,-5.437071109421009,2020-12-18T21:46:17,/mnt/L2_plus/events_trello/DN201218_02/WRF/wrfout_d04_2020-12-18_18:00:00.HDF,2020-12-18_21:45:00,2020-12-18_22:00:00,32.61529541015625,35.65620803833008,-7.5146484375,-3.792694091796875,2020-12-18_18:00:00,/mnt/L2_plus/winds_data_products/2020/DN201218_02/wrfout_d04_2020-12-18_180000.HDF.nc4,2,17,15.0,1.0,19965051,https://zenodo.org/records/19965051/files/WRF_models_DN201218_02.zip,uploaded,
2018-06-21_Ozerki,55.252,83.967,2018-06-21T01:16:20,/mnt/L2_plus/events_search/2018-06-21_Ozerki/WRF/wrfout_d04_2018-06-20_06:00:00,2018-06-21_01:15:00,2018-06-21_01:45:00,53.509037017822266,56.603858947753906,80.86611938476562,86.42181396484375,2018-06-20_06:00:00,/mnt/L2_plus/winds_data_products/2018/2018-06-21_Ozerki/wrfout_d04_2018-06-20_060000.nc4,3,80,15.0,1.0,20066733,https://zenodo.org/records/20066733/files/WRF_models_2018-06-21_Ozerki.zip,uploaded,
2018-06-21_Ozerki,55.252,83.967,2018-06-21T01:16:20,/mnt/L2_plus/events_search/2018-06-21_Ozerki/WRF/wrfout_d04_2018-06-20_12:00:00,2018-06-21_01:15:00,2018-06-21_01:45:00,53.509037017822266,56.603858947753906,80.86611938476562,86.42181396484375,2018-06-20_12:00:00,/mnt/L2_plus/winds_data_products/2018/2018-06-21_Ozerki/wrfout_d04_2018-06-20_120000.nc4,3,56,15.0,1.0,20066733,https://zenodo.org/records/20066733/files/WRF_models_2018-06-21_Ozerki.zip,uploaded,
2018-06-21_Ozerki,55.252,83.967,2018-06-21T01:16:20,/mnt/L2_plus/events_search/2018-06-21_Ozerki/WRF/wrfout_d04_2018-06-20_18:00:00,2018-06-21_01:15:00,2018-06-21_01:45:00,53.509037017822266,56.603858947753906,80.86611938476562,86.42181396484375,2018-06-20_18:00:00,/mnt/L2_plus/winds_data_products/2018/2018-06-21_Ozerki/wrfout_d04_2018-06-20_180000.nc4,3,32,15.0,1.0,20066733,https://zenodo.org/records/20066733/files/WRF_models_2018-06-21_Ozerki.zip,uploaded,
2018-06-21_Ozerki,55.252,83.967,2018-06-21T01:16:20,/mnt/L2_plus/events_search/2018-06-21_Ozerki/WRF/wrfout_d04_2018-06-21_00:00:00,2018-06-21_01:15:00,2018-06-21_01:45:00,53.509037017822266,56.603858947753906,80.86611938476562,86.42181396484375,2018-06-21_00:00:00,/mnt/L2_plus/winds_data_products/2018/2018-06-21_Ozerki/wrfout_d04_2018-06-21_000000.nc4,3,8,15.0,1.0,20066733,https://zenodo.org/records/20066733/files/WRF_models_2018-06-21_Ozerki.zip,uploaded,
2018LA,-21.251,23.287,2018-06-02T16:44:12,/mnt/L2_plus/events_search/2018LA/WRF/wrfout_d04_2018-06-01_18:00:00,2018-06-02_16:30:00,2018-06-02_17:15:00,-22.958759307861328,-19.88953971862793,21.432861328125,24.75445556640625,2018-06-01_18:00:00,/mnt/L2_plus/winds_data_products/2018/2018LA/wrfout_d04_2018-06-01_180000.nc4,4,94,15.0,1.0,20066733,https://zenodo.org/records/20066733/files/WRF_models_2018LA.zip,uploaded,
2018LA,-21.251,23.287,2018-06-02T16:44:12,/mnt/L2_plus/events_search/2018LA/WRF/wrfout_d04_2018-06-02_00:00:00,2018-06-02_16:30:00,2018-06-02_17:15:00,-22.958759307861328,-19.88953971862793,21.432861328125,24.75445556640625,2018-06-02_00:00:00,/mnt/L2_plus/winds_data_products/2018/2018LA/wrfout_d04_2018-06-02_000000.nc4,4,70,15.0,1.0,20066733,https://zenodo.org/records/20066733/files/WRF_models_2018LA.zip,uploaded,
2018LA,-21.251,23.287,2018-06-02T16:44:12,/mnt/L2_plus/events_search/2018LA/WRF/wrfout_d04_2018-06-02_06:00:00,2018-06-02_16:30:00,2018-06-02_17:15:00,-22.958759307861328,-19.88953971862793,21.432861328125,24.75445556640625,2018-06-02_06:00:00,/mnt/L2_plus/winds_data_products/2018/2018LA/wrfout_d04_2018-06-02_060000.nc4,4,46,15.0,1.0,20066733,https://zenodo.org/records/20066733/files/WRF_models_2018LA.zip,uploaded,
2018LA,-21.251,23.287,2018-06-02T16:44:12,/mnt/L2_plus/events_search/2018LA/WRF/wrfout_d04_2018-06-02_12:00:00,2018-06-02_16:30:00,2018-06-02_17:15:00,-22.958759307861328,-19.88953971862793,21.432861328125,24.75445556640625,2018-06-02_12:00:00,/mnt/L2_plus/winds_data_products/2018/2018LA/wrfout_d04_2018-06-02_120000.nc4,4,22,15.0,1.0,20066733,https://zenodo.org/records/20066733/files/WRF_models_2018LA.zip,uploaded,
NEXRAD_20180117_Hamburg-Michigan,42.441864,-83.820635,2018-01-17T01:08:00,/mnt/L2_plus/events_search/NEXRAD_20180117_Hamburg-Michigan/WRF/wrfout_d04_2018-01-16_06:00:00,2018-01-17_01:00:00,2018-01-17_01:30:00,40.711463928222656,43.79359436035156,-86.18576049804688,-81.94854736328125,2018-01-16_06:00:00,/mnt/L2_plus/winds_data_products/2018/NEXRAD_20180117_Hamburg-Michigan/wrfout_d04_2018-01-16_060000.nc4,3,79,15.0,1.0,20066733,https://zenodo.org/records/20066733/files/WRF_models_NEXRAD_20180117_Hamburg-Michigan.zip,uploaded,
NEXRAD_20180117_Hamburg-Michigan,42.441864,-83.820635,2018-01-17T01:08:00,/mnt/L2_plus/events_search/NEXRAD_20180117_Hamburg-Michigan/WRF/wrfout_d04_2018-01-16_12:00:00,2018-01-17_01:00:00,2018-01-17_01:30:00,40.711463928222656,43.79359436035156,-86.18576049804688,-81.94854736328125,2018-01-16_12:00:00,/mnt/L2_plus/winds_data_products/2018/NEXRAD_20180117_Hamburg-Michigan/wrfout_d04_2018-01-16_120000.nc4,3,55,15.0,1.0,20066733,https://zenodo.org/records/20066733/files/WRF_models_NEXRAD_20180117_Hamburg-Michigan.zip,uploaded,
NEXRAD_20180117_Hamburg-Michigan,42.441864,-83.820635,2018-01-17T01:08:00,/mnt/L2_plus/events_search/NEXRAD_20180117_Hamburg-Michigan/WRF/wrfout_d04_2018-01-16_18:00:00,2018-01-17_01:00:00,2018-01-17_01:30:00,40.711463928222656,43.79359436035156,-86.18576049804688,-81.94854736328125,2018-01-16_18:00:00,/mnt/L2_plus/winds_data_products/2018/NEXRAD_20180117_Hamburg-Michigan/wrfout_d04_2018-01-16_180000.nc4,3,31,15.0,1.0,20066733,https://zenodo.org/records/20066733/files/WRF_models_NEXRAD_20180117_Hamburg-Michigan.zip,uploaded,
NEXRAD_20180117_Hamburg-Michigan,42.441864,-83.820635,2018-01-17T01:08:00,/mnt/L2_plus/events_search/NEXRAD_20180117_Hamburg-Michigan/WRF/wrfout_d04_2018-01-17_00:00:00,2018-01-17_01:00:00,2018-01-17_01:30:00,40.711463928222656,43.79359436035156,-86.18576049804688,-81.94854736328125,2018-01-17_00:00:00,/mnt/L2_plus/winds_data_products/2018/NEXRAD_20180117_Hamburg-Michigan/wrfout_d04_2018-01-17_000000.nc4,3,7,15.0,1.0,20066733,https://zenodo.org/records/20066733/files/WRF_models_NEXRAD_20180117_Hamburg-Michigan.zip,uploaded,
NZ_2024-03-13,-44.132380,170.390146,2024-03-13T08:04:11,/mnt/L2_plus/events_search/NZ_2024-03-13/WRF/wrfout_d04_2024-03-12_12:00:00,2024-03-13_08:00:00,2024-03-13_08:30:00,-45.84024429321289,-42.75653839111328,167.93994140625,172.32958984375,2024-03-12_12:00:00,/mnt/L2_plus/winds_data_products/2024/NZ_2024-03-13/wrfout_d04_2024-03-12_120000.nc4,3,83,15.0,1.0,19967163,https://zenodo.org/records/19967163/files/WRF_models_NZ_2024-03-13.zip,uploaded,2026-05-26T07:50:50
NZ_2024-03-13,-44.132380,170.390146,2024-03-13T08:04:11,/mnt/L2_plus/events_search/NZ_2024-03-13/WRF/wrfout_d04_2024-03-12_18:00:00,2024-03-13_08:00:00,2024-03-13_08:30:00,-45.84024429321289,-42.75653839111328,167.93994140625,172.32958984375,2024-03-12_18:00:00,/mnt/L2_plus/winds_data_products/2024/NZ_2024-03-13/wrfout_d04_2024-03-12_180000.nc4,3,59,15.0,1.0,19967163,https://zenodo.org/records/19967163/files/WRF_models_NZ_2024-03-13.zip,uploaded,2026-05-26T07:50:50
NZ_2024-03-13,-44.132380,170.390146,2024-03-13T08:04:11,/mnt/L2_plus/events_search/NZ_2024-03-13/WRF/wrfout_d04_2024-03-13_00:00:00,2024-03-13_08:00:00,2024-03-13_08:30:00,-45.84024429321289,-42.75653839111328,167.93994140625,172.32958984375,2024-03-13_00:00:00,/mnt/L2_plus/winds_data_products/2024/NZ_2024-03-13/wrfout_d04_2024-03-13_000000.nc4,3,35,15.0,1.0,19967163,https://zenodo.org/records/19967163/files/WRF_models_NZ_2024-03-13.zip,uploaded,2026-05-26T07:50:50
NZ_2024-03-13,-44.132380,170.390146,2024-03-13T08:04:11,/mnt/L2_plus/events_search/NZ_2024-03-13/WRF/wrfout_d04_2024-03-13_06:00:00,2024-03-13_08:00:00,2024-03-13_08:30:00,-45.84024429321289,-42.75653839111328,167.93994140625,172.32958984375,2024-03-13_06:00:00,/mnt/L2_plus/winds_data_products/2024/NZ_2024-03-13/wrfout_d04_2024-03-13_060000.nc4,3,11,15.0,1.0,19967163,https://zenodo.org/records/19967163/files/WRF_models_NZ_2024-03-13.zip,uploaded,2026-05-26T07:50:50
UKMON_M20190330_035209,52.82112116,-0.38140908,2019-03-30T03:52:20,/mnt/L2_plus/events_search/UKMON_M20190330_035209/WRF/wrfout_d04_2019-03-29_06:00:00,2019-03-30_03:50:00,2019-03-30_04:00:00,51.54902267456055,54.05623245239258,-2.821563720703125,1.39794921875,2019-03-29_06:00:00,/mnt/L2_plus/winds_data_products/2019/UKMON_M20190330_035209/wrfout_d04_2019-03-29_060000.nc4,2,133,10.0,1.0,19971297,https://zenodo.org/records/19971297/files/WRF_models_UKMON_M20190330_035209.zip,uploaded,
UKMON_M20190330_035209,52.82112116,-0.38140908,2019-03-30T03:52:20,/mnt/L2_plus/events_search/UKMON_M20190330_035209/WRF/wrfout_d04_2019-03-29_12:00:00,2019-03-30_03:50:00,2019-03-30_04:00:00,51.54902267456055,54.05623245239258,-2.821563720703125,1.39794921875,2019-03-29_12:00:00,/mnt/L2_plus/winds_data_products/2019/UKMON_M20190330_035209/wrfout_d04_2019-03-29_120000.nc4,2,97,10.0,1.0,19971297,https://zenodo.org/records/19971297/files/WRF_models_UKMON_M20190330_035209.zip,uploaded,
UKMON_M20190330_035209,52.82112116,-0.38140908,2019-03-30T03:52:20,/mnt/L2_plus/events_search/UKMON_M20190330_035209/WRF/wrfout_d04_2019-03-29_18:00:00,2019-03-30_03:50:00,2019-03-30_04:00:00,51.54902267456055,54.05623245239258,-2.821563720703125,1.39794921875,2019-03-29_18:00:00,/mnt/L2_plus/winds_data_products/2019/UKMON_M20190330_035209/wrfout_d04_2019-03-29_180000.nc4,2,61,10.0,1.0,19971297,https://zenodo.org/records/19971297/files/WRF_models_UKMON_M20190330_035209.zip,uploaded,
UKMON_M20190330_035209,52.82112116,-0.38140908,2019-03-30T03:52:20,/mnt/L2_plus/events_search/UKMON_M20190330_035209/WRF/wrfout_d04_2019-03-30_00:00:00,2019-03-30_03:50:00,2019-03-30_04:00:00,51.54902267456055,54.05623245239258,-2.821563720703125,1.39794921875,2019-03-30_00:00:00,/mnt/L2_plus/winds_data_products/2019/UKMON_M20190330_035209/wrfout_d04_2019-03-30_000000.nc4,2,25,10.0,1.0,19971297,https://zenodo.org/records/19971297/files/WRF_models_UKMON_M20190330_035209.zip,uploaded,
UKR_2025-03-12T213229,50.310,30.324,2025-03-12T21:32:29,/mnt/L2_plus/events_search/UKR_2025-03-12T213229/WRF/wrfout_d04_2025-03-12_00:00:00,2025-03-12_21:30:00,2025-03-12_22:00:00,48.57262420654297,51.66178894042969,27.572052001953125,32.502349853515625,2025-03-12_00:00:00,/mnt/L2_plus/winds_data_products/2025/UKR_2025-03-12T213229/wrfout_d04_2025-03-12_000000.nc4,3,89,15.0,1.0,19967974,https://zenodo.org/records/19967974/files/WRF_models_UKR_2025-03-12T213229.zip,uploaded,
UKR_2025-03-12T213229,50.310,30.324,2025-03-12T21:32:29,/mnt/L2_plus/events_search/UKR_2025-03-12T213229/WRF/wrfout_d04_2025-03-12_06:00:00,2025-03-12_21:30:00,2025-03-12_22:00:00,48.57262420654297,51.66178894042969,27.572052001953125,32.502349853515625,2025-03-12_06:00:00,/mnt/L2_plus/winds_data_products/2025/UKR_2025-03-12T213229/wrfout_d04_2025-03-12_060000.nc4,3,65,15.0,1.0,19967974,https://zenodo.org/records/19967974/files/WRF_models_UKR_2025-03-12T213229.zip,uploaded,
UKR_2025-03-12T213229,50.310,30.324,2025-03-12T21:32:29,/mnt/L2_plus/events_search/UKR_2025-03-12T213229/WRF/wrfout_d04_2025-03-12_12:00:00,2025-03-12_21:30:00,2025-03-12_22:00:00,48.57262420654297,51.66178894042969,27.572052001953125,32.502349853515625,2025-03-12_12:00:00,/mnt/L2_plus/winds_data_products/2025/UKR_2025-03-12T213229/wrfout_d04_2025-03-12_120000.nc4,3,41,15.0,1.0,19967974,https://zenodo.org/records/19967974/files/WRF_models_UKR_2025-03-12T213229.zip,uploaded,
UKR_2025-03-12T213229,50.310,30.324,2025-03-12T21:32:29,/mnt/L2_plus/events_search/UKR_2025-03-12T213229/WRF/wrfout_d04_2025-03-12_18:00:00,2025-03-12_21:30:00,2025-03-12_22:00:00,48.57262420654297,51.66178894042969,27.572052001953125,32.502349853515625,2025-03-12_18:00:00,/mnt/L2_plus/winds_data_products/2025/UKR_2025-03-12T213229/wrfout_d04_2025-03-12_180000.nc4,3,17,15.0,1.0,19967974,https://zenodo.org/records/19967974/files/WRF_models_UKR_2025-03-12T213229.zip,uploaded,
USG_2023-05-20T11-22,-17.8,141.9,2023-05-20T11:22:22,/mnt/L2_plus/events_search/USG_2023-05-20T11-22/WRF/wrfout_d04_2023-05-19_12:00:00,2023-05-20_11:20:00,2023-05-20_12:00:00,-18.768104553222656,-17.1854248046875,140.87762451171875,142.54623413085938,2023-05-19_12:00:00,/mnt/L2_plus/winds_data_products/2023/USG_2023-05-20T11-22/wrfout_d04_2023-05-19_120000.nc4,3,73,20.0,1.0,19966241,https://zenodo.org/records/19966241/files/WRF_models_USG_2023-05-20T11-22.zip,uploaded,
USG_2023-05-20T11-22,-17.8,141.9,2023-05-20T11:22:22,/mnt/L2_plus/events_search/USG_2023-05-20T11-22/WRF/wrfout_d04_2023-05-19_18:00:00,2023-05-20_11:20:00,2023-05-20_12:00:00,-18.768104553222656,-17.1854248046875,140.87762451171875,142.54623413085938,2023-05-19_18:00:00,/mnt/L2_plus/winds_data_products/2023/USG_2023-05-20T11-22/wrfout_d04_2023-05-19_180000.nc4,3,55,20.0,1.0,19966241,https://zenodo.org/records/19966241/files/WRF_models_USG_2023-05-20T11-22.zip,uploaded,
USG_2023-05-20T11-22,-17.8,141.9,2023-05-20T11:22:22,/mnt/L2_plus/events_search/USG_2023-05-20T11-22/WRF/wrfout_d04_2023-05-20_00:00:00,2023-05-20_11:20:00,2023-05-20_12:00:00,-18.768104553222656,-17.1854248046875,140.87762451171875,142.54623413085938,2023-05-20_00:00:00,/mnt/L2_plus/winds_data_products/2023/USG_2023-05-20T11-22/wrfout_d04_2023-05-20_000000.nc4,3,37,20.0,1.0,19966241,https://zenodo.org/records/19966241/files/WRF_models_USG_2023-05-20T11-22.zip,uploaded,
USG_2023-05-20T11-22,-17.8,141.9,2023-05-20T11:22:22,/mnt/L2_plus/events_search/USG_2023-05-20T11-22/WRF/wrfout_d04_2023-05-20_06:00:00,2023-05-20_11:20:00,2023-05-20_12:00:00,-18.768104553222656,-17.1854248046875,140.87762451171875,142.54623413085938,2023-05-20_06:00:00,/mnt/L2_plus/winds_data_products/2023/USG_2023-05-20T11-22/wrfout_d04_2023-05-20_060000.nc4,3,19,20.0,1.0,19966241,https://zenodo.org/records/19966241/files/WRF_models_USG_2023-05-20T11-22.zip,uploaded,
2023-06-04_Belgium-NL,51.43595,3.76079,2023-06-04T22:10:03,/mnt/L2_plus/events_search/2023-06-04_Belgium-NL/WRF/wrfout_d04_2023-06-04_06:00:00,2023-06-04_22:00:00,2023-06-04_22:30:00,50.457908630371094,52.04776382446289,2.187408447265625,4.755401611328125,2023-06-04_06:00:00,/mnt/L2_plus/winds_data_products/2023/2023-06-04_Belgium-NL/wrfout_d04_2023-06-04_060000.nc4,3,67,15.0,1.0,19966241,https://zenodo.org/records/19966241/files/WRF_models_2023-06-04_Belgium-NL.zip,uploaded,
2023-06-04_Belgium-NL,51.43595,3.76079,2023-06-04T22:10:03,/mnt/L2_plus/events_search/2023-06-04_Belgium-NL/WRF/wrfout_d04_2023-06-04_12:00:00,2023-06-04_22:00:00,2023-06-04_22:30:00,50.457908630371094,52.04776382446289,2.187408447265625,4.755401611328125,2023-06-04_12:00:00,/mnt/L2_plus/winds_data_products/2023/2023-06-04_Belgium-NL/wrfout_d04_2023-06-04_120000.nc4,3,43,15.0,1.0,19966241,https://zenodo.org/records/19966241/files/WRF_models_2023-06-04_Belgium-NL.zip,uploaded,
DN250213_01,18.198077,53.6233756,2025-02-13T21:42:00,/mnt/L2_plus/events_trello/DN250213_01/WRF/wrfout_d04_2025-02-13_00:00:00,2025-02-13_21:30:00,2025-02-13_22:15:00,16.482101440429688,19.54971694946289,51.811431884765625,55.057464599609375,2025-02-13_00:00:00,/mnt/L2_plus/winds_data_products/2025/DN250213_01/wrfout_d04_2025-02-13_000000.nc4,4,90,15.0,1.0,19967974,https://zenodo.org/records/19967974/files/WRF_models_DN250213_01.zip,uploaded,
DN250213_01,18.198077,53.6233756,2025-02-13T21:42:00,/mnt/L2_plus/events_trello/DN250213_01/WRF/wrfout_d04_2025-02-13_06:00:00,2025-02-13_21:30:00,2025-02-13_22:15:00,16.482101440429688,19.54971694946289,51.811431884765625,55.057464599609375,2025-02-13_06:00:00,/mnt/L2_plus/winds_data_products/2025/DN250213_01/wrfout_d04_2025-02-13_060000.nc4,4,66,15.0,1.0,19967974,https://zenodo.org/records/19967974/files/WRF_models_DN250213_01.zip,uploaded,
DN250213_01,18.198077,53.6233756,2025-02-13T21:42:00,/mnt/L2_plus/events_trello/DN250213_01/WRF/wrfout_d04_2025-02-13_12:00:00,2025-02-13_21:30:00,2025-02-13_22:15:00,16.482101440429688,19.54971694946289,51.811431884765625,55.057464599609375,2025-02-13_12:00:00,/mnt/L2_plus/winds_data_products/2025/DN250213_01/wrfout_d04_2025-02-13_120000.nc4,4,42,15.0,1.0,19967974,https://zenodo.org/records/19967974/files/WRF_models_DN250213_01.zip,uploaded,
DN250213_01,18.198077,53.6233756,2025-02-13T21:42:00,/mnt/L2_plus/events_trello/DN250213_01/WRF/wrfout_d04_2025-02-13_18:00:00,2025-02-13_21:30:00,2025-02-13_22:15:00,16.482101440429688,19.54971694946289,51.811431884765625,55.057464599609375,2025-02-13_18:00:00,/mnt/L2_plus/winds_data_products/2025/DN250213_01/wrfout_d04_2025-02-13_180000.nc4,4,18,15.0,1.0,19967974,https://zenodo.org/records/19967974/files/WRF_models_DN250213_01.zip,uploaded,
DN250810_01,-36.946410692510696,143.85780423843192,2025-08-10T09:34:00,/mnt/L2_plus/events_trello/DN250810_01/WRF/wrfout_d04_2025-08-09_12:00:00,2025-08-10_09:30:00,2025-08-10_10:00:00,-38.78770065307617,-35.709293365478516,141.32736206054688,145.25094604492188,2025-08-09_12:00:00,/mnt/L2_plus/winds_data_products/2025/DN250810_01/wrfout_d04_2025-08-09_120000.nc4,3,89,15.0,1.0,19967974,https://zenodo.org/records/19967974/files/WRF_models_DN250810_01.zip,uploaded,
DN250810_01,-36.946410692510696,143.85780423843192,2025-08-10T09:34:00,/mnt/L2_plus/events_trello/DN250810_01/WRF/wrfout_d04_2025-08-09_18:00:00,2025-08-10_09:30:00,2025-08-10_10:00:00,-38.78770065307617,-35.709293365478516,141.32736206054688,145.25094604492188,2025-08-09_18:00:00,/mnt/L2_plus/winds_data_products/2025/DN250810_01/wrfout_d04_2025-08-09_180000.nc4,3,65,15.0,1.0,19967974,https://zenodo.org/records/19967974/files/WRF_models_DN250810_01.zip,uploaded,
DN250810_01,-36.946410692510696,143.85780423843192,2025-08-10T09:34:00,/mnt/L2_plus/events_trello/DN250810_01/WRF/wrfout_d04_2025-08-10_00:00:00,2025-08-10_09:30:00,2025-08-10_10:00:00,-38.78770065307617,-35.709293365478516,141.32736206054688,145.25094604492188,2025-08-10_00:00:00,/mnt/L2_plus/winds_data_products/2025/DN250810_01/wrfout_d04_2025-08-10_000000.nc4,3,41,15.0,1.0,19967974,https://zenodo.org/records/19967974/files/WRF_models_DN250810_01.zip,uploaded,
DN250810_01,-36.946410692510696,143.85780423843192,2025-08-10T09:34:00,/mnt/L2_plus/events_trello/DN250810_01/WRF/wrfout_d04_2025-08-10_06:00:00,2025-08-10_09:30:00,2025-08-10_10:00:00,-38.78770065307617,-35.709293365478516,141.32736206054688,145.25094604492188,2025-08-10_06:00:00,/mnt/L2_plus/winds_data_products/2025/DN250810_01/wrfout_d04_2025-08-10_060000.nc4,3,17,15.0,1.0,19967974,https://zenodo.org/records/19967974/files/WRF_models_DN250810_01.zip,uploaded,
DN221023_04,51.78012,-1.83055,2022-10-23T19:34:03,/mnt/L2_plus/events_trello/DN221023_04/WRF/wrfout_d04_2022-10-23_00:00:00,2022-10-23_19:30:00,2022-10-23_20:00:00,50.041656494140625,53.131019592285156,-4.672607421875,0.419189453125,2022-10-23_00:00:00,/mnt/L2_plus/winds_data_products/2022/DN221023_04/wrfout_d04_2022-10-23_000000.nc4,3,81,15.0,1.0,19965662,https://zenodo.org/records/19965662/files/WRF_models_DN221023_04.zip,uploaded,
DN221023_04,51.78012,-1.83055,2022-10-23T19:34:03,/mnt/L2_plus/events_trello/DN221023_04/WRF/wrfout_d04_2022-10-23_06:00:00,2022-10-23_19:30:00,2022-10-23_20:00:00,50.041656494140625,53.131019592285156,-4.672607421875,0.419189453125,2022-10-23_06:00:00,/mnt/L2_plus/winds_data_products/2022/DN221023_04/wrfout_d04_2022-10-23_060000.nc4,3,57,15.0,1.0,19965662,https://zenodo.org/records/19965662/files/WRF_models_DN221023_04.zip,uploaded,
DN221023_04,51.78012,-1.83055,2022-10-23T19:34:03,/mnt/L2_plus/events_trello/DN221023_04/WRF/wrfout_d04_2022-10-23_12:00:00,2022-10-23_19:30:00,2022-10-23_20:00:00,50.041656494140625,53.131019592285156,-4.672607421875,0.419189453125,2022-10-23_12:00:00,/mnt/L2_plus/winds_data_products/2022/DN221023_04/wrfout_d04_2022-10-23_120000.nc4,3,33,15.0,1.0,19965662,https://zenodo.org/records/19965662/files/WRF_models_DN221023_04.zip,uploaded,
DN221023_04,51.78012,-1.83055,2022-10-23T19:34:03,/mnt/L2_plus/events_trello/DN221023_04/WRF/wrfout_d04_2022-10-23_18:00:00,2022-10-23_19:30:00,2022-10-23_20:00:00,50.041656494140625,53.131019592285156,-4.672607421875,0.419189453125,2022-10-23_18:00:00,/mnt/L2_plus/winds_data_products/2022/DN221023_04/wrfout_d04_2022-10-23_180000.nc4,3,9,15.0,1.0,19965662,https://zenodo.org/records/19965662/files/WRF_models_DN221023_04.zip,uploaded,
DN170507_03,-31.18593537479159,117.2857594111206,2017-05-07T16:37:18,/mnt/L2_plus/events_trello/DN170507_03/WRF/wrfout_d04_2017-05-06_18:00:00,2017-05-07_16:30:00,2017-05-07_17:00:00,-32.89374923706055,-29.8190975189209,115.25262451171875,118.89495849609375,2017-05-06_18:00:00,/mnt/L2_plus/winds_data_products/2017/DN170507_03/wrfout_d04_2017-05-06_180000.nc4,3,93,15.0,1.0,20083377,https://zenodo.org/records/20083377/files/WRF_models_DN170507_03.zip,uploaded,
DN170507_03,-31.18593537479159,117.2857594111206,2017-05-07T16:37:18,/mnt/L2_plus/events_trello/DN170507_03/WRF/wrfout_d04_2017-05-07_00:00:00,2017-05-07_16:30:00,2017-05-07_17:00:00,-32.89374923706055,-29.8190975189209,115.25262451171875,118.89495849609375,2017-05-07_00:00:00,/mnt/L2_plus/winds_data_products/2017/DN170507_03/wrfout_d04_2017-05-07_000000.nc4,3,69,15.0,1.0,20083377,https://zenodo.org/records/20083377/files/WRF_models_DN170507_03.zip,uploaded,
DN170507_03,-31.18593537479159,117.2857594111206,2017-05-07T16:37:18,/mnt/L2_plus/events_trello/DN170507_03/WRF/wrfout_d04_2017-05-07_06:00:00,2017-05-07_16:30:00,2017-05-07_17:00:00,-32.89374923706055,-29.8190975189209,115.25262451171875,118.89495849609375,2017-05-07_06:00:00,/mnt/L2_plus/winds_data_products/2017/DN170507_03/wrfout_d04_2017-05-07_060000.nc4,3,45,15.0,1.0,20083377,https://zenodo.org/records/20083377/files/WRF_models_DN170507_03.zip,uploaded,
DN170507_03,-31.18593537479159,117.2857594111206,2017-05-07T16:37:18,/mnt/L2_plus/events_trello/DN170507_03/WRF/wrfout_d04_2017-05-07_12:00:00,2017-05-07_16:30:00,2017-05-07_17:00:00,-32.89374923706055,-29.8190975189209,115.25262451171875,118.89495849609375,2017-05-07_12:00:00,/mnt/L2_plus/winds_data_products/2017/DN170507_03/wrfout_d04_2017-05-07_120000.nc4,3,21,15.0,1.0,20083377,https://zenodo.org/records/20083377/files/WRF_models_DN170507_03.zip,uploaded,
DN170606_03,-32.46277924525141,140.88355091312212,2017-06-06T17:22:51,/mnt/L2_plus/events_trello/DN170606_03/WRF/wrfout_d03_2017-06-06_00:00:00,2017-06-06_17:00:00,2017-06-06_18:00:00,-34.129459381103516,-31.19152069091797,138.86175537109375,142.40435791015625,2017-06-06_00:00:00,/mnt/L2_plus/winds_data_products/2017/DN170606_03/wrfout_d03_2017-06-06_000000.nc4,2,19,60.0,3.0,20083377,https://zenodo.org/records/20083377/files/WRF_models_DN170606_03.zip,uploaded,
DN170606_03,-32.46277924525141,140.88355091312212,2017-06-06T17:22:51,/mnt/L2_plus/events_trello/DN170606_03/WRF/wrfout_d03_2017-06-06_06:00:00,2017-06-06_17:00:00,2017-06-06_18:00:00,-34.129459381103516,-31.19152069091797,138.86175537109375,142.40435791015625,2017-06-06_06:00:00,/mnt/L2_plus/winds_data_products/2017/DN170606_03/wrfout_d03_2017-06-06_060000.nc4,2,13,60.0,3.0,20083377,https://zenodo.org/records/20083377/files/WRF_models_DN170606_03.zip,uploaded,
DN170606_03,-32.46277924525141,140.88355091312212,2017-06-06T17:22:51,/mnt/L2_plus/events_trello/DN170606_03/WRF/wrfout_d04_2017-06-06_12:00:00,2017-06-06_17:20:00,2017-06-06_18:00:00,-33.919395446777344,-31.458473205566406,139.12106323242188,142.08056640625,2017-06-06_12:00:00,/mnt/L2_plus/winds_data_products/2017/DN170606_03/wrfout_d04_2017-06-06_120000.nc4,5,37,10.0,1.0,20083377,https://zenodo.org/records/20083377/files/WRF_models_DN170606_03.zip,uploaded,
DN150314_03,-29.84828179649426,134.87398092173532,2015-03-14T15:09:32,/mnt/L2_plus/events_trello/DN150314_03/WRF/wrfout_d04_2015-03-14_12:00:00,2015-03-14_15:00:00,2015-03-14_15:40:00,-31.29078483581543,-28.855937957763672,133.18060302734375,136.0269775390625,2015-03-14_12:00:00,/mnt/L2_plus/winds_data_products/2015/DN150314_03/wrfout_d04_2015-03-14_120000.nc4,5,25,10.0,1.0,20066408,https://zenodo.org/records/20066408/files/WRF_models_DN150314_03.zip,uploaded,
DN151212_03,-29.0129919620838,138.2674107312397,2015-12-12T11:36:23,/mnt/L2_plus/events_trello/DN151212_03/WRF/wrfout_d03_2015-12-11_12:00:00,2015-12-12_11:30:00,2015-12-12_12:00:00,-30.65390396118164,-27.75823974609375,136.35650634765625,139.72161865234375,2015-12-11_12:00:00,/mnt/L2_plus/winds_data_products/2015/DN151212_03/wrfout_d03_2015-12-11_120000.nc4,2,49,30.0,3.0,20066408,https://zenodo.org/records/20066408/files/WRF_models_DN151212_03.zip,uploaded,
DN151212_03,-29.0129919620838,138.2674107312397,2015-12-12T11:36:23,/mnt/L2_plus/events_trello/DN151212_03/WRF/wrfout_d03_2015-12-11_18:00:00,2015-12-12_11:30:00,2015-12-12_12:00:00,-30.65390396118164,-27.75823974609375,136.35650634765625,139.72161865234375,2015-12-11_18:00:00,/mnt/L2_plus/winds_data_products/2015/DN151212_03/wrfout_d03_2015-12-11_180000.nc4,2,37,30.0,3.0,20066408,https://zenodo.org/records/20066408/files/WRF_models_DN151212_03.zip,uploaded,
DN151212_03,-29.0129919620838,138.2674107312397,2015-12-12T11:36:23,/mnt/L2_plus/events_trello/DN151212_03/WRF/wrfout_d03_2015-12-12_06:00:00,2015-12-12_11:30:00,2015-12-12_12:00:00,-30.65390396118164,-27.75823974609375,136.35650634765625,139.72161865234375,2015-12-12_06:00:00,/mnt/L2_plus/winds_data_products/2015/DN151212_03/wrfout_d03_2015-12-12_060000.nc4,2,13,30.0,3.0,20066408,https://zenodo.org/records/20066408/files/WRF_models_DN151212_03.zip,uploaded,
DN151212_03,-29.0129919620838,138.2674107312397,2015-12-12T11:36:23,/mnt/L2_plus/events_trello/DN151212_03/WRF/wrfout_d04_2015-12-12_00:00:00,2015-12-12_11:30:00,2015-12-12_12:00:00,-30.44655990600586,-28.02092742919922,136.6025390625,139.4141845703125,2015-12-12_00:00:00,/mnt/L2_plus/winds_data_products/2015/DN151212_03/wrfout_d04_2015-12-12_000000.nc4,2,25,30.0,1.0,20066408,https://zenodo.org/records/20066408/files/WRF_models_DN151212_03.zip,uploaded,
DN161017_01,-32.62461291986947,116.84037583365006,2016-10-17T13:10:13,/mnt/L2_plus/events_trello/DN161017_01/WRF/wrfout_d04_2016-10-16_18:00:00,2016-10-17_13:10:00,2016-10-17_13:50:00,-34.08191680908203,-31.619529724121094,115.075927734375,118.04266357421875,2016-10-16_18:00:00,/mnt/L2_plus/winds_data_products/2016/DN161017_01/wrfout_d04_2016-10-16_180000.nc4,5,124,10.0,1.0,19993887,https://zenodo.org/records/19993887/files/WRF_models_DN161017_01.zip,uploaded,
DN161017_01,-32.62461291986947,116.84037583365006,2016-10-17T13:10:13,/mnt/L2_plus/events_trello/DN161017_01/WRF/wrfout_d04_2016-10-17_00:00:00,2016-10-17_13:10:00,2016-10-17_13:50:00,-34.08191680908203,-31.619529724121094,115.075927734375,118.04266357421875,2016-10-17_00:00:00,/mnt/L2_plus/winds_data_products/2016/DN161017_01/wrfout_d04_2016-10-17_000000.nc4,5,109,10.0,1.0,19993887,https://zenodo.org/records/19993887/files/WRF_models_DN161017_01.zip,uploaded,
DN161017_01,-32.62461291986947,116.84037583365006,2016-10-17T13:10:13,/mnt/L2_plus/events_trello/DN161017_01/WRF/wrfout_d04_2016-10-17_06:00:00,2016-10-17_13:10:00,2016-10-17_13:50:00,-34.08191680908203,-31.619529724121094,115.075927734375,118.04266357421875,2016-10-17_06:00:00,/mnt/L2_plus/winds_data_products/2016/DN161017_01/wrfout_d04_2016-10-17_060000.nc4,5,69,10.0,1.0,19993887,https://zenodo.org/records/19993887/files/WRF_models_DN161017_01.zip,uploaded,
DN170406_02,-32.468362556674485,134.34737068964324,2017-04-06T12:59:10,/mnt/L2_plus/events_trello/DN170406_02/WRF/wrfout_d04_2017-04-06_06:00:00,2017-04-06_12:30:00,2017-04-06_13:30:00,-33.925662994384766,-31.356142044067383,132.58697509765625,135.67874145507812,2017-04-06_06:00:00,/mnt/L2_plus/winds_data_products/2017/DN170406_02/wrfout_d04_2017-04-06_060000.nc4,3,16,30.0,1.0,20083377,https://zenodo.org/records/20083377/files/WRF_models_DN170406_02.zip,uploaded,
DN170406_02,-32.468362556674485,134.34737068964324,2017-04-06T12:59:10,/mnt/L2_plus/events_trello/DN170406_02/WRF/wrfout_d04_2017-04-06_12:00:00,2017-04-06_12:30:00,2017-04-06_13:30:00,-33.925662994384766,-31.356142044067383,132.58697509765625,135.67874145507812,2017-04-06_12:00:00,/mnt/L2_plus/winds_data_products/2017/DN170406_02/wrfout_d04_2017-04-06_120000.nc4,3,4,30.0,1.0,20083377,https://zenodo.org/records/20083377/files/WRF_models_DN170406_02.zip,uploaded,
DN180910_02,-30.898340005231763,127.0482731278122,2018-09-10T12:13:38,/mnt/L2_plus/events_trello/DN180910_02/WRF/wrfout_d04_2018-09-09_18:00:00,2018-09-10_12:00:00,2018-09-10_12:30:00,-32.347225189208984,-29.90140724182129,125.32858276367188,128.219482421875,2018-09-09_18:00:00,/mnt/L2_plus/winds_data_products/2018/DN180910_02/wrfout_d04_2018-09-09_180000.nc4,3,75,15.0,1.0,20066733,https://zenodo.org/records/20066733/files/WRF_models_DN180910_02.zip,uploaded,
DN180910_02,-30.898340005231763,127.0482731278122,2018-09-10T12:13:38,/mnt/L2_plus/events_trello/DN180910_02/WRF/wrfout_d04_2018-09-10_00:00:00,2018-09-10_12:00:00,2018-09-10_12:30:00,-32.347225189208984,-29.90140724182129,125.32858276367188,128.219482421875,2018-09-10_00:00:00,/mnt/L2_plus/winds_data_products/2018/DN180910_02/wrfout_d04_2018-09-10_000000.nc4,3,51,15.0,1.0,20066733,https://zenodo.org/records/20066733/files/WRF_models_DN180910_02.zip,uploaded,
DN180910_02,-30.898340005231763,127.0482731278122,2018-09-10T12:13:38,/mnt/L2_plus/events_trello/DN180910_02/WRF/wrfout_d04_2018-09-10_06:00:00,2018-09-10_12:00:00,2018-09-10_12:30:00,-32.347225189208984,-29.90140724182129,125.32858276367188,128.219482421875,2018-09-10_06:00:00,/mnt/L2_plus/winds_data_products/2018/DN180910_02/wrfout_d04_2018-09-10_060000.nc4,3,27,15.0,1.0,20066733,https://zenodo.org/records/20066733/files/WRF_models_DN180910_02.zip,uploaded,
DN180910_02,-30.898340005231763,127.0482731278122,2018-09-10T12:13:38,/mnt/L2_plus/events_trello/DN180910_02/WRF/wrfout_d04_2018-09-10_12:00:00,2018-09-10_12:00:00,2018-09-10_12:30:00,-32.347225189208984,-29.90140724182129,125.32858276367188,128.219482421875,2018-09-10_12:00:00,/mnt/L2_plus/winds_data_products/2018/DN180910_02/wrfout_d04_2018-09-10_120000.nc4,3,3,15.0,1.0,20066733,https://zenodo.org/records/20066733/files/WRF_models_DN180910_02.zip,uploaded,
DN220828_01,-45.826851,170.032162,2022-08-28T10:50:07,/mnt/L2_plus/events_trello/DN220828_01/WRF/wrfout_d03_2022-08-27_12:00:00,2022-08-28_10:50:00,2022-08-28_11:00:00,-48.285011291503906,-43.651371002197266,166.3431396484375,173.21868896484375,2022-08-27_12:00:00,/mnt/L2_plus/winds_data_products/2022/DN220828_01/wrfout_d03_2022-08-27_120000.nc4,2,139,10.0,3.0,19965662,https://zenodo.org/records/19965662/files/WRF_models_DN220828_01.zip,uploaded,
DN220828_01,-45.826851,170.032162,2022-08-28T10:50:07,/mnt/L2_plus/events_trello/DN220828_01/WRF/wrfout_d03_2022-08-28_00:00:00,2022-08-28_10:50:00,2022-08-28_11:00:00,-48.285011291503906,-43.651371002197266,166.3431396484375,173.21868896484375,2022-08-28_00:00:00,/mnt/L2_plus/winds_data_products/2022/DN220828_01/wrfout_d03_2022-08-28_000000.nc4,2,67,10.0,3.0,19965662,https://zenodo.org/records/19965662/files/WRF_models_DN220828_01.zip,uploaded,
DN220828_01,-45.826851,170.032162,2022-08-28T10:50:07,/mnt/L2_plus/events_trello/DN220828_01/WRF/wrfout_d03_2022-08-28_06:00:00,2022-08-28_10:50:00,2022-08-28_11:00:00,-48.285011291503906,-43.651371002197266,166.3431396484375,173.21868896484375,2022-08-28_06:00:00,/mnt/L2_plus/winds_data_products/2022/DN220828_01/wrfout_d03_2022-08-28_060000.nc4,2,31,10.0,3.0,19965662,https://zenodo.org/records/19965662/files/WRF_models_DN220828_01.zip,uploaded,
DN201119_01,35.28428691524969,-117.89203419128421,2020-11-19T10:03:16,/mnt/L2_plus/events_trello/DN201119_01/WRF/wrfout_d04_2020-11-18_12:00:00,2020-11-19_10:00:00,2020-11-19_10:30:00,33.5589485168457,36.63599395751953,-120.019775390625,-116.20794677734375,2020-11-18_12:00:00,/mnt/L2_plus/winds_data_products/2020/DN201119_01/wrfout_d04_2020-11-18_120000.nc4,3,91,15.0,1.0,19965051,https://zenodo.org/records/19965051/files/WRF_models_DN201119_01.zip,uploaded,
DN201119_01,35.28428691524969,-117.89203419128421,2020-11-19T10:03:16,/mnt/L2_plus/events_trello/DN201119_01/WRF/wrfout_d04_2020-11-18_18:00:00,2020-11-19_10:00:00,2020-11-19_10:30:00,33.5589485168457,36.63599395751953,-120.019775390625,-116.20794677734375,2020-11-18_18:00:00,/mnt/L2_plus/winds_data_products/2020/DN201119_01/wrfout_d04_2020-11-18_180000.nc4,3,67,15.0,1.0,19965051,https://zenodo.org/records/19965051/files/WRF_models_DN201119_01.zip,uploaded,
DN201119_01,35.28428691524969,-117.89203419128421,2020-11-19T10:03:16,/mnt/L2_plus/events_trello/DN201119_01/WRF/wrfout_d04_2020-11-19_00:00:00,2020-11-19_10:00:00,2020-11-19_10:30:00,33.5589485168457,36.63599395751953,-120.019775390625,-116.20794677734375,2020-11-19_00:00:00,/mnt/L2_plus/winds_data_products/2020/DN201119_01/wrfout_d04_2020-11-19_000000.nc4,3,43,15.0,1.0,19965051,https://zenodo.org/records/19965051/files/WRF_models_DN201119_01.zip,uploaded,
DN201119_01,35.28428691524969,-117.89203419128421,2020-11-19T10:03:16,/mnt/L2_plus/events_trello/DN201119_01/WRF/wrfout_d04_2020-11-19_06:00:00,2020-11-19_10:00:00,2020-11-19_10:30:00,33.5589485168457,36.63599395751953,-120.019775390625,-116.20794677734375,2020-11-19_06:00:00,/mnt/L2_plus/winds_data_products/2020/DN201119_01/wrfout_d04_2020-11-19_060000.nc4,3,19,15.0,1.0,19965051,https://zenodo.org/records/19965051/files/WRF_models_DN201119_01.zip,uploaded,
DN220225_03,-31.984766511203624,135.14241269706795,2022-02-25T12:05:52,/mnt/L2_plus/events_trello/DN220225_03/WRF/wrfout_d04_2022-02-24_18:00:00,2022-02-25_12:00:00,2022-02-25_12:30:00,-33.69257354736328,-30.617450714111328,133.090576171875,136.766357421875,2022-02-24_18:00:00,/mnt/L2_plus/winds_data_products/2022/DN220225_03/wrfout_d04_2022-02-24_180000.nc4,3,75,15.0,1.0,19965662,https://zenodo.org/records/19965662/files/WRF_models_DN220225_03.zip,uploaded,
DN220225_03,-31.984766511203624,135.14241269706795,2022-02-25T12:05:52,/mnt/L2_plus/events_trello/DN220225_03/WRF/wrfout_d04_2022-02-25_00:00:00,2022-02-25_12:00:00,2022-02-25_12:30:00,-33.69257354736328,-30.617450714111328,133.090576171875,136.766357421875,2022-02-25_00:00:00,/mnt/L2_plus/winds_data_products/2022/DN220225_03/wrfout_d04_2022-02-25_000000.nc4,3,51,15.0,1.0,19965662,https://zenodo.org/records/19965662/files/WRF_models_DN220225_03.zip,uploaded,
DN220225_03,-31.984766511203624,135.14241269706795,2022-02-25T12:05:52,/mnt/L2_plus/events_trello/DN220225_03/WRF/wrfout_d04_2022-02-25_06:00:00,2022-02-25_12:00:00,2022-02-25_12:30:00,-33.69257354736328,-30.617450714111328,133.090576171875,136.766357421875,2022-02-25_06:00:00,/mnt/L2_plus/winds_data_products/2022/DN220225_03/wrfout_d04_2022-02-25_060000.nc4,3,27,15.0,1.0,19965662,https://zenodo.org/records/19965662/files/WRF_models_DN220225_03.zip,uploaded,
DN220225_03,-31.984766511203624,135.14241269706795,2022-02-25T12:05:52,/mnt/L2_plus/events_trello/DN220225_03/WRF/wrfout_d04_2022-02-25_12:00:00,2022-02-25_12:00:00,2022-02-25_12:30:00,-33.69257354736328,-30.617450714111328,133.090576171875,136.766357421875,2022-02-25_12:00:00,/mnt/L2_plus/winds_data_products/2022/DN220225_03/wrfout_d04_2022-02-25_120000.nc4,3,3,15.0,1.0,19965662,https://zenodo.org/records/19965662/files/WRF_models_DN220225_03.zip,uploaded,
DN200226_01,26.344587832023688,44.10420558809901,2020-02-26T23:01:00,/mnt/L2_plus/events_trello/DN200226_01/WRF/wrfout_d04_2020-02-26_00:00:00,2020-02-26_23:00:00,2020-02-26_23:30:00,24.624452590942383,27.69623374938965,42.17584228515625,45.63043212890625,2020-02-26_00:00:00,/mnt/L2_plus/winds_data_products/2020/DN200226_01/wrfout_d04_2020-02-26_000000.nc4,3,95,15.0,1.0,19965051,https://zenodo.org/records/19965051/files/WRF_models_DN200226_01.zip,uploaded,
DN200226_01,26.344587832023688,44.10420558809901,2020-02-26T23:01:00,/mnt/L2_plus/events_trello/DN200226_01/WRF/wrfout_d04_2020-02-26_06:00:00,2020-02-26_23:00:00,2020-02-26_23:30:00,24.624452590942383,27.69623374938965,42.17584228515625,45.63043212890625,2020-02-26_06:00:00,/mnt/L2_plus/winds_data_products/2020/DN200226_01/wrfout_d04_2020-02-26_060000.nc4,3,71,15.0,1.0,19965051,https://zenodo.org/records/19965051/files/WRF_models_DN200226_01.zip,uploaded,
DN200226_01,26.344587832023688,44.10420558809901,2020-02-26T23:01:00,/mnt/L2_plus/events_trello/DN200226_01/WRF/wrfout_d04_2020-02-26_12:00:00,2020-02-26_23:00:00,2020-02-26_23:30:00,24.624452590942383,27.69623374938965,42.17584228515625,45.63043212890625,2020-02-26_12:00:00,/mnt/L2_plus/winds_data_products/2020/DN200226_01/wrfout_d04_2020-02-26_120000.nc4,3,47,15.0,1.0,19965051,https://zenodo.org/records/19965051/files/WRF_models_DN200226_01.zip,uploaded,
DN200226_01,26.344587832023688,44.10420558809901,2020-02-26T23:01:00,/mnt/L2_plus/events_trello/DN200226_01/WRF/wrfout_d04_2020-02-26_18:00:00,2020-02-26_23:00:00,2020-02-26_23:30:00,24.624452590942383,27.69623374938965,42.17584228515625,45.63043212890625,2020-02-26_18:00:00,/mnt/L2_plus/winds_data_products/2020/DN200226_01/wrfout_d04_2020-02-26_180000.nc4,3,23,15.0,1.0,19965051,https://zenodo.org/records/19965051/files/WRF_models_DN200226_01.zip,uploaded,
DN191205_01,-30.611483280229937,129.03350723173025,2019-12-05T16:06:46,/mnt/L2_plus/events_trello/DN191205_01/WRF/wrfout_d04_2019-12-04_18:00:00,2019-12-05_16:00:00,2019-12-05_16:30:00,-32.31929397583008,-29.245006561279297,127.01336669921875,130.63238525390625,2019-12-04_18:00:00,/mnt/L2_plus/winds_data_products/2019/DN191205_01/wrfout_d04_2019-12-04_180000.nc4,3,91,15.0,1.0,19971297,https://zenodo.org/records/19971297/files/WRF_models_DN191205_01.zip,uploaded,
DN191205_01,-30.611483280229937,129.03350723173025,2019-12-05T16:06:46,/mnt/L2_plus/events_trello/DN191205_01/WRF/wrfout_d04_2019-12-05_00:00:00,2019-12-05_16:00:00,2019-12-05_16:30:00,-32.31929397583008,-29.245006561279297,127.01336669921875,130.63238525390625,2019-12-05_00:00:00,/mnt/L2_plus/winds_data_products/2019/DN191205_01/wrfout_d04_2019-12-05_000000.nc4,3,67,15.0,1.0,19971297,https://zenodo.org/records/19971297/files/WRF_models_DN191205_01.zip,uploaded,
DN191205_01,-30.611483280229937,129.03350723173025,2019-12-05T16:06:46,/mnt/L2_plus/events_trello/DN191205_01/WRF/wrfout_d04_2019-12-05_06:00:00,2019-12-05_16:00:00,2019-12-05_16:30:00,-32.31929397583008,-29.245006561279297,127.01336669921875,130.63238525390625,2019-12-05_06:00:00,/mnt/L2_plus/winds_data_products/2019/DN191205_01/wrfout_d04_2019-12-05_060000.nc4,3,43,15.0,1.0,19971297,https://zenodo.org/records/19971297/files/WRF_models_DN191205_01.zip,uploaded,
DN191205_01,-30.611483280229937,129.03350723173025,2019-12-05T16:06:46,/mnt/L2_plus/events_trello/DN191205_01/WRF/wrfout_d04_2019-12-05_12:00:00,2019-12-05_16:00:00,2019-12-05_16:30:00,-32.31929397583008,-29.245006561279297,127.01336669921875,130.63238525390625,2019-12-05_12:00:00,/mnt/L2_plus/winds_data_products/2019/DN191205_01/wrfout_d04_2019-12-05_120000.nc4,3,19,15.0,1.0,19971297,https://zenodo.org/records/19971297/files/WRF_models_DN191205_01.zip,uploaded,
DN161031_01,-29.17090295615873,116.19623910506951,2016-10-31T12:03:47,/mnt/L2_plus/events_trello/DN161031_01/WRF/wrfout_d04_2016-10-30_18:00:00,2016-10-31_12:00:00,2016-10-31_12:30:00,-30.878711700439453,-27.80524253845215,114.20709228515625,117.77059936523438,2016-10-30_18:00:00,/mnt/L2_plus/winds_data_products/2016/DN161031_01/wrfout_d04_2016-10-30_180000.nc4,3,75,15.0,1.0,19993887,https://zenodo.org/records/19993887/files/WRF_models_DN161031_01.zip,uploaded,
DN161031_01,-29.17090295615873,116.19623910506951,2016-10-31T12:03:47,/mnt/L2_plus/events_trello/DN161031_01/WRF/wrfout_d04_2016-10-31_00:00:00,2016-10-31_12:00:00,2016-10-31_12:30:00,-30.878711700439453,-27.80524253845215,114.20709228515625,117.77059936523438,2016-10-31_00:00:00,/mnt/L2_plus/winds_data_products/2016/DN161031_01/wrfout_d04_2016-10-31_000000.nc4,3,51,15.0,1.0,19993887,https://zenodo.org/records/19993887/files/WRF_models_DN161031_01.zip,uploaded,
DN161031_01,-29.17090295615873,116.19623910506951,2016-10-31T12:03:47,/mnt/L2_plus/events_trello/DN161031_01/WRF/wrfout_d04_2016-10-31_06:00:00,2016-10-31_12:00:00,2016-10-31_12:30:00,-30.878711700439453,-27.80524253845215,114.20709228515625,117.77059936523438,2016-10-31_06:00:00,/mnt/L2_plus/winds_data_products/2016/DN161031_01/wrfout_d04_2016-10-31_060000.nc4,3,27,15.0,1.0,19993887,https://zenodo.org/records/19993887/files/WRF_models_DN161031_01.zip,uploaded,
DN161031_01,-29.17090295615873,116.19623910506951,2016-10-31T12:03:47,/mnt/L2_plus/events_trello/DN161031_01/WRF/wrfout_d04_2016-10-31_12:00:00,2016-10-31_12:00:00,2016-10-31_12:30:00,-30.878711700439453,-27.80524253845215,114.20709228515625,117.77059936523438,2016-10-31_12:00:00,/mnt/L2_plus/winds_data_products/2016/DN161031_01/wrfout_d04_2016-10-31_120000.nc4,3,3,15.0,1.0,19993887,https://zenodo.org/records/19993887/files/WRF_models_DN161031_01.zip,uploaded,
DN200104_01,-32.306244,119.73285009,2020-01-04T12:29:00,/mnt/L2_plus/events_trello/DN200104_01/WRF/wrfout_d04_2020-01-04_00:00:00,2020-01-04_12:00:00,2020-01-04_13:00:00,-34.00920867919922,-30.945301055908203,117.67291259765625,121.36328125,2020-01-04_00:00:00,/mnt/L2_plus/winds_data_products/2020/DN200104_01/wrfout_d04_2020-01-04_000000.nc4,3,27,30.0,1.0,19965051,https://zenodo.org/records/19965051/files/WRF_models_DN200104_01.zip,uploaded,2026-05-23T13:23:35
DN200104_01,-32.306244,119.73285009,2020-01-04T12:29:00,/mnt/L2_plus/events_trello/DN200104_01/WRF/wrfout_d04_2020-01-04_06:00:00,2020-01-04_12:00:00,2020-01-04_13:00:00,-34.00920867919922,-30.945301055908203,117.67291259765625,121.36328125,2020-01-04_06:00:00,/mnt/L2_plus/winds_data_products/2020/DN200104_01/wrfout_d04_2020-01-04_060000.nc4,3,15,30.0,1.0,19965051,https://zenodo.org/records/19965051/files/WRF_models_DN200104_01.zip,uploaded,2026-05-23T13:30:45
DN200104_01,-32.306244,119.73285009,2020-01-04T12:29:00,/mnt/L2_plus/events_trello/DN200104_01/WRF/wrfout_d04_2020-01-04_12:00:00,2020-01-04_12:00:00,2020-01-04_13:00:00,-34.00920867919922,-30.945301055908203,117.67291259765625,121.36328125,2020-01-04_12:00:00,/mnt/L2_plus/winds_data_products/2020/DN200104_01/wrfout_d04_2020-01-04_120000.nc4,3,3,30.0,1.0,19965051,https://zenodo.org/records/19965051/files/WRF_models_DN200104_01.zip,uploaded,2026-05-23T13:37:58
2015-01-09_Porangaba,-23.174,-48.003,2015-01-09T17:35:00,/mnt/L2_plus/events_search/2015-01-09_Porangaba/WRF/wrfout_d04_2015-01-08_18:00:00,2015-01-09_17:30:00,2015-01-09_18:00:00,-24.881778717041016,-21.811574935913086,-49.884918212890625,-46.5135498046875,2015-01-08_18:00:00,/mnt/L2_plus/winds_data_products/2015/2015-01-09_Porangaba/wrfout_d04_2015-01-08_180000.nc4,3,97,15.0,1.0,20066408,https://zenodo.org/records/20066408/files/WRF_models_2015-01-09_Porangaba.zip,uploaded,2026-05-26T07:13:38
2015-01-09_Porangaba,-23.174,-48.003,2015-01-09T17:35:00,/mnt/L2_plus/events_search/2015-01-09_Porangaba/WRF/wrfout_d04_2015-01-09_00:00:00,2015-01-09_17:30:00,2015-01-09_18:00:00,-24.881778717041016,-21.811574935913086,-49.884918212890625,-46.5135498046875,2015-01-09_00:00:00,/mnt/L2_plus/winds_data_products/2015/2015-01-09_Porangaba/wrfout_d04_2015-01-09_000000.nc4,3,73,15.0,1.0,20066408,https://zenodo.org/records/20066408/files/WRF_models_2015-01-09_Porangaba.zip,uploaded,2026-05-26T07:13:38
2015-01-09_Porangaba,-23.174,-48.003,2015-01-09T17:35:00,/mnt/L2_plus/events_search/2015-01-09_Porangaba/WRF/wrfout_d04_2015-01-09_06:00:00,2015-01-09_17:30:00,2015-01-09_18:00:00,-24.881778717041016,-21.811574935913086,-49.884918212890625,-46.5135498046875,2015-01-09_06:00:00,/mnt/L2_plus/winds_data_products/2015/2015-01-09_Porangaba/wrfout_d04_2015-01-09_060000.nc4,3,49,15.0,1.0,20066408,https://zenodo.org/records/20066408/files/WRF_models_2015-01-09_Porangaba.zip,uploaded,2026-05-26T07:13:38
2015-01-09_Porangaba,-23.174,-48.003,2015-01-09T17:35:00,/mnt/L2_plus/events_search/2015-01-09_Porangaba/WRF/wrfout_d04_2015-01-09_12:00:00,2015-01-09_17:30:00,2015-01-09_18:00:00,-24.881778717041016,-21.811574935913086,-49.884918212890625,-46.5135498046875,2015-01-09_12:00:00,/mnt/L2_plus/winds_data_products/2015/2015-01-09_Porangaba/wrfout_d04_2015-01-09_120000.nc4,3,25,15.0,1.0,20066408,https://zenodo.org/records/20066408/files/WRF_models_2015-01-09_Porangaba.zip,uploaded,2026-05-26T07:13:38
2014-12-09_Zdar-nad-Sazavou,49.558,15.938,2014-12-09T16:16:45,/mnt/L2_plus/events_search/2014-12-09_Zdar-nad-Sazavou/WRF/wrfout_d04_2014-12-08_18:00:00,2014-12-09_16:15:00,2014-12-09_16:45:00,47.82139205932617,50.909786224365234,13.230682373046875,18.0810546875,2014-12-08_18:00:00,/mnt/L2_plus/winds_data_products/2014/2014-12-09_Zdar-nad-Sazavou/wrfout_d04_2014-12-08_180000.nc4,3,92,15.0,1.0,20076770,https://zenodo.org/records/20076770/files/WRF_models_2014-12-09_Zdar-nad-Sazavou.zip,uploaded,2026-05-26T08:10:20
2014-12-09_Zdar-nad-Sazavou,49.558,15.938,2014-12-09T16:16:45,/mnt/L2_plus/events_search/2014-12-09_Zdar-nad-Sazavou/WRF/wrfout_d04_2014-12-09_00:00:00,2014-12-09_16:15:00,2014-12-09_16:45:00,47.82139205932617,50.909786224365234,13.230682373046875,18.0810546875,2014-12-09_00:00:00,/mnt/L2_plus/winds_data_products/2014/2014-12-09_Zdar-nad-Sazavou/wrfout_d04_2014-12-09_000000.nc4,3,68,15.0,1.0,20076770,https://zenodo.org/records/20076770/files/WRF_models_2014-12-09_Zdar-nad-Sazavou.zip,uploaded,2026-05-26T08:10:20
2014-12-09_Zdar-nad-Sazavou,49.558,15.938,2014-12-09T16:16:45,/mnt/L2_plus/events_search/2014-12-09_Zdar-nad-Sazavou/WRF/wrfout_d04_2014-12-09_06:00:00,2014-12-09_16:15:00,2014-12-09_16:45:00,47.82139205932617,50.909786224365234,13.230682373046875,18.0810546875,2014-12-09_06:00:00,/mnt/L2_plus/winds_data_products/2014/2014-12-09_Zdar-nad-Sazavou/wrfout_d04_2014-12-09_060000.nc4,3,44,15.0,1.0,20076770,https://zenodo.org/records/20076770/files/WRF_models_2014-12-09_Zdar-nad-Sazavou.zip,uploaded,2026-05-26T08:10:20
2014-12-09_Zdar-nad-Sazavou,49.558,15.938,2014-12-09T16:16:45,/mnt/L2_plus/events_search/2014-12-09_Zdar-nad-Sazavou/WRF/wrfout_d04_2014-12-09_12:00:00,2014-12-09_16:15:00,2014-12-09_16:45:00,47.82139205932617,50.909786224365234,13.230682373046875,18.0810546875,2014-12-09_12:00:00,/mnt/L2_plus/winds_data_products/2014/2014-12-09_Zdar-nad-Sazavou/wrfout_d04_2014-12-09_120000.nc4,3,20,15.0,1.0,20076770,https://zenodo.org/records/20076770/files/WRF_models_2014-12-09_Zdar-nad-Sazavou.zip,uploaded,2026-05-26T08:10:20
2013-02-15_Chelyabinsk,54.82,61.117,2013-02-15T03:20:21,/mnt/L2_plus/events_search/2013-02-15_Chelyabinsk/WRF/wrfout_d04_2013-02-14_06:00:00,2013-02-15_03:15:00,2013-02-15_03:45:00,53.077552795410156,56.171844482421875,58.05108642578125,63.5440673828125,2013-02-14_06:00:00,/mnt/L2_plus/winds_data_products/2013/2013-02-15_Chelyabinsk/wrfout_d04_2013-02-14_060000.nc4,3,88,15.0,1.0,19993753,https://zenodo.org/records/19993753/files/WRF_models_2013-02-15_Chelyabinsk.zip,uploaded,2026-05-26T08:06:31
2013-02-15_Chelyabinsk,54.82,61.117,2013-02-15T03:20:21,/mnt/L2_plus/events_search/2013-02-15_Chelyabinsk/WRF/wrfout_d04_2013-02-14_12:00:00,2013-02-15_03:15:00,2013-02-15_03:45:00,53.077552795410156,56.171844482421875,58.05108642578125,63.5440673828125,2013-02-14_12:00:00,/mnt/L2_plus/winds_data_products/2013/2013-02-15_Chelyabinsk/wrfout_d04_2013-02-14_120000.nc4,3,64,15.0,1.0,19993753,https://zenodo.org/records/19993753/files/WRF_models_2013-02-15_Chelyabinsk.zip,uploaded,2026-05-26T08:06:31
2013-02-15_Chelyabinsk,54.82,61.117,2013-02-15T03:20:21,/mnt/L2_plus/events_search/2013-02-15_Chelyabinsk/WRF/wrfout_d04_2013-02-14_18:00:00,2013-02-15_03:15:00,2013-02-15_03:45:00,53.077552795410156,56.171844482421875,58.05108642578125,63.5440673828125,2013-02-14_18:00:00,/mnt/L2_plus/winds_data_products/2013/2013-02-15_Chelyabinsk/wrfout_d04_2013-02-14_180000.nc4,3,40,15.0,1.0,19993753,https://zenodo.org/records/19993753/files/WRF_models_2013-02-15_Chelyabinsk.zip,uploaded,2026-05-26T08:06:31
2013-02-15_Chelyabinsk,54.82,61.117,2013-02-15T03:20:21,/mnt/L2_plus/events_search/2013-02-15_Chelyabinsk/WRF/wrfout_d04_2013-02-15_00:00:00,2013-02-15_03:15:00,2013-02-15_03:45:00,53.077552795410156,56.171844482421875,58.05108642578125,63.5440673828125,2013-02-15_00:00:00,/mnt/L2_plus/winds_data_products/2013/2013-02-15_Chelyabinsk/wrfout_d04_2013-02-15_000000.nc4,3,16,15.0,1.0,19993753,https://zenodo.org/records/19993753/files/WRF_models_2013-02-15_Chelyabinsk.zip,uploaded,2026-05-26T08:06:31
DN200130_01,32.2143649,-116.672918,2020-01-30T06:21:55,/mnt/L2_plus/events_trello/DN200130_01/WRF/wrfout_d04_2020-01-29_12:00:00,2020-01-30_06:00:00,2020-01-30_07:00:00,30.502225875854492,33.56088638305664,-118.71902465820312,-115.05343627929688,2020-01-30_00:00:00,/mnt/L2_plus/winds_data_products/2020/DN200130_01/wrfout_d04_2020-01-29_120000.nc4,3,15,30.0,1.0,19965051,https://zenodo.org/records/19965051/files/WRF_models_DN200130_01.zip,uploaded,2026-05-25T00:31:15
DN200130_01,32.2143649,-116.672918,2020-01-30T06:21:55,/mnt/L2_plus/events_trello/DN200130_01/WRF/wrfout_d04_2020-01-29_18:00:00,2020-01-30_06:00:00,2020-01-30_07:00:00,30.502225875854492,33.56088638305664,-118.71902465820312,-115.05343627929688,2020-01-30_00:00:00,/mnt/L2_plus/winds_data_products/2020/DN200130_01/wrfout_d04_2020-01-29_180000.nc4,3,15,30.0,1.0,19965051,https://zenodo.org/records/19965051/files/WRF_models_DN200130_01.zip,uploaded,2026-05-25T00:32:08
DN200130_01,32.2143649,-116.672918,2020-01-30T06:21:55,/mnt/L2_plus/events_trello/DN200130_01/WRF/wrfout_d04_2020-01-30_00:00:00,2020-01-30_06:00:00,2020-01-30_07:00:00,30.502225875854492,33.56088638305664,-118.71902465820312,-115.05343627929688,2020-01-30_00:00:00,/mnt/L2_plus/winds_data_products/2020/DN200130_01/wrfout_d04_2020-01-30_000000.nc4,3,15,30.0,1.0,19965051,https://zenodo.org/records/19965051/files/WRF_models_DN200130_01.zip,uploaded,2026-05-25T00:33:02
DN200130_01,32.2143649,-116.672918,2020-01-30T06:21:55,/mnt/L2_plus/events_trello/DN200130_01/WRF/wrfout_d04_2020-01-30_06:00:00,2020-01-30_06:00:00,2020-01-30_07:00:00,30.502225875854492,33.56088638305664,-118.71902465820312,-115.05343627929688,2020-01-30_06:00:00,/mnt/L2_plus/winds_data_products/2020/DN200130_01/wrfout_d04_2020-01-30_060000.nc4,3,3,30.0,1.0,19965051,https://zenodo.org/records/19965051/files/WRF_models_DN200130_01.zip,uploaded,2026-05-25T00:33:55
2008-10-07_Almahata-Sitta,20.59,32.327,2008-10-07T02:45:40,/mnt/L2_plus/events_search/2008-10-07_Almahata-Sitta/WRF/wrfout_d04_2008-10-06_06:00:00,2008-10-07_02:45:00,2008-10-07_03:15:00,18.872859954833984,21.9416561126709,30.486175537109375,33.783935546875,2008-10-06_06:00:00,/mnt/L2_plus/winds_data_products/2008/2008-10-07_Almahata-Sitta/wrfout_d04_2008-10-06_060000.nc4,3,86,15.0,1.0,20370904,https://zenodo.org/records/20370904/files/WRF_models_2008-10-07_Almahata-Sitta.zip,uploaded,2026-05-25T00:38:01
2008-10-07_Almahata-Sitta,20.59,32.327,2008-10-07T02:45:40,/mnt/L2_plus/events_search/2008-10-07_Almahata-Sitta/WRF/wrfout_d04_2008-10-06_12:00:00,2008-10-07_02:45:00,2008-10-07_03:15:00,18.872859954833984,21.9416561126709,30.486175537109375,33.783935546875,2008-10-06_12:00:00,/mnt/L2_plus/winds_data_products/2008/2008-10-07_Almahata-Sitta/wrfout_d04_2008-10-06_120000.nc4,3,62,15.0,1.0,20370904,https://zenodo.org/records/20370904/files/WRF_models_2008-10-07_Almahata-Sitta.zip,uploaded,2026-05-25T00:38:56
2008-10-07_Almahata-Sitta,20.59,32.327,2008-10-07T02:45:40,/mnt/L2_plus/events_search/2008-10-07_Almahata-Sitta/WRF/wrfout_d04_2008-10-06_18:00:00,2008-10-07_02:45:00,2008-10-07_03:15:00,18.872859954833984,21.9416561126709,30.486175537109375,33.783935546875,2008-10-06_18:00:00,/mnt/L2_plus/winds_data_products/2008/2008-10-07_Almahata-Sitta/wrfout_d04_2008-10-06_180000.nc4,3,38,15.0,1.0,20370904,https://zenodo.org/records/20370904/files/WRF_models_2008-10-07_Almahata-Sitta.zip,uploaded,2026-05-25T00:39:48
2008-10-07_Almahata-Sitta,20.59,32.327,2008-10-07T02:45:40,/mnt/L2_plus/events_search/2008-10-07_Almahata-Sitta/WRF/wrfout_d04_2008-10-07_00:00:00,2008-10-07_02:45:00,2008-10-07_03:15:00,18.872859954833984,21.9416561126709,30.486175537109375,33.783935546875,2008-10-07_00:00:00,/mnt/L2_plus/winds_data_products/2008/2008-10-07_Almahata-Sitta/wrfout_d04_2008-10-07_000000.nc4,3,14,15.0,1.0,20370904,https://zenodo.org/records/20370904/files/WRF_models_2008-10-07_Almahata-Sitta.zip,uploaded,2026-05-25T00:40:41
2008-11-21_Buzzard-Coulee,53.05,-109.75,2008-11-21T00:26:40,/mnt/L2_plus/events_search/2008-11-21_Buzzard-Coulee/WRF/wrfout_d04_2008-11-20_06:00:00,2008-11-21_00:15:00,2008-11-21_01:00:00,51.30966567993164,54.40181350708008,-112.68228149414062,-107.42875671386719,2008-11-20_06:00:00,/mnt/L2_plus/winds_data_products/2008/2008-11-21_Buzzard-Coulee/wrfout_d04_2008-11-20_060000.nc4,4,77,15.0,1.0,20370904,https://zenodo.org/records/20370904/files/WRF_models_2008-11-21_Buzzard-Coulee.zip,uploaded,2026-05-25T00:44:47
2008-11-21_Buzzard-Coulee,53.05,-109.75,2008-11-21T00:26:40,/mnt/L2_plus/events_search/2008-11-21_Buzzard-Coulee/WRF/wrfout_d04_2008-11-20_12:00:00,2008-11-21_00:15:00,2008-11-21_01:00:00,51.30966567993164,54.40181350708008,-112.68228149414062,-107.42875671386719,2008-11-20_12:00:00,/mnt/L2_plus/winds_data_products/2008/2008-11-21_Buzzard-Coulee/wrfout_d04_2008-11-20_120000.nc4,4,53,15.0,1.0,20370904,https://zenodo.org/records/20370904/files/WRF_models_2008-11-21_Buzzard-Coulee.zip,uploaded,2026-05-25T00:46:01
2008-11-21_Buzzard-Coulee,53.05,-109.75,2008-11-21T00:26:40,/mnt/L2_plus/events_search/2008-11-21_Buzzard-Coulee/WRF/wrfout_d04_2008-11-20_18:00:00,2008-11-21_00:15:00,2008-11-21_01:00:00,51.30966567993164,54.40181350708008,-112.68228149414062,-107.42875671386719,2008-11-20_18:00:00,/mnt/L2_plus/winds_data_products/2008/2008-11-21_Buzzard-Coulee/wrfout_d04_2008-11-20_180000.nc4,4,29,15.0,1.0,20370904,https://zenodo.org/records/20370904/files/WRF_models_2008-11-21_Buzzard-Coulee.zip,uploaded,2026-05-25T00:47:11
2008-11-21_Buzzard-Coulee,53.05,-109.75,2008-11-21T00:26:40,/mnt/L2_plus/events_search/2008-11-21_Buzzard-Coulee/WRF/wrfout_d04_2008-11-21_00:00:00,2008-11-21_00:15:00,2008-11-21_01:00:00,51.30966567993164,54.40181350708008,-112.68228149414062,-107.42875671386719,2008-11-21_00:00:00,/mnt/L2_plus/winds_data_products/2008/2008-11-21_Buzzard-Coulee/wrfout_d04_2008-11-21_000000.nc4,4,5,15.0,1.0,20370904,https://zenodo.org/records/20370904/files/WRF_models_2008-11-21_Buzzard-Coulee.zip,uploaded,2026-05-25T00:48:21
2010-02-28_Kosice,48.72,21.253,2010-02-28T22:24:47,/mnt/L2_plus/events_search/2010-02-28_Kosice/WRF/wrfout_d04_2010-02-28_00:00:00,2010-02-28_22:15:00,2010-02-28_22:45:00,46.98420333862305,50.0717887878418,18.59326171875,23.35833740234375,2010-02-28_00:00:00,/mnt/L2_plus/winds_data_products/2010/2010-02-28_Kosice/wrfout_d04_2010-02-28_000000.nc4,3,92,15.0,1.0,20068575,https://zenodo.org/records/20068575/files/WRF_models_2010-02-28_Kosice.zip,uploaded,2026-05-25T01:08:15
2010-02-28_Kosice,48.72,21.253,2010-02-28T22:24:47,/mnt/L2_plus/events_search/2010-02-28_Kosice/WRF/wrfout_d04_2010-02-28_06:00:00,2010-02-28_22:15:00,2010-02-28_22:45:00,46.98420333862305,50.0717887878418,18.59326171875,23.35833740234375,2010-02-28_06:00:00,/mnt/L2_plus/winds_data_products/2010/2010-02-28_Kosice/wrfout_d04_2010-02-28_060000.nc4,3,68,15.0,1.0,20068575,https://zenodo.org/records/20068575/files/WRF_models_2010-02-28_Kosice.zip,uploaded,2026-05-25T01:09:13
2010-02-28_Kosice,48.72,21.253,2010-02-28T22:24:47,/mnt/L2_plus/events_search/2010-02-28_Kosice/WRF/wrfout_d04_2010-02-28_12:00:00,2010-02-28_22:15:00,2010-02-28_22:45:00,46.98420333862305,50.0717887878418,18.59326171875,23.35833740234375,2010-02-28_12:00:00,/mnt/L2_plus/winds_data_products/2010/2010-02-28_Kosice/wrfout_d04_2010-02-28_120000.nc4,3,44,15.0,1.0,20068575,https://zenodo.org/records/20068575/files/WRF_models_2010-02-28_Kosice.zip,uploaded,2026-05-25T01:10:10
2010-02-28_Kosice,48.72,21.253,2010-02-28T22:24:47,/mnt/L2_plus/events_search/2010-02-28_Kosice/WRF/wrfout_d04_2010-02-28_18:00:00,2010-02-28_22:15:00,2010-02-28_22:45:00,46.98420333862305,50.0717887878418,18.59326171875,23.35833740234375,2010-02-28_18:00:00,/mnt/L2_plus/winds_data_products/2010/2010-02-28_Kosice/wrfout_d04_2010-02-28_180000.nc4,3,20,15.0,1.0,20068575,https://zenodo.org/records/20068575/files/WRF_models_2010-02-28_Kosice.zip,uploaded,2026-05-25T01:11:10
2010-04-13_Mason-Gully,-30.127,124.513,2010-04-13T10:36:13,/mnt/L2_plus/events_search/2010-04-13_Mason-Gully/WRF/wrfout_d04_2010-04-12_12:00:00,2010-04-13_10:30:00,2010-04-13_11:00:00,-31.834789276123047,-28.760772705078125,122.50357055664062,126.1033935546875,2010-04-12_12:00:00,/mnt/L2_plus/winds_data_products/2010/2010-04-13_Mason-Gully/wrfout_d04_2010-04-12_120000.nc4,3,93,15.0,1.0,20068575,https://zenodo.org/records/20068575/files/WRF_models_2010-04-13_Mason-Gully.zip,uploaded,2026-05-25T01:15:37
2010-04-13_Mason-Gully,-30.127,124.513,2010-04-13T10:36:13,/mnt/L2_plus/events_search/2010-04-13_Mason-Gully/WRF/wrfout_d04_2010-04-12_18:00:00,2010-04-13_10:30:00,2010-04-13_11:00:00,-31.834789276123047,-28.760772705078125,122.50357055664062,126.1033935546875,2010-04-12_18:00:00,/mnt/L2_plus/winds_data_products/2010/2010-04-13_Mason-Gully/wrfout_d04_2010-04-12_180000.nc4,3,69,15.0,1.0,20068575,https://zenodo.org/records/20068575/files/WRF_models_2010-04-13_Mason-Gully.zip,uploaded,2026-05-25T01:16:28
2010-04-13_Mason-Gully,-30.127,124.513,2010-04-13T10:36:13,/mnt/L2_plus/events_search/2010-04-13_Mason-Gully/WRF/wrfout_d04_2010-04-13_00:00:00,2010-04-13_10:30:00,2010-04-13_11:00:00,-31.834789276123047,-28.760772705078125,122.50357055664062,126.1033935546875,2010-04-13_00:00:00,/mnt/L2_plus/winds_data_products/2010/2010-04-13_Mason-Gully/wrfout_d04_2010-04-13_000000.nc4,3,45,15.0,1.0,20068575,https://zenodo.org/records/20068575/files/WRF_models_2010-04-13_Mason-Gully.zip,uploaded,2026-05-25T01:17:21
2010-04-13_Mason-Gully,-30.127,124.513,2010-04-13T10:36:13,/mnt/L2_plus/events_search/2010-04-13_Mason-Gully/WRF/wrfout_d04_2010-04-13_06:00:00,2010-04-13_10:30:00,2010-04-13_11:00:00,-31.834789276123047,-28.760772705078125,122.50357055664062,126.1033935546875,2010-04-13_06:00:00,/mnt/L2_plus/winds_data_products/2010/2010-04-13_Mason-Gully/wrfout_d04_2010-04-13_060000.nc4,3,21,15.0,1.0,20068575,https://zenodo.org/records/20068575/files/WRF_models_2010-04-13_Mason-Gully.zip,uploaded,2026-05-25T01:18:15
2010-04-15_Mifflin,42.908,-90.366,2010-04-15T03:06:00,/mnt/L2_plus/events_search/2010-04-15_Mifflin/WRF/wrfout_d04_2010-04-14_06:00:00,2010-04-15_03:00:00,2010-04-15_03:30:00,41.17724609375,44.259742736816406,-92.74981689453125,-88.47915649414062,2010-04-14_06:00:00,/mnt/L2_plus/winds_data_products/2010/2010-04-15_Mifflin/wrfout_d04_2010-04-14_060000.nc4,3,87,15.0,1.0,20068575,https://zenodo.org/records/20068575/files/WRF_models_2010-04-15_Mifflin.zip,uploaded,2026-05-25T01:22:12
2010-04-15_Mifflin,42.908,-90.366,2010-04-15T03:06:00,/mnt/L2_plus/events_search/2010-04-15_Mifflin/WRF/wrfout_d04_2010-04-14_12:00:00,2010-04-15_03:00:00,2010-04-15_03:30:00,41.17724609375,44.259742736816406,-92.74981689453125,-88.47915649414062,2010-04-14_12:00:00,/mnt/L2_plus/winds_data_products/2010/2010-04-15_Mifflin/wrfout_d04_2010-04-14_120000.nc4,3,63,15.0,1.0,20068575,https://zenodo.org/records/20068575/files/WRF_models_2010-04-15_Mifflin.zip,uploaded,2026-05-25T01:23:08
2010-04-15_Mifflin,42.908,-90.366,2010-04-15T03:06:00,/mnt/L2_plus/events_search/2010-04-15_Mifflin/WRF/wrfout_d04_2010-04-14_18:00:00,2010-04-15_03:00:00,2010-04-15_03:30:00,41.17724609375,44.259742736816406,-92.74981689453125,-88.47915649414062,2010-04-14_18:00:00,/mnt/L2_plus/winds_data_products/2010/2010-04-15_Mifflin/wrfout_d04_2010-04-14_180000.nc4,3,39,15.0,1.0,20068575,https://zenodo.org/records/20068575/files/WRF_models_2010-04-15_Mifflin.zip,uploaded,2026-05-25T01:24:03
2010-04-15_Mifflin,42.908,-90.366,2010-04-15T03:06:00,/mnt/L2_plus/events_search/2010-04-15_Mifflin/WRF/wrfout_d04_2010-04-15_00:00:00,2010-04-15_03:00:00,2010-04-15_03:30:00,41.17724609375,44.259742736816406,-92.74981689453125,-88.47915649414062,2010-04-15_00:00:00,/mnt/L2_plus/winds_data_products/2010/2010-04-15_Mifflin/wrfout_d04_2010-04-15_000000.nc4,3,15,15.0,1.0,20068575,https://zenodo.org/records/20068575/files/WRF_models_2010-04-15_Mifflin.zip,uploaded,2026-05-25T01:24:57
2009-01-17_Maribo,54.77,11.518,2009-01-17T19:08:33,/mnt/L2_plus/events_search/2009-01-17_Maribo/WRF/wrfout_d04_2009-01-17_00:00:00,2009-01-17_19:00:00,2009-01-17_19:30:00,53.02763366699219,56.12185287475586,8.4560546875,13.94195556640625,2009-01-17_00:00:00,/mnt/L2_plus/winds_data_products/2009/2009-01-17_Maribo/wrfout_d04_2009-01-17_000000.nc4,3,79,15.0,1.0,20370904,https://zenodo.org/records/20370904/files/WRF_models_2009-01-17_Maribo.zip,uploaded,2026-05-25T02:39:36
2009-01-17_Maribo,54.77,11.518,2009-01-17T19:08:33,/mnt/L2_plus/events_search/2009-01-17_Maribo/WRF/wrfout_d04_2009-01-17_06:00:00,2009-01-17_19:00:00,2009-01-17_19:30:00,53.02763366699219,56.12185287475586,8.4560546875,13.94195556640625,2009-01-17_06:00:00,/mnt/L2_plus/winds_data_products/2009/2009-01-17_Maribo/wrfout_d04_2009-01-17_060000.nc4,3,55,15.0,1.0,20370904,https://zenodo.org/records/20370904/files/WRF_models_2009-01-17_Maribo.zip,uploaded,2026-05-25T02:40:40
2009-01-17_Maribo,54.77,11.518,2009-01-17T19:08:33,/mnt/L2_plus/events_search/2009-01-17_Maribo/WRF/wrfout_d04_2009-01-17_12:00:00,2009-01-17_19:00:00,2009-01-17_19:30:00,53.02763366699219,56.12185287475586,8.4560546875,13.94195556640625,2009-01-17_12:00:00,/mnt/L2_plus/winds_data_products/2009/2009-01-17_Maribo/wrfout_d04_2009-01-17_120000.nc4,3,31,15.0,1.0,20370904,https://zenodo.org/records/20370904/files/WRF_models_2009-01-17_Maribo.zip,uploaded,2026-05-25T02:41:41
2009-01-17_Maribo,54.77,11.518,2009-01-17T19:08:33,/mnt/L2_plus/events_search/2009-01-17_Maribo/WRF/wrfout_d04_2009-01-17_18:00:00,2009-01-17_19:00:00,2009-01-17_19:30:00,53.02763366699219,56.12185287475586,8.4560546875,13.94195556640625,2009-01-17_18:00:00,/mnt/L2_plus/winds_data_products/2009/2009-01-17_Maribo/wrfout_d04_2009-01-17_180000.nc4,3,7,15.0,1.0,20370904,https://zenodo.org/records/20370904/files/WRF_models_2009-01-17_Maribo.zip,uploaded,2026-05-25T02:42:38
2009-09-26_Grimsby,43.197,-79.573,2009-09-26T01:02:58,/mnt/L2_plus/events_search/2009-09-26_Grimsby/WRF/wrfout_d04_2009-09-25_06:00:00,2009-09-26_01:00:00,2009-09-26_01:30:00,41.466026306152344,44.54874801635742,-81.9686279296875,-77.67678833007812,2009-09-25_06:00:00,/mnt/L2_plus/winds_data_products/2009/2009-09-26_Grimsby/wrfout_d04_2009-09-25_060000.nc4,3,79,15.0,1.0,20370904,https://zenodo.org/records/20370904/files/WRF_models_2009-09-26_Grimsby.zip,uploaded,2026-05-25T03:17:55
2009-09-26_Grimsby,43.197,-79.573,2009-09-26T01:02:58,/mnt/L2_plus/events_search/2009-09-26_Grimsby/WRF/wrfout_d04_2009-09-25_12:00:00,2009-09-26_01:00:00,2009-09-26_01:30:00,41.466026306152344,44.54874801635742,-81.9686279296875,-77.67678833007812,2009-09-25_12:00:00,/mnt/L2_plus/winds_data_products/2009/2009-09-26_Grimsby/wrfout_d04_2009-09-25_120000.nc4,3,55,15.0,1.0,20370904,https://zenodo.org/records/20370904/files/WRF_models_2009-09-26_Grimsby.zip,uploaded,2026-05-25T03:18:51
2009-09-26_Grimsby,43.197,-79.573,2009-09-26T01:02:58,/mnt/L2_plus/events_search/2009-09-26_Grimsby/WRF/wrfout_d04_2009-09-25_18:00:00,2009-09-26_01:00:00,2009-09-26_01:30:00,41.466026306152344,44.54874801635742,-81.9686279296875,-77.67678833007812,2009-09-25_18:00:00,/mnt/L2_plus/winds_data_products/2009/2009-09-26_Grimsby/wrfout_d04_2009-09-25_180000.nc4,3,31,15.0,1.0,20370904,https://zenodo.org/records/20370904/files/WRF_models_2009-09-26_Grimsby.zip,uploaded,2026-05-25T03:19:48
2009-09-26_Grimsby,43.197,-79.573,2009-09-26T01:02:58,/mnt/L2_plus/events_search/2009-09-26_Grimsby/WRF/wrfout_d04_2009-09-26_00:00:00,2009-09-26_01:00:00,2009-09-26_01:30:00,41.466026306152344,44.54874801635742,-81.9686279296875,-77.67678833007812,2009-09-26_00:00:00,/mnt/L2_plus/winds_data_products/2009/2009-09-26_Grimsby/wrfout_d04_2009-09-26_000000.nc4,3,7,15.0,1.0,20370904,https://zenodo.org/records/20370904/files/WRF_models_2009-09-26_Grimsby.zip,uploaded,2026-05-25T03:20:44
2011-02-04_Krizevci,46.028,16.538,2011-02-04T23:20:40,/mnt/L2_plus/events_search/2011-02-04_Krizevci/WRF/wrfout_d04_2011-02-04_00:00:00,2011-02-04_23:15:00,2011-02-04_23:45:00,44.29465866088867,47.379756927490234,14.016845703125,18.533599853515625,2011-02-04_00:00:00,/mnt/L2_plus/winds_data_products/2011/2011-02-04_Krizevci/wrfout_d04_2011-02-04_000000.nc4,3,96,15.0,1.0,20373032,https://zenodo.org/records/20373032/files/WRF_models_2011-02-04_Krizevci.zip,uploaded,2026-05-25T05:18:54
2011-02-04_Krizevci,46.028,16.538,2011-02-04T23:20:40,/mnt/L2_plus/events_search/2011-02-04_Krizevci/WRF/wrfout_d04_2011-02-04_06:00:00,2011-02-04_23:15:00,2011-02-04_23:45:00,44.29465866088867,47.379756927490234,14.016845703125,18.533599853515625,2011-02-04_06:00:00,/mnt/L2_plus/winds_data_products/2011/2011-02-04_Krizevci/wrfout_d04_2011-02-04_060000.nc4,3,72,15.0,1.0,20373032,https://zenodo.org/records/20373032/files/WRF_models_2011-02-04_Krizevci.zip,uploaded,2026-05-25T05:19:50
2011-02-04_Krizevci,46.028,16.538,2011-02-04T23:20:40,/mnt/L2_plus/events_search/2011-02-04_Krizevci/WRF/wrfout_d04_2011-02-04_12:00:00,2011-02-04_23:15:00,2011-02-04_23:45:00,44.29465866088867,47.379756927490234,14.016845703125,18.533599853515625,2011-02-04_12:00:00,/mnt/L2_plus/winds_data_products/2011/2011-02-04_Krizevci/wrfout_d04_2011-02-04_120000.nc4,3,48,15.0,1.0,20373032,https://zenodo.org/records/20373032/files/WRF_models_2011-02-04_Krizevci.zip,uploaded,2026-05-25T05:21:35
2011-02-04_Krizevci,46.028,16.538,2011-02-04T23:20:40,/mnt/L2_plus/events_search/2011-02-04_Krizevci/WRF/wrfout_d04_2011-02-04_18:00:00,2011-02-04_23:15:00,2011-02-04_23:45:00,44.29465866088867,47.379756927490234,14.016845703125,18.533599853515625,2011-02-04_18:00:00,/mnt/L2_plus/winds_data_products/2011/2011-02-04_Krizevci/wrfout_d04_2011-02-04_180000.nc4,3,24,15.0,1.0,20373032,https://zenodo.org/records/20373032/files/WRF_models_2011-02-04_Krizevci.zip,uploaded,2026-05-25T05:23:41
NEXRAD_20121030_Addison-Alabama,34.33625,-87.189535,2012-10-30T22:35:59,/mnt/L2_plus/events_search/NEXRAD_20121030_Addison-Alabama/WRF/wrfout_d04_2012-10-30_00:00:00,2012-10-30_22:30:00,2012-10-30_23:00:00,32.61149597167969,35.68794250488281,-89.29168701171875,-85.5257568359375,2012-10-30_00:00:00,/mnt/L2_plus/winds_data_products/2012/NEXRAD_20121030_Addison-Alabama/wrfout_d04_2012-10-30_000000.nc4,3,93,15.0,1.0,20390831,https://zenodo.org/records/20390831/files/WRF_models_NEXRAD_20121030_Addison-Alabama.zip,uploaded,2026-05-26T06:33:14
NEXRAD_20121030_Addison-Alabama,34.33625,-87.189535,2012-10-30T22:35:59,/mnt/L2_plus/events_search/NEXRAD_20121030_Addison-Alabama/WRF/wrfout_d04_2012-10-30_06:00:00,2012-10-30_22:30:00,2012-10-30_23:00:00,32.61149597167969,35.68794250488281,-89.29168701171875,-85.5257568359375,2012-10-30_06:00:00,/mnt/L2_plus/winds_data_products/2012/NEXRAD_20121030_Addison-Alabama/wrfout_d04_2012-10-30_060000.nc4,3,69,15.0,1.0,20390831,https://zenodo.org/records/20390831/files/WRF_models_NEXRAD_20121030_Addison-Alabama.zip,uploaded,2026-05-26T06:34:13
NEXRAD_20121030_Addison-Alabama,34.33625,-87.189535,2012-10-30T22:35:59,/mnt/L2_plus/events_search/NEXRAD_20121030_Addison-Alabama/WRF/wrfout_d04_2012-10-30_12:00:00,2012-10-30_22:30:00,2012-10-30_23:00:00,32.61149597167969,35.68794250488281,-89.29168701171875,-85.5257568359375,2012-10-30_12:00:00,/mnt/L2_plus/winds_data_products/2012/NEXRAD_20121030_Addison-Alabama/wrfout_d04_2012-10-30_120000.nc4,3,45,15.0,1.0,20390831,https://zenodo.org/records/20390831/files/WRF_models_NEXRAD_20121030_Addison-Alabama.zip,uploaded,2026-05-26T06:35:12
NEXRAD_20121030_Addison-Alabama,34.33625,-87.189535,2012-10-30T22:35:59,/mnt/L2_plus/events_search/NEXRAD_20121030_Addison-Alabama/WRF/wrfout_d04_2012-10-30_18:00:00,2012-10-30_22:30:00,2012-10-30_23:00:00,32.61149597167969,35.68794250488281,-89.29168701171875,-85.5257568359375,2012-10-30_18:00:00,/mnt/L2_plus/winds_data_products/2012/NEXRAD_20121030_Addison-Alabama/wrfout_d04_2012-10-30_180000.nc4,3,21,15.0,1.0,20390831,https://zenodo.org/records/20390831/files/WRF_models_NEXRAD_20121030_Addison-Alabama.zip,uploaded,2026-05-26T06:36:13
NEXRAD_20120822_Battle-Mountain-Nevada,40.64717,-117.16569,2012-08-22T06:16:00,/mnt/L2_plus/events_search/NEXRAD_20120822_Battle-Mountain-Nevada/WRF/wrfout_d04_2012-08-21_12:00:00,2012-08-22_06:15:00,2012-08-22_06:45:00,38.91813278198242,41.99889373779297,-119.4630126953125,-115.34733581542969,2012-08-21_12:00:00,/mnt/L2_plus/winds_data_products/2012/NEXRAD_20120822_Battle-Mountain-Nevada/wrfout_d04_2012-08-21_120000.nc4,3,76,15.0,1.0,20390831,https://zenodo.org/records/20390831/files/WRF_models_NEXRAD_20120822_Battle-Mountain-Nevada.zip,uploaded,2026-05-26T06:45:51
NEXRAD_20120822_Battle-Mountain-Nevada,40.64717,-117.16569,2012-08-22T06:16:00,/mnt/L2_plus/events_search/NEXRAD_20120822_Battle-Mountain-Nevada/WRF/wrfout_d04_2012-08-21_18:00:00,2012-08-22_06:15:00,2012-08-22_06:45:00,38.91813278198242,41.99889373779297,-119.4630126953125,-115.34733581542969,2012-08-21_18:00:00,/mnt/L2_plus/winds_data_products/2012/NEXRAD_20120822_Battle-Mountain-Nevada/wrfout_d04_2012-08-21_180000.nc4,3,52,15.0,1.0,20390831,https://zenodo.org/records/20390831/files/WRF_models_NEXRAD_20120822_Battle-Mountain-Nevada.zip,uploaded,2026-05-26T06:46:47
NEXRAD_20120822_Battle-Mountain-Nevada,40.64717,-117.16569,2012-08-22T06:16:00,/mnt/L2_plus/events_search/NEXRAD_20120822_Battle-Mountain-Nevada/WRF/wrfout_d04_2012-08-22_00:00:00,2012-08-22_06:15:00,2012-08-22_06:45:00,38.91813278198242,41.99889373779297,-119.4630126953125,-115.34733581542969,2012-08-22_00:00:00,/mnt/L2_plus/winds_data_products/2012/NEXRAD_20120822_Battle-Mountain-Nevada/wrfout_d04_2012-08-22_000000.nc4,3,28,15.0,1.0,20390831,https://zenodo.org/records/20390831/files/WRF_models_NEXRAD_20120822_Battle-Mountain-Nevada.zip,uploaded,2026-05-26T06:47:44
NEXRAD_20120822_Battle-Mountain-Nevada,40.64717,-117.16569,2012-08-22T06:16:00,/mnt/L2_plus/events_search/NEXRAD_20120822_Battle-Mountain-Nevada/WRF/wrfout_d04_2012-08-22_06:00:00,2012-08-22_06:15:00,2012-08-22_06:45:00,38.91813278198242,41.99889373779297,-119.4630126953125,-115.34733581542969,2012-08-22_06:00:00,/mnt/L2_plus/winds_data_products/2012/NEXRAD_20120822_Battle-Mountain-Nevada/wrfout_d04_2012-08-22_060000.nc4,3,4,15.0,1.0,20390831,https://zenodo.org/records/20390831/files/WRF_models_NEXRAD_20120822_Battle-Mountain-Nevada.zip,uploaded,2026-05-26T06:48:39
2012-04-22_Sutters-Mill,38.792,-120.878,2012-04-22T14:51:12,/mnt/L2_plus/events_search/2012-04-22_Sutters-Mill/WRF/wrfout_d04_2012-04-21_18:00:00,2012-04-22_14:45:00,2012-04-22_15:15:00,37.06427764892578,40.143707275390625,-123.11148071289062,-119.11018371582031,2012-04-21_18:00:00,/mnt/L2_plus/winds_data_products/2012/2012-04-22_Sutters-Mill/wrfout_d04_2012-04-21_180000.nc4,3,86,15.0,1.0,20390831,https://zenodo.org/records/20390831/files/WRF_models_2012-04-22_Sutters-Mill.zip,uploaded,2026-05-26T06:53:16
2012-04-22_Sutters-Mill,38.792,-120.878,2012-04-22T14:51:12,/mnt/L2_plus/events_search/2012-04-22_Sutters-Mill/WRF/wrfout_d04_2012-04-22_00:00:00,2012-04-22_14:45:00,2012-04-22_15:15:00,37.06427764892578,40.143707275390625,-123.11148071289062,-119.11018371582031,2012-04-22_00:00:00,/mnt/L2_plus/winds_data_products/2012/2012-04-22_Sutters-Mill/wrfout_d04_2012-04-22_000000.nc4,3,62,15.0,1.0,20390831,https://zenodo.org/records/20390831/files/WRF_models_2012-04-22_Sutters-Mill.zip,uploaded,2026-05-26T06:54:14
2012-04-22_Sutters-Mill,38.792,-120.878,2012-04-22T14:51:12,/mnt/L2_plus/events_search/2012-04-22_Sutters-Mill/WRF/wrfout_d04_2012-04-22_06:00:00,2012-04-22_14:45:00,2012-04-22_15:15:00,37.06427764892578,40.143707275390625,-123.11148071289062,-119.11018371582031,2012-04-22_06:00:00,/mnt/L2_plus/winds_data_products/2012/2012-04-22_Sutters-Mill/wrfout_d04_2012-04-22_060000.nc4,3,38,15.0,1.0,20390831,https://zenodo.org/records/20390831/files/WRF_models_2012-04-22_Sutters-Mill.zip,uploaded,2026-05-26T06:55:12
2012-04-22_Sutters-Mill,38.792,-120.878,2012-04-22T14:51:12,/mnt/L2_plus/events_search/2012-04-22_Sutters-Mill/WRF/wrfout_d04_2012-04-22_12:00:00,2012-04-22_14:45:00,2012-04-22_15:15:00,37.06427764892578,40.143707275390625,-123.11148071289062,-119.11018371582031,2012-04-22_12:00:00,/mnt/L2_plus/winds_data_products/2012/2012-04-22_Sutters-Mill/wrfout_d04_2012-04-22_120000.nc4,3,14,15.0,1.0,20390831,https://zenodo.org/records/20390831/files/WRF_models_2012-04-22_Sutters-Mill.zip,uploaded,2026-05-26T06:56:09
2012-10-18_Novato,38.108,-122.57,2012-10-18T02:44:30,/mnt/L2_plus/events_search/2012-10-18_Novato/WRF/wrfout_d04_2012-10-17_06:00:00,2012-10-18_02:30:00,2012-10-18_03:15:00,36.38077926635742,39.45972442626953,-124.78138732910156,-120.8197021484375,2012-10-17_06:00:00,/mnt/L2_plus/winds_data_products/2012/2012-10-18_Novato/wrfout_d04_2012-10-17_060000.nc4,4,86,15.0,1.0,20390831,https://zenodo.org/records/20390831/files/WRF_models_2012-10-18_Novato.zip,uploaded,2026-05-26T07:00:45
2012-10-18_Novato,38.108,-122.57,2012-10-18T02:44:30,/mnt/L2_plus/events_search/2012-10-18_Novato/WRF/wrfout_d04_2012-10-17_12:00:00,2012-10-18_02:30:00,2012-10-18_03:15:00,36.38077926635742,39.45972442626953,-124.78138732910156,-120.8197021484375,2012-10-17_12:00:00,/mnt/L2_plus/winds_data_products/2012/2012-10-18_Novato/wrfout_d04_2012-10-17_120000.nc4,4,62,15.0,1.0,20390831,https://zenodo.org/records/20390831/files/WRF_models_2012-10-18_Novato.zip,uploaded,2026-05-26T07:01:54
2012-10-18_Novato,38.108,-122.57,2012-10-18T02:44:30,/mnt/L2_plus/events_search/2012-10-18_Novato/WRF/wrfout_d04_2012-10-17_18:00:00,2012-10-18_02:30:00,2012-10-18_03:15:00,36.38077926635742,39.45972442626953,-124.78138732910156,-120.8197021484375,2012-10-17_18:00:00,/mnt/L2_plus/winds_data_products/2012/2012-10-18_Novato/wrfout_d04_2012-10-17_180000.nc4,4,38,15.0,1.0,20390831,https://zenodo.org/records/20390831/files/WRF_models_2012-10-18_Novato.zip,uploaded,2026-05-26T07:03:05
2012-10-18_Novato,38.108,-122.57,2012-10-18T02:44:30,/mnt/L2_plus/events_search/2012-10-18_Novato/WRF/wrfout_d04_2012-10-18_00:00:00,2012-10-18_02:30:00,2012-10-18_03:15:00,36.38077926635742,39.45972442626953,-124.78138732910156,-120.8197021484375,2012-10-18_00:00:00,/mnt/L2_plus/winds_data_products/2012/2012-10-18_Novato/wrfout_d04_2012-10-18_000000.nc4,4,14,15.0,1.0,20390831,https://zenodo.org/records/20390831/files/WRF_models_2012-10-18_Novato.zip,uploaded,2026-05-26T07:04:18
NEXRAD_20181011_Hanford-Ca-Satellite-De-Orbit,36.324251,-119.619102,2018-10-11T08:15:00,/mnt/L2_plus/events_search/NEXRAD_20181011_Hanford-Ca-Satellite-De-Orbit/WRF/wrfout_d04_2018-10-10_12:00:00,2018-10-11_08:00:00,2018-10-11_08:45:00,34.598209381103516,37.67593765258789,-121.77627563476562,-117.91171264648438,2018-10-10_12:00:00,/mnt/L2_plus/winds_data_products/2018/NEXRAD_20181011_Hanford-Ca-Satellite-De-Orbit/wrfout_d04_2018-10-10_120000.nc4,4,84,15.0,1.0,19998571,https://zenodo.org/records/19998571/files/WRF_models_NEXRAD_20181011_Hanford-Ca-Satellite-De-Orbit.zip,uploaded,2026-05-26T07:15:39
NEXRAD_20181011_Hanford-Ca-Satellite-De-Orbit,36.324251,-119.619102,2018-10-11T08:15:00,/mnt/L2_plus/events_search/NEXRAD_20181011_Hanford-Ca-Satellite-De-Orbit/WRF/wrfout_d04_2018-10-10_18:00:00,2018-10-11_08:00:00,2018-10-11_08:45:00,34.598209381103516,37.67593765258789,-121.77627563476562,-117.91171264648438,2018-10-10_18:00:00,/mnt/L2_plus/winds_data_products/2018/NEXRAD_20181011_Hanford-Ca-Satellite-De-Orbit/wrfout_d04_2018-10-10_180000.nc4,4,60,15.0,1.0,19998571,https://zenodo.org/records/19998571/files/WRF_models_NEXRAD_20181011_Hanford-Ca-Satellite-De-Orbit.zip,uploaded,2026-05-26T07:16:49
NEXRAD_20181011_Hanford-Ca-Satellite-De-Orbit,36.324251,-119.619102,2018-10-11T08:15:00,/mnt/L2_plus/events_search/NEXRAD_20181011_Hanford-Ca-Satellite-De-Orbit/WRF/wrfout_d04_2018-10-11_00:00:00,2018-10-11_08:00:00,2018-10-11_08:45:00,34.598209381103516,37.67593765258789,-121.77627563476562,-117.91171264648438,2018-10-11_00:00:00,/mnt/L2_plus/winds_data_products/2018/NEXRAD_20181011_Hanford-Ca-Satellite-De-Orbit/wrfout_d04_2018-10-11_000000.nc4,4,36,15.0,1.0,19998571,https://zenodo.org/records/19998571/files/WRF_models_NEXRAD_20181011_Hanford-Ca-Satellite-De-Orbit.zip,uploaded,2026-05-26T07:18:00
NEXRAD_20181011_Hanford-Ca-Satellite-De-Orbit,36.324251,-119.619102,2018-10-11T08:15:00,/mnt/L2_plus/events_search/NEXRAD_20181011_Hanford-Ca-Satellite-De-Orbit/WRF/wrfout_d04_2018-10-11_06:00:00,2018-10-11_08:00:00,2018-10-11_08:45:00,34.598209381103516,37.67593765258789,-121.77627563476562,-117.91171264648438,2018-10-11_06:00:00,/mnt/L2_plus/winds_data_products/2018/NEXRAD_20181011_Hanford-Ca-Satellite-De-Orbit/wrfout_d04_2018-10-11_060000.nc4,4,12,15.0,1.0,19998571,https://zenodo.org/records/19998571/files/WRF_models_NEXRAD_20181011_Hanford-Ca-Satellite-De-Orbit.zip,uploaded,2026-05-26T07:19:09
DN151127_01,-29.265365808606468,137.47792883969495,2015-11-27T10:43:45,/mnt/L2_plus/events_trello/DN151127_01/WRF/wrfout_d03_2015-11-26_18:00:00,2015-11-27_10:30:00,2015-11-27_11:15:00,-30.911880493164062,-28.01279067993164,135.54727172851562,138.92501831054688,2015-11-26_18:00:00,/mnt/L2_plus/winds_data_products/2015/DN151127_01/wrfout_d03_2015-11-26_180000.nc4,4,73,15.0,3.0,20066408,https://zenodo.org/records/20066408/files/WRF_models_DN151127_01.zip,uploaded,2026-05-26T14:51:02
DN151127_01,-29.265365808606468,137.47792883969495,2015-11-27T10:43:45,/mnt/L2_plus/events_trello/DN151127_01/WRF/wrfout_d03_2015-11-27_00:00:00,2015-11-27_10:30:00,2015-11-27_11:15:00,-30.911880493164062,-28.01279067993164,135.54727172851562,138.92501831054688,2015-11-27_00:00:00,/mnt/L2_plus/winds_data_products/2015/DN151127_01/wrfout_d03_2015-11-27_000000.nc4,4,49,15.0,3.0,20066408,https://zenodo.org/records/20066408/files/WRF_models_DN151127_01.zip,uploaded,2026-05-26T14:51:58
DN151127_01,-29.265365808606468,137.47792883969495,2015-11-27T10:43:45,/mnt/L2_plus/events_trello/DN151127_01/WRF/wrfout_d03_2015-11-27_06:00:00,2015-11-27_10:30:00,2015-11-27_11:15:00,-30.911880493164062,-28.01279067993164,135.54727172851562,138.92501831054688,2015-11-27_06:00:00,/mnt/L2_plus/winds_data_products/2015/DN151127_01/wrfout_d03_2015-11-27_060000.nc4,4,25,15.0,3.0,20066408,https://zenodo.org/records/20066408/files/WRF_models_DN151127_01.zip,uploaded,2026-05-26T14:52:46
DN151127_01,-29.265365808606468,137.47792883969495,2015-11-27T10:43:45,/mnt/L2_plus/events_trello/DN151127_01/WRF/wrfout_d04_2015-11-26_06:00:00,2015-11-27_10:30:00,2015-11-27_11:15:00,-30.704303741455078,-28.275808334350586,135.79425048828125,138.61642456054688,2015-11-26_06:00:00,/mnt/L2_plus/winds_data_products/2015/DN151127_01/wrfout_d04_2015-11-26_060000.nc4,4,121,15.0,1.0,20066408,https://zenodo.org/records/20066408/files/WRF_models_DN151127_01.zip,uploaded,2026-05-26T14:58:06
DN151127_01,-29.265365808606468,137.47792883969495,2015-11-27T10:43:45,/mnt/L2_plus/events_trello/DN151127_01/WRF/wrfout_d04_2015-11-26_12:00:00,2015-11-27_10:30:00,2015-11-27_11:15:00,-30.704303741455078,-28.275808334350586,135.79425048828125,138.61642456054688,2015-11-26_12:00:00,/mnt/L2_plus/winds_data_products/2015/DN151127_01/wrfout_d04_2015-11-26_120000.nc4,4,97,15.0,1.0,20066408,https://zenodo.org/records/20066408/files/WRF_models_DN151127_01.zip,uploaded,2026-05-26T15:03:38
DN151127_01,-29.265365808606468,137.47792883969495,2015-11-27T10:43:45,/mnt/L2_plus/events_trello/DN151127_01/WRF/wrfout_d04_2015-11-26_18:00:00,2015-11-27_10:30:00,2015-11-27_11:15:00,-30.704303741455078,-28.275808334350586,135.79425048828125,138.61642456054688,2015-11-26_18:00:00,/mnt/L2_plus/winds_data_products/2015/DN151127_01/wrfout_d04_2015-11-26_180000.nc4,4,73,15.0,1.0,20066408,https://zenodo.org/records/20066408/files/WRF_models_DN151127_01.zip,uploaded,2026-05-26T15:08:40
DN151127_01,-29.265365808606468,137.47792883969495,2015-11-27T10:43:45,/mnt/L2_plus/events_trello/DN151127_01/WRF/wrfout_d04_2015-11-27_00:00:00,2015-11-27_10:30:00,2015-11-27_11:15:00,-30.704303741455078,-28.275808334350586,135.79425048828125,138.61642456054688,2015-11-27_00:00:00,/mnt/L2_plus/winds_data_products/2015/DN151127_01/wrfout_d04_2015-11-27_000000.nc4,4,49,15.0,1.0,20066408,https://zenodo.org/records/20066408/files/WRF_models_DN151127_01.zip,uploaded,2026-05-26T15:16:32
DN151127_01,-29.265365808606468,137.47792883969495,2015-11-27T10:43:45,/mnt/L2_plus/events_trello/DN151127_01/WRF/wrfout_d04_2015-11-27_06:00:00,2015-11-27_10:30:00,2015-11-27_11:15:00,-30.704303741455078,-28.275808334350586,135.79425048828125,138.61642456054688,2015-11-27_06:00:00,/mnt/L2_plus/winds_data_products/2015/DN151127_01/wrfout_d04_2015-11-27_060000.nc4,4,25,15.0,1.0,20066408,https://zenodo.org/records/20066408/files/WRF_models_DN151127_01.zip,uploaded,2026-05-26T15:25:38
DN210228_02,51.936938739491694,-2.1525844861169867,2021-02-28T21:54:17,/mnt/L2_plus/events_trello/DN210228_02/WRF/wrfout_d04_2021-02-28_00:00:00,2021-02-28_21:45:00,2021-02-28_22:15:00,50.19783020019531,53.28873062133789,-5.008056640625,0.1077880859375,2021-02-28_00:00:00,/mnt/L2_plus/winds_data_products/2021/DN210228_02/wrfout_d04_2021-02-28_000000.nc4,3,90,15.0,1.0,19965310,https://zenodo.org/records/19965310/files/WRF_models_DN210228_02.zip,uploaded,2026-05-28T02:44:06
DN210228_02,51.936938739491694,-2.1525844861169867,2021-02-28T21:54:17,/mnt/L2_plus/events_trello/DN210228_02/WRF/wrfout_d04_2021-02-28_06:00:00,2021-02-28_21:45:00,2021-02-28_22:15:00,50.19783020019531,53.28873062133789,-5.008056640625,0.1077880859375,2021-02-28_06:00:00,/mnt/L2_plus/winds_data_products/2021/DN210228_02/wrfout_d04_2021-02-28_060000.nc4,3,66,15.0,1.0,19965310,https://zenodo.org/records/19965310/files/WRF_models_DN210228_02.zip,uploaded,2026-05-28T02:44:58
DN210228_02,51.936938739491694,-2.1525844861169867,2021-02-28T21:54:17,/mnt/L2_plus/events_trello/DN210228_02/WRF/wrfout_d04_2021-02-28_12:00:00,2021-02-28_21:45:00,2021-02-28_22:15:00,50.19783020019531,53.28873062133789,-5.008056640625,0.1077880859375,2021-02-28_12:00:00,/mnt/L2_plus/winds_data_products/2021/DN210228_02/wrfout_d04_2021-02-28_120000.nc4,3,42,15.0,1.0,19965310,https://zenodo.org/records/19965310/files/WRF_models_DN210228_02.zip,uploaded,2026-05-28T02:45:50
DN210228_02,51.936938739491694,-2.1525844861169867,2021-02-28T21:54:17,/mnt/L2_plus/events_trello/DN210228_02/WRF/wrfout_d04_2021-02-28_18:00:00,2021-02-28_21:45:00,2021-02-28_22:15:00,50.19783020019531,53.28873062133789,-5.008056640625,0.1077880859375,2021-02-28_18:00:00,/mnt/L2_plus/winds_data_products/2021/DN210228_02/wrfout_d04_2021-02-28_180000.nc4,3,18,15.0,1.0,19965310,https://zenodo.org/records/19965310/files/WRF_models_DN210228_02.zip,uploaded,2026-05-28T02:46:44
DN170630_01,-33.13753276723349,134.19907581129067,2017-06-30T14:26:41,/mnt/L2_plus/events_trello/DN170630_01/WRF/wrfout_d04_2017-06-29_18:00:00,2017-06-30_14:15:00,2017-06-30_15:00:00,-34.8453254699707,-31.769512176513672,132.1190185546875,135.845458984375,2017-06-29_18:00:00,/mnt/L2_plus/winds_data_products/2017/DN170630_01/wrfout_d04_2017-06-29_180000.nc4,4,85,15.0,1.0,20083377,https://zenodo.org/records/20083377/files/WRF_models_DN170630_01.zip,uploaded,2026-05-29T02:34:34
DN170630_01,-33.13753276723349,134.19907581129067,2017-06-30T14:26:41,/mnt/L2_plus/events_trello/DN170630_01/WRF/wrfout_d04_2017-06-30_00:00:00,2017-06-30_14:15:00,2017-06-30_15:00:00,-34.8453254699707,-31.769512176513672,132.1190185546875,135.845458984375,2017-06-30_00:00:00,/mnt/L2_plus/winds_data_products/2017/DN170630_01/wrfout_d04_2017-06-30_000000.nc4,4,61,15.0,1.0,20083377,https://zenodo.org/records/20083377/files/WRF_models_DN170630_01.zip,uploaded,2026-05-29T02:35:37
DN170630_01,-33.13753276723349,134.19907581129067,2017-06-30T14:26:41,/mnt/L2_plus/events_trello/DN170630_01/WRF/wrfout_d04_2017-06-30_06:00:00,2017-06-30_14:15:00,2017-06-30_15:00:00,-34.8453254699707,-31.769512176513672,132.1190185546875,135.845458984375,2017-06-30_06:00:00,/mnt/L2_plus/winds_data_products/2017/DN170630_01/wrfout_d04_2017-06-30_060000.nc4,4,37,15.0,1.0,20083377,https://zenodo.org/records/20083377/files/WRF_models_DN170630_01.zip,uploaded,2026-05-29T02:36:46
DN170630_01,-33.13753276723349,134.19907581129067,2017-06-30T14:26:41,/mnt/L2_plus/events_trello/DN170630_01/WRF/wrfout_d04_2017-06-30_12:00:00,2017-06-30_14:15:00,2017-06-30_15:00:00,-34.8453254699707,-31.769512176513672,132.1190185546875,135.845458984375,2017-06-30_12:00:00,/mnt/L2_plus/winds_data_products/2017/DN170630_01/wrfout_d04_2017-06-30_120000.nc4,4,13,15.0,1.0,20083377,https://zenodo.org/records/20083377/files/WRF_models_DN170630_01.zip,uploaded,2026-05-29T02:37:54
2016-03-06_Stubenberg,47.885,13.1,2016-03-06T21:36:51,/mnt/L2_plus/events_search/2016-03-06_Stubenberg/WRF/wrfout_d04_2016-03-06_06:00:00,2016-03-06_21:30:00,2016-03-06_22:00:00,46.150001525878906,49.236778259277344,10.485443115234375,15.1695556640625,2016-03-06_06:00:00,/mnt/L2_plus/winds_data_products/2016/2016-03-06_Stubenberg/wrfout_d04_2016-03-06_060000.nc4,3,65,15.0,1.0,19993887,https://zenodo.org/records/19993887/files/WRF_models_2016-03-06_Stubenberg.zip,uploaded,2026-05-29T03:36:03
2016-03-06_Stubenberg,47.885,13.1,2016-03-06T21:36:51,/mnt/L2_plus/events_search/2016-03-06_Stubenberg/WRF/wrfout_d04_2016-03-06_12:00:00,2016-03-06_21:30:00,2016-03-06_22:00:00,46.150001525878906,49.236778259277344,10.485443115234375,15.1695556640625,2016-03-06_12:00:00,/mnt/L2_plus/winds_data_products/2016/2016-03-06_Stubenberg/wrfout_d04_2016-03-06_120000.nc4,3,41,15.0,1.0,19993887,https://zenodo.org/records/19993887/files/WRF_models_2016-03-06_Stubenberg.zip,uploaded,2026-05-29T03:37:05
2016-03-06_Stubenberg,47.885,13.1,2016-03-06T21:36:51,/mnt/L2_plus/events_search/2016-03-06_Stubenberg/WRF/wrfout_d04_2016-03-06_18:00:00,2016-03-06_21:30:00,2016-03-06_22:00:00,46.150001525878906,49.236778259277344,10.485443115234375,15.1695556640625,2016-03-06_18:00:00,/mnt/L2_plus/winds_data_products/2016/2016-03-06_Stubenberg/wrfout_d04_2016-03-06_180000.nc4,3,17,15.0,1.0,19993887,https://zenodo.org/records/19993887/files/WRF_models_2016-03-06_Stubenberg.zip,uploaded,2026-05-29T03:38:07
NEXRAD_20151024_Creston-California,35.572766,-120.473317,2015-10-24T05:47:00,/mnt/L2_plus/events_search/NEXRAD_20151024_Creston-California/WRF/wrfout_d04_2015-10-23_06:00:00,2015-10-24_05:45:00,2015-10-24_06:15:00,33.84723663330078,36.924476623535156,-122.60910034179688,-118.78288269042969,2015-10-23_06:00:00,/mnt/L2_plus/winds_data_products/2015/NEXRAD_20151024_Creston-California/wrfout_d04_2015-10-23_060000.nc4,3,98,15.0,1.0,20066408,https://zenodo.org/records/20066408/files/WRF_models_NEXRAD_20151024_Creston-California.zip,uploaded,2026-05-29T03:48:30
NEXRAD_20151024_Creston-California,35.572766,-120.473317,2015-10-24T05:47:00,/mnt/L2_plus/events_search/NEXRAD_20151024_Creston-California/WRF/wrfout_d04_2015-10-23_12:00:00,2015-10-24_05:45:00,2015-10-24_06:15:00,33.84723663330078,36.924476623535156,-122.60910034179688,-118.78288269042969,2015-10-23_12:00:00,/mnt/L2_plus/winds_data_products/2015/NEXRAD_20151024_Creston-California/wrfout_d04_2015-10-23_120000.nc4,3,74,15.0,1.0,20066408,https://zenodo.org/records/20066408/files/WRF_models_NEXRAD_20151024_Creston-California.zip,uploaded,2026-05-29T03:49:28
NEXRAD_20151024_Creston-California,35.572766,-120.473317,2015-10-24T05:47:00,/mnt/L2_plus/events_search/NEXRAD_20151024_Creston-California/WRF/wrfout_d04_2015-10-23_18:00:00,2015-10-24_05:45:00,2015-10-24_06:15:00,33.84723663330078,36.924476623535156,-122.60910034179688,-118.78288269042969,2015-10-23_18:00:00,/mnt/L2_plus/winds_data_products/2015/NEXRAD_20151024_Creston-California/wrfout_d04_2015-10-23_180000.nc4,3,50,15.0,1.0,20066408,https://zenodo.org/records/20066408/files/WRF_models_NEXRAD_20151024_Creston-California.zip,uploaded,2026-05-29T03:50:25
NEXRAD_20151024_Creston-California,35.572766,-120.473317,2015-10-24T05:47:00,/mnt/L2_plus/events_search/NEXRAD_20151024_Creston-California/WRF/wrfout_d04_2015-10-24_00:00:00,2015-10-24_05:45:00,2015-10-24_06:15:00,33.84723663330078,36.924476623535156,-122.60910034179688,-118.78288269042969,2015-10-24_00:00:00,/mnt/L2_plus/winds_data_products/2015/NEXRAD_20151024_Creston-California/wrfout_d04_2015-10-24_000000.nc4,3,26,15.0,1.0,20066408,https://zenodo.org/records/20066408/files/WRF_models_NEXRAD_20151024_Creston-California.zip,uploaded,2026-05-29T03:51:20
DN210401_01,-31.350781714375493,126.40653113204999,2021-04-01T15:56:32,/mnt/L2_plus/events_trello/DN210401_01/WRF/wrfout_d04_2021-03-31_18:00:00,2021-04-01_15:45:00,2021-04-01_16:30:00,-33.05858612060547,-29.983835220336914,124.36956787109375,128.01873779296875,2021-03-31_18:00:00,/mnt/L2_plus/winds_data_products/2021/DN210401_01/wrfout_d04_2021-03-31_180000.nc4,4,91,15.0,1.0,19965310,https://zenodo.org/records/19965310/files/WRF_models_DN210401_01.zip,uploaded,2026-05-29T04:01:17
DN210401_01,-31.350781714375493,126.40653113204999,2021-04-01T15:56:32,/mnt/L2_plus/events_trello/DN210401_01/WRF/wrfout_d04_2021-04-01_00:00:00,2021-04-01_15:45:00,2021-04-01_16:30:00,-33.05858612060547,-29.983835220336914,124.36956787109375,128.01873779296875,2021-04-01_00:00:00,/mnt/L2_plus/winds_data_products/2021/DN210401_01/wrfout_d04_2021-04-01_000000.nc4,4,67,15.0,1.0,19965310,https://zenodo.org/records/19965310/files/WRF_models_DN210401_01.zip,uploaded,2026-05-29T04:02:22
DN210401_01,-31.350781714375493,126.40653113204999,2021-04-01T15:56:32,/mnt/L2_plus/events_trello/DN210401_01/WRF/wrfout_d04_2021-04-01_06:00:00,2021-04-01_15:45:00,2021-04-01_16:30:00,-33.05858612060547,-29.983835220336914,124.36956787109375,128.01873779296875,2021-04-01_06:00:00,/mnt/L2_plus/winds_data_products/2021/DN210401_01/wrfout_d04_2021-04-01_060000.nc4,4,43,15.0,1.0,19965310,https://zenodo.org/records/19965310/files/WRF_models_DN210401_01.zip,uploaded,2026-05-29T04:03:30
DN210401_01,-31.350781714375493,126.40653113204999,2021-04-01T15:56:32,/mnt/L2_plus/events_trello/DN210401_01/WRF/wrfout_d04_2021-04-01_12:00:00,2021-04-01_15:45:00,2021-04-01_16:30:00,-33.05858612060547,-29.983835220336914,124.36956787109375,128.01873779296875,2021-04-01_12:00:00,/mnt/L2_plus/winds_data_products/2021/DN210401_01/wrfout_d04_2021-04-01_120000.nc4,4,19,15.0,1.0,19965310,https://zenodo.org/records/19965310/files/WRF_models_DN210401_01.zip,uploaded,2026-05-29T04:04:37
2009-04-09_Jesenice,46.44,14.062,2009-04-09T00:59:41,/mnt/L2_plus/events_search/2009-04-09_Jesenice/WRF/wrfout_d04_2009-04-08_06:00:00,2009-04-09_00:45:00,2009-04-09_01:30:00,44.70629119873047,47.791744232177734,11.52093505859375,16.0733642578125,2009-04-08_06:00:00,/mnt/L2_plus/winds_data_products/2009/2009-04-09_Jesenice/wrfout_d04_2009-04-08_060000.nc4,4,79,15.0,1.0,20370904,https://zenodo.org/records/20370904/files/WRF_models_2009-04-09_Jesenice.zip,uploaded,2026-05-29T06:24:16
2009-04-09_Jesenice,46.44,14.062,2009-04-09T00:59:41,/mnt/L2_plus/events_search/2009-04-09_Jesenice/WRF/wrfout_d04_2009-04-08_12:00:00,2009-04-09_00:45:00,2009-04-09_01:30:00,44.70629119873047,47.791744232177734,11.52093505859375,16.0733642578125,2009-04-08_12:00:00,/mnt/L2_plus/winds_data_products/2009/2009-04-09_Jesenice/wrfout_d04_2009-04-08_120000.nc4,4,55,15.0,1.0,20370904,https://zenodo.org/records/20370904/files/WRF_models_2009-04-09_Jesenice.zip,uploaded,2026-05-29T06:25:29
2009-04-09_Jesenice,46.44,14.062,2009-04-09T00:59:41,/mnt/L2_plus/events_search/2009-04-09_Jesenice/WRF/wrfout_d04_2009-04-08_18:00:00,2009-04-09_00:45:00,2009-04-09_01:30:00,44.70629119873047,47.791744232177734,11.52093505859375,16.0733642578125,2009-04-08_18:00:00,/mnt/L2_plus/winds_data_products/2009/2009-04-09_Jesenice/wrfout_d04_2009-04-08_180000.nc4,4,31,15.0,1.0,20370904,https://zenodo.org/records/20370904/files/WRF_models_2009-04-09_Jesenice.zip,uploaded,2026-05-29T06:26:42
2009-04-09_Jesenice,46.44,14.062,2009-04-09T00:59:41,/mnt/L2_plus/events_search/2009-04-09_Jesenice/WRF/wrfout_d04_2009-04-09_00:00:00,2009-04-09_00:45:00,2009-04-09_01:30:00,44.70629119873047,47.791744232177734,11.52093505859375,16.0733642578125,2009-04-09_00:00:00,/mnt/L2_plus/winds_data_products/2009/2009-04-09_Jesenice/wrfout_d04_2009-04-09_000000.nc4,4,7,15.0,1.0,20370904,https://zenodo.org/records/20370904/files/WRF_models_2009-04-09_Jesenice.zip,uploaded,2026-05-29T06:27:52
2014-04-19_Annama,69.27,27.51,2014-04-18T22:14:09,/mnt/L2_plus/events_search/2014-04-19_Annama/WRF/wrfout_d04_2014-04-18_00:00:00,2014-04-18_22:00:00,2014-04-18_22:45:00,67.49958038330078,70.62226104736328,22.372650146484375,31.57952880859375,2014-04-18_00:00:00,/mnt/L2_plus/winds_data_products/2014/2014-04-19_Annama/wrfout_d04_2014-04-18_000000.nc4,4,92,15.0,1.0,20076770,https://zenodo.org/records/20076770/files/WRF_models_2014-04-19_Annama.zip,uploaded,2026-05-29T07:13:40
2014-04-19_Annama,69.27,27.51,2014-04-18T22:14:09,/mnt/L2_plus/events_search/2014-04-19_Annama/WRF/wrfout_d04_2014-04-18_06:00:00,2014-04-18_22:00:00,2014-04-18_22:45:00,67.49958038330078,70.62226104736328,22.372650146484375,31.57952880859375,2014-04-18_06:00:00,/mnt/L2_plus/winds_data_products/2014/2014-04-19_Annama/wrfout_d04_2014-04-18_060000.nc4,4,68,15.0,1.0,20076770,https://zenodo.org/records/20076770/files/WRF_models_2014-04-19_Annama.zip,uploaded,2026-05-29T07:14:53
2014-04-19_Annama,69.27,27.51,2014-04-18T22:14:09,/mnt/L2_plus/events_search/2014-04-19_Annama/WRF/wrfout_d04_2014-04-18_12:00:00,2014-04-18_22:00:00,2014-04-18_22:45:00,67.49958038330078,70.62226104736328,22.372650146484375,31.57952880859375,2014-04-18_12:00:00,/mnt/L2_plus/winds_data_products/2014/2014-04-19_Annama/wrfout_d04_2014-04-18_120000.nc4,4,44,15.0,1.0,20076770,https://zenodo.org/records/20076770/files/WRF_models_2014-04-19_Annama.zip,uploaded,2026-05-29T07:16:05
2014-04-19_Annama,69.27,27.51,2014-04-18T22:14:09,/mnt/L2_plus/events_search/2014-04-19_Annama/WRF/wrfout_d04_2014-04-18_18:00:00,2014-04-18_22:00:00,2014-04-18_22:45:00,67.49958038330078,70.62226104736328,22.372650146484375,31.57952880859375,2014-04-18_18:00:00,/mnt/L2_plus/winds_data_products/2014/2014-04-19_Annama/wrfout_d04_2014-04-18_180000.nc4,4,20,15.0,1.0,20076770,https://zenodo.org/records/20076770/files/WRF_models_2014-04-19_Annama.zip,uploaded,2026-05-29T07:17:16
2018-07-10_Renchen,48.58,8.02,2018-07-10T21:29:48,/mnt/L2_plus/events_search/2018-07-10_Renchen/WRF/wrfout_d04_2018-07-10_00:00:00,2018-07-10_21:15:00,2018-07-10_22:00:00,46.84434509277344,49.93178176879883,5.36798095703125,10.1192626953125,2018-07-10_00:00:00,/mnt/L2_plus/winds_data_products/2018/2018-07-10_Renchen/wrfout_d04_2018-07-10_000000.nc4,4,89,15.0,1.0,20066733,https://zenodo.org/records/20066733/files/WRF_models_2018-07-10_Renchen.zip,uploaded,2026-05-29T07:30:38
2018-07-10_Renchen,48.58,8.02,2018-07-10T21:29:48,/mnt/L2_plus/events_search/2018-07-10_Renchen/WRF/wrfout_d04_2018-07-10_06:00:00,2018-07-10_21:15:00,2018-07-10_22:00:00,46.84434509277344,49.93178176879883,5.36798095703125,10.1192626953125,2018-07-10_06:00:00,/mnt/L2_plus/winds_data_products/2018/2018-07-10_Renchen/wrfout_d04_2018-07-10_060000.nc4,4,65,15.0,1.0,20066733,https://zenodo.org/records/20066733/files/WRF_models_2018-07-10_Renchen.zip,uploaded,2026-05-29T07:31:52
2018-07-10_Renchen,48.58,8.02,2018-07-10T21:29:48,/mnt/L2_plus/events_search/2018-07-10_Renchen/WRF/wrfout_d04_2018-07-10_12:00:00,2018-07-10_21:15:00,2018-07-10_22:00:00,46.84434509277344,49.93178176879883,5.36798095703125,10.1192626953125,2018-07-10_12:00:00,/mnt/L2_plus/winds_data_products/2018/2018-07-10_Renchen/wrfout_d04_2018-07-10_120000.nc4,4,41,15.0,1.0,20066733,https://zenodo.org/records/20066733/files/WRF_models_2018-07-10_Renchen.zip,uploaded,2026-05-29T07:33:04
2018-07-10_Renchen,48.58,8.02,2018-07-10T21:29:48,/mnt/L2_plus/events_search/2018-07-10_Renchen/WRF/wrfout_d04_2018-07-10_18:00:00,2018-07-10_21:15:00,2018-07-10_22:00:00,46.84434509277344,49.93178176879883,5.36798095703125,10.1192626953125,2018-07-10_18:00:00,/mnt/L2_plus/winds_data_products/2018/2018-07-10_Renchen/wrfout_d04_2018-07-10_180000.nc4,4,17,15.0,1.0,20066733,https://zenodo.org/records/20066733/files/WRF_models_2018-07-10_Renchen.zip,uploaded,2026-05-29T07:34:20
2017-09-05_Crawford-Bay,49.68,-116.82,2017-09-05T05:11:17,/mnt/L2_plus/events_search/2017-09-05_Crawford-Bay/WRF/wrfout_d04_2017-09-04_06:00:00,2017-09-05_05:00:00,2017-09-05_05:45:00,47.94327163696289,51.031795501708984,-119.534423828125,-114.67134094238281,2017-09-04_06:00:00,/mnt/L2_plus/winds_data_products/2017/2017-09-05_Crawford-Bay/wrfout_d04_2017-09-04_060000.nc4,4,96,15.0,1.0,20083377,https://zenodo.org/records/20083377/files/WRF_models_2017-09-05_Crawford-Bay.zip,uploaded,2026-05-29T08:59:29
2017-09-05_Crawford-Bay,49.68,-116.82,2017-09-05T05:11:17,/mnt/L2_plus/events_search/2017-09-05_Crawford-Bay/WRF/wrfout_d04_2017-09-04_12:00:00,2017-09-05_05:00:00,2017-09-05_05:45:00,47.94327163696289,51.031795501708984,-119.534423828125,-114.67134094238281,2017-09-04_12:00:00,/mnt/L2_plus/winds_data_products/2017/2017-09-05_Crawford-Bay/wrfout_d04_2017-09-04_120000.nc4,4,72,15.0,1.0,20083377,https://zenodo.org/records/20083377/files/WRF_models_2017-09-05_Crawford-Bay.zip,uploaded,2026-05-29T09:01:13
2017-09-05_Crawford-Bay,49.68,-116.82,2017-09-05T05:11:17,/mnt/L2_plus/events_search/2017-09-05_Crawford-Bay/WRF/wrfout_d04_2017-09-04_18:00:00,2017-09-05_05:00:00,2017-09-05_05:45:00,47.94327163696289,51.031795501708984,-119.534423828125,-114.67134094238281,2017-09-04_18:00:00,/mnt/L2_plus/winds_data_products/2017/2017-09-05_Crawford-Bay/wrfout_d04_2017-09-04_180000.nc4,4,48,15.0,1.0,20083377,https://zenodo.org/records/20083377/files/WRF_models_2017-09-05_Crawford-Bay.zip,uploaded,2026-05-29T09:02:58
2017-09-05_Crawford-Bay,49.68,-116.82,2017-09-05T05:11:17,/mnt/L2_plus/events_search/2017-09-05_Crawford-Bay/WRF/wrfout_d04_2017-09-05_00:00:00,2017-09-05_05:00:00,2017-09-05_05:45:00,47.94327163696289,51.031795501708984,-119.534423828125,-114.67134094238281,2017-09-05_00:00:00,/mnt/L2_plus/winds_data_products/2017/2017-09-05_Crawford-Bay/wrfout_d04_2017-09-05_000000.nc4,4,24,15.0,1.0,20083377,https://zenodo.org/records/20083377/files/WRF_models_2017-09-05_Crawford-Bay.zip,uploaded,2026-05-29T09:04:49
NEXRAD_20260530_Cape-Cod-Bay-MA,41.87754,-70.35239,2026-05-30T18:06:00,/mnt/L2_plus/events_search/NEXRAD_20260530_Cape-Cod-Bay-MA/WRF/wrfout_d04_2026-05-30_00:00:00,2026-05-30_18:00:00,2026-05-30_18:30:00,40.147586822509766,43.22927474975586,-72.695556640625,-68.4976806640625,2026-05-30_00:00:00,/mnt/L2_plus/winds_data_products/2026/NEXRAD_20260530_Cape-Cod-Bay-MA/wrfout_d04_2026-05-30_000000.nc4,3,75,15.0,1.0,20620667,https://zenodo.org/records/20620667/files/WRF_models_NEXRAD_20260530_Cape-Cod-Bay-MA.zip,uploaded,2026-06-10T04:29:39
NEXRAD_20260530_Cape-Cod-Bay-MA,41.87754,-70.35239,2026-05-30T18:06:00,/mnt/L2_plus/events_search/NEXRAD_20260530_Cape-Cod-Bay-MA/WRF/wrfout_d04_2026-05-30_06:00:00,2026-05-30_18:00:00,2026-05-30_18:30:00,40.147586822509766,43.22927474975586,-72.695556640625,-68.4976806640625,2026-05-30_06:00:00,/mnt/L2_plus/winds_data_products/2026/NEXRAD_20260530_Cape-Cod-Bay-MA/wrfout_d04_2026-05-30_060000.nc4,3,51,15.0,1.0,20620667,https://zenodo.org/records/20620667/files/WRF_models_NEXRAD_20260530_Cape-Cod-Bay-MA.zip,uploaded,2026-06-10T04:30:32
NEXRAD_20260530_Cape-Cod-Bay-MA,41.87754,-70.35239,2026-05-30T18:06:00,/mnt/L2_plus/events_search/NEXRAD_20260530_Cape-Cod-Bay-MA/WRF/wrfout_d04_2026-05-30_12:00:00,2026-05-30_18:00:00,2026-05-30_18:30:00,40.147586822509766,43.22927474975586,-72.695556640625,-68.4976806640625,2026-05-30_12:00:00,/mnt/L2_plus/winds_data_products/2026/NEXRAD_20260530_Cape-Cod-Bay-MA/wrfout_d04_2026-05-30_120000.nc4,3,27,15.0,1.0,20620667,https://zenodo.org/records/20620667/files/WRF_models_NEXRAD_20260530_Cape-Cod-Bay-MA.zip,uploaded,2026-06-10T04:31:27
NEXRAD_20260530_Cape-Cod-Bay-MA,41.87754,-70.35239,2026-05-30T18:06:00,/mnt/L2_plus/events_search/NEXRAD_20260530_Cape-Cod-Bay-MA/WRF/wrfout_d04_2026-05-30_18:00:00,2026-05-30_18:00:00,2026-05-30_18:30:00,40.147586822509766,43.22927474975586,-72.695556640625,-68.4976806640625,2026-05-30_18:00:00,/mnt/L2_plus/winds_data_products/2026/NEXRAD_20260530_Cape-Cod-Bay-MA/wrfout_d04_2026-05-30_180000.nc4,3,3,15.0,1.0,20620667,https://zenodo.org/records/20620667/files/WRF_models_NEXRAD_20260530_Cape-Cod-Bay-MA.zip,uploaded,2026-06-10T04:32:15
RU_2026-06-07_Stavropol,45.34,42.24,2026-06-07T22:49:20,/mnt/L2_plus/events_search/RU_2026-06-07_Stavropol/WRF/wrfout_d04_2026-06-07_00:00:00,2026-06-07_22:45:00,2026-06-07_23:15:00,43.60725402832031,46.691749572753906,39.7510986328125,44.21002197265625,2026-06-07_00:00:00,/mnt/L2_plus/winds_data_products/2026/RU_2026-06-07_Stavropol/wrfout_d04_2026-06-07_000000.nc4,3,94,15.0,1.0,20695890,https://zenodo.org/records/20695890/files/WRF_models_RU_2026-06-07_Stavropol.zip,uploaded,2026-06-15T04:29:37
RU_2026-06-07_Stavropol,45.34,42.24,2026-06-07T22:49:20,/mnt/L2_plus/events_search/RU_2026-06-07_Stavropol/WRF/wrfout_d04_2026-06-07_06:00:00,2026-06-07_22:45:00,2026-06-07_23:15:00,43.60725402832031,46.691749572753906,39.7510986328125,44.21002197265625,2026-06-07_06:00:00,/mnt/L2_plus/winds_data_products/2026/RU_2026-06-07_Stavropol/wrfout_d04_2026-06-07_060000.nc4,3,70,15.0,1.0,20695890,https://zenodo.org/records/20695890/files/WRF_models_RU_2026-06-07_Stavropol.zip,uploaded,2026-06-15T04:30:49
RU_2026-06-07_Stavropol,45.34,42.24,2026-06-07T22:49:20,/mnt/L2_plus/events_search/RU_2026-06-07_Stavropol/WRF/wrfout_d04_2026-06-07_12:00:00,2026-06-07_22:45:00,2026-06-07_23:15:00,43.60725402832031,46.691749572753906,39.7510986328125,44.21002197265625,2026-06-07_12:00:00,/mnt/L2_plus/winds_data_products/2026/RU_2026-06-07_Stavropol/wrfout_d04_2026-06-07_120000.nc4,3,46,15.0,1.0,20695890,https://zenodo.org/records/20695890/files/WRF_models_RU_2026-06-07_Stavropol.zip,uploaded,2026-06-15T04:31:53
RU_2026-06-07_Stavropol,45.34,42.24,2026-06-07T22:49:20,/mnt/L2_plus/events_search/RU_2026-06-07_Stavropol/WRF/wrfout_d04_2026-06-07_18:00:00,2026-06-07_22:45:00,2026-06-07_23:15:00,43.60725402832031,46.691749572753906,39.7510986328125,44.21002197265625,2026-06-07_18:00:00,/mnt/L2_plus/winds_data_products/2026/RU_2026-06-07_Stavropol/wrfout_d04_2026-06-07_180000.nc4,3,22,15.0,1.0,20695890,https://zenodo.org/records/20695890/files/WRF_models_RU_2026-06-07_Stavropol.zip,uploaded,2026-06-15T04:33:05
